================ Pipeline Configuration ================
Project directory                     : /N/project/mutation_rate_Mmulatta/OnlyOneParent
Child sample                          : NA12879
Parent sample                         : NA12877
CPUs                                  : 8
Walltime                              : 6:00:00
Min read depth                        : 15
Max read depth                        : 50
Genotype quality cutoff               : 30
Quantile of nbr variants per blocks   : 0.5
Mismatch diff threshold               : 0.1
Min base quality (LR)                 : 20
Min mapping quality (LR)              : 20
Window size (bp)                      : 20000
Window size (kb)                      : 20
Alt read count (LR)                   : 8
Verbose LR validation                 : T
Data source                           : /N/project/mutation_rate_Mmulatta/platinum-ped-data/OOPS-Only-One-Parent-Sequencing/data/source.txt
Bam file of the child                 : /N/project/mutation_rate_Mmulatta/OnlyOneParent/hifi/NA12879.CHM13.haplotagged.bam
Vcf file                              : /N/project/mutation_rate_Mmulatta/OnlyOneParent/illumina-dragen/CEPH1463.CHM13.illumina-dragen.oa.vcf.gz
Reference file                        : /N/project/mutation_rate_Mmulatta/OnlyOneParent/reference/chm13v2.0_maskedY_rCRS.fa
END SUMMARY
=========================================================

========== PART 2B: Merge + first DNM detection ==========
merging samples
done
Current working directory  /N/project/mutation_rate_Mmulatta/platinum-ped-data/OOPS-Only-One-Parent-Sequencing/src
Done fixing phase set file
See file (below) for extracted snps
/N/project/mutation_rate_Mmulatta/OnlyOneParent/NA12879_phasedvcf/HTblocks/NA12877_NA12879_ps.tsv
 Counting alleles per haplotype block
----------------------------------------
Input: /N/project/mutation_rate_Mmulatta/OnlyOneParent/NA12879_phasedvcf/HTblocks/NA12877_NA12879_ps.tsv
Output dir: /N/project/mutation_rate_Mmulatta/OnlyOneParent/NA12879_phasedvcf/mismatch_analysis
DP range: 15 - 50
Mother ID: NA12877
Child ID: NA12879
Genotype Quality threshold: 30
Number of Variants Quantile threshold: 0.5
Mismatch Difference Minimum: 0.1
----------------------------------------
n_variants quantiles:
0.00       1.00
0.20       2.00
0.25       3.00
0.50      20.00
0.60      82.00
0.70     181.00
0.75     253.00
0.80     336.00
0.85     454.00
0.90     619.00
0.95     920.40
0.99    1712.28
Name: n_variants, dtype: float64
Writing file *mismatch.tsv
Number of minimum snps considered within a block is 20.0
Writing file *dnmc.tsv
Writing file *dnmc.bed
See outputs in /N/project/mutation_rate_Mmulatta/OnlyOneParent/NA12879_phasedvcf/mismatch_analysis
Done
[DNM] Subsetting merged VCF using BED regions (biallelic SNPs only)
[DNM] Applying genotype / depth / allele-balance filters
[DNM] Creating filtered DNMC BED file
[DNM] Done
[DNM] Output VCF: /N/project/mutation_rate_Mmulatta/OnlyOneParent/NA12879_phasedvcf/mismatch_analysis/NA12877_NA12879_dnmc.vcf.gz
[DNM] Output TSV: /N/project/mutation_rate_Mmulatta/OnlyOneParent/NA12879_phasedvcf/mismatch_analysis/NA12877_NA12879_dnmc.tsv
[DNM] Output BED: /N/project/mutation_rate_Mmulatta/OnlyOneParent/NA12879_phasedvcf/mismatch_analysis/NA12877_NA12879_dnmc.bed
The candidates left are...
chr1:63953594 --> {'REF': {'allele': 'G', 'hp': 2, 'count': 24}, 'ALT': {'allele': 'A', 'hp': 1, 'count': 15}}

chr1:203820412 --> {'REF': {'allele': 'A', 'hp': 2, 'count': 25}, 'ALT': {'allele': 'G', 'hp': 1, 'count': 20}}

chr1:225416079 --> {'REF': {'allele': 'G', 'hp': 1, 'count': 13}, 'ALT': {'allele': 'C', 'hp': 2, 'count': 9}}

chr10:73238616 --> {'REF': {'allele': 'T', 'hp': 1, 'count': 14}, 'ALT': {'allele': 'C', 'hp': 2, 'count': 12}}

chr10:117437401 --> {'REF': {'allele': 'T', 'hp': 2, 'count': 18}, 'ALT': {'allele': 'C', 'hp': 1, 'count': 15}}

chr11:14203627 --> {'REF': {'allele': 'A', 'hp': 2, 'count': 24}, 'ALT': {'allele': 'T', 'hp': 1, 'count': 18}}

chr11:72048107 --> {'REF': {'allele': 'T', 'hp': 1, 'count': 20}, 'ALT': {'allele': 'A', 'hp': 2, 'count': 14}}

chr12:961758 --> {'REF': {'allele': 'A', 'hp': 2, 'count': 21}, 'ALT': {'allele': 'G', 'hp': 1, 'count': 15}}

chr12:76388341 --> {'REF': {'allele': 'G', 'hp': 2, 'count': 29}, 'ALT': {'allele': 'A', 'hp': 1, 'count': 25}}

chr12:87530846 --> {'REF': {'allele': 'G', 'hp': 2, 'count': 25}, 'ALT': {'allele': 'C', 'hp': 1, 'count': 24}}

chr12:93648955 --> {'REF': {'allele': 'T', 'hp': 1, 'count': 24}, 'ALT': {'allele': 'C', 'hp': 2, 'count': 14}}

chr12:102788273 --> {'REF': {'allele': 'T', 'hp': 2, 'count': 22}, 'ALT': {'allele': 'G', 'hp': 1, 'count': 19}}

chr12:110437774 --> {'REF': {'allele': 'G', 'hp': 2, 'count': 15}, 'ALT': {'allele': 'T', 'hp': 1, 'count': 10}}

chr13:71166079 --> {'REF': {'allele': 'G', 'hp': 2, 'count': 26}, 'ALT': {'allele': 'C', 'hp': 1, 'count': 24}}

chr14:33140663 --> {'REF': {'allele': 'A', 'hp': 1, 'count': 21}, 'ALT': {'allele': 'G', 'hp': 2, 'count': 12}}

chr15:52866754 --> {'REF': {'allele': 'A', 'hp': 1, 'count': 22}, 'ALT': {'allele': 'A', 'hp': 1, 'count': 22}}

chr17:13568674 --> {'REF': {'allele': 'G', 'hp': 1, 'count': 24}, 'ALT': {'allele': 'T', 'hp': 2, 'count': 17}}

chr18:48435653 --> {'REF': {'allele': 'T', 'hp': 2, 'count': 15}, 'ALT': {'allele': 'C', 'hp': 1, 'count': 13}}

chr2:17668533 --> {'REF': {'allele': 'A', 'hp': 2, 'count': 21}, 'ALT': {'allele': 'C', 'hp': 1, 'count': 16}}

chr2:53526577 --> {'REF': {'allele': 'A', 'hp': 2, 'count': 22}, 'ALT': {'allele': 'A', 'hp': 2, 'count': 22}}

chr2:60998047 --> {'REF': {'allele': 'G', 'hp': 2, 'count': 20}, 'ALT': {'allele': 'A', 'hp': 1, 'count': 14}}

chr2:181591922 --> {'REF': {'allele': 'A', 'hp': 2, 'count': 31}, 'ALT': {'allele': 'G', 'hp': 1, 'count': 18}}

chr20:7206650 --> {'REF': {'allele': 'T', 'hp': 2, 'count': 33}, 'ALT': {'allele': 'C', 'hp': 1, 'count': 23}}

chr21:28935184 --> {'REF': {'allele': 'A', 'hp': 2, 'count': 37}, 'ALT': {'allele': 'G', 'hp': 1, 'count': 20}}

chr3:21594124 --> {'REF': {'allele': 'C', 'hp': 2, 'count': 31}, 'ALT': {'allele': 'T', 'hp': 1, 'count': 20}}

chr3:127709751 --> {'REF': {'allele': 'T', 'hp': 2, 'count': 12}, 'ALT': {'allele': 'G', 'hp': 1, 'count': 10}}

chr3:141768128 --> {'REF': {'allele': 'T', 'hp': 1, 'count': 18}, 'ALT': {'allele': 'A', 'hp': 2, 'count': 17}}

chr4:23010812 --> {'REF': {'allele': 'C', 'hp': 1, 'count': 25}, 'ALT': {'allele': 'G', 'hp': 2, 'count': 23}}

chr4:68341389 --> {'REF': {'allele': 'A', 'hp': 2, 'count': 26}, 'ALT': {'allele': 'C', 'hp': 1, 'count': 25}}

chr4:124836895 --> {'REF': {'allele': 'G', 'hp': 2, 'count': 29}, 'ALT': {'allele': 'A', 'hp': 1, 'count': 23}}

chr4:185342589 --> {'REF': {'allele': 'A', 'hp': 1, 'count': 30}, 'ALT': {'allele': 'G', 'hp': 2, 'count': 20}}

chr5:39125304 --> {'REF': {'allele': 'C', 'hp': 2, 'count': 15}, 'ALT': {'allele': 'T', 'hp': 1, 'count': 14}}

chr5:65631197 --> {'REF': {'allele': 'G', 'hp': 2, 'count': 31}, 'ALT': {'allele': 'A', 'hp': 1, 'count': 20}}

chr6:44582428 --> {'REF': {'allele': 'G', 'hp': 2, 'count': 14}, 'ALT': {'allele': 'A', 'hp': 1, 'count': 12}}

chr6:99591044 --> {'REF': {'allele': 'C', 'hp': 1, 'count': 20}, 'ALT': {'allele': 'T', 'hp': 2, 'count': 17}}

chr7:9834437 --> {'REF': {'allele': 'T', 'hp': 2, 'count': 27}, 'ALT': {'allele': 'G', 'hp': 1, 'count': 20}}

chr7:35790421 --> {'REF': {'allele': 'A', 'hp': 2, 'count': 22}, 'ALT': {'allele': 'G', 'hp': 1, 'count': 16}}

chr8:119607080 --> {'REF': {'allele': 'G', 'hp': 1, 'count': 17}, 'ALT': {'allele': 'A', 'hp': 2, 'count': 14}}

chr8:121572904 --> {'REF': {'allele': 'T', 'hp': 2, 'count': 31}, 'ALT': {'allele': 'A', 'hp': 1, 'count': 15}}

chr9:106224170 --> {'REF': {'allele': 'A', 'hp': 1, 'count': 23}, 'ALT': {'allele': 'G', 'hp': 2, 'count': 20}}

chr9:127549066 --> {'REF': {'allele': 'C', 'hp': 1, 'count': 27}, 'ALT': {'allele': 'T', 'hp': 2, 'count': 22}}

Wrote 41 sites to NA12879_LR_validated_dnmc.bed
Wrote 41 sites to NA12879_dnm_plusminus20kb.bed
Pipeline finished.
================ Pipeline Configuration ================
Project directory                     : /N/project/mutation_rate_Mmulatta/OnlyOneParent
Child sample                          : NA12879
Parent sample                         : NA12877
CPUs                                  : 8
Walltime                              : 6:00:00
Min read depth                        : 15
Max read depth                        : 50
Genotype quality cutoff               : 30
Quantile of nbr variants per blocks   : 0.5
Mismatch diff threshold               : 0.1
Min base quality (LR)                 : 20
Min mapping quality (LR)              : 20
Window size (bp)                      : 20000
Window size (kb)                      : 20
Alt read count (LR)                   : 8
Verbose LR validation                 : T
Data source                           : /N/project/mutation_rate_Mmulatta/platinum-ped-data/OOPS-Only-One-Parent-Sequencing/data/source.txt
Bam file of the child                 : /N/project/mutation_rate_Mmulatta/OnlyOneParent/hifi/NA12879.CHM13.haplotagged.bam
Vcf file                              : /N/project/mutation_rate_Mmulatta/OnlyOneParent/illumina-dragen/CEPH1463.CHM13.illumina-dragen.oa.vcf.gz
Reference file                        : /N/project/mutation_rate_Mmulatta/OnlyOneParent/reference/chm13v2.0_maskedY_rCRS.fa
END SUMMARY
=========================================================

========== PART 3: Local rephasing ==========
Submitted batch job 8424246
Pipeline finished.
================ Pipeline Configuration ================
Project directory                     : /N/project/mutation_rate_Mmulatta/OnlyOneParent
Child sample                          : NA12879
Parent sample                         : NA12877
CPUs                                  : 8
Walltime                              : 6:00:00
Min read depth                        : 15
Max read depth                        : 50
Genotype quality cutoff               : 30
Quantile of nbr variants per blocks   : 0.5
Mismatch diff threshold               : 0.1
Min base quality (LR)                 : 20
Min mapping quality (LR)              : 20
Window size (bp)                      : 20000
Window size (kb)                      : 20
Alt read count (LR)                   : 8
Verbose LR validation                 : T
Data source                           : /N/project/mutation_rate_Mmulatta/platinum-ped-data/OOPS-Only-One-Parent-Sequencing/data/source.txt
Bam file of the child                 : /N/project/mutation_rate_Mmulatta/OnlyOneParent/hifi/NA12879.CHM13.haplotagged.bam
Vcf file                              : /N/project/mutation_rate_Mmulatta/OnlyOneParent/illumina-dragen/CEPH1463.CHM13.illumina-dragen.oa.vcf.gz
Reference file                        : /N/project/mutation_rate_Mmulatta/OnlyOneParent/reference/chm13v2.0_maskedY_rCRS.fa
END SUMMARY
=========================================================

========== PART 3B: Refined DNM detection ==========
Re-merging parent vcf and child vcf
done
Reextracting phased snps
Current working directory  /N/project/mutation_rate_Mmulatta/platinum-ped-data/OOPS-Only-One-Parent-Sequencing/src
Done fixing phase set file
See file (below) for extracted snps
/N/project/mutation_rate_Mmulatta/OnlyOneParent/NA12879_phasedvcf/HTblocks/NA12877_NA12879_20kb.ps.tsv
Recounting mismatches in PS blocks
----------------------------------------
Input: /N/project/mutation_rate_Mmulatta/OnlyOneParent/NA12879_phasedvcf/HTblocks/NA12877_NA12879_20kb.ps.tsv
Output dir: /N/project/mutation_rate_Mmulatta/OnlyOneParent/NA12879_phasedvcf/mismatch_analysis
DP range: 15 - 50
Mother ID: NA12877
Child ID: NA12879
Genotype Quality threshold: 30
Number of Variants Quantile threshold: 0.0
Mismatch Difference Minimum: 0.0
----------------------------------------
n_variants quantiles:
0.00     1.0
0.20     3.0
0.25     3.0
0.50    25.0
0.60    32.0
0.70    36.0
0.75    41.0
0.80    54.0
0.85    57.0
0.90    58.0
0.95    61.0
0.99    87.8
Name: n_variants, dtype: float64
Writing file *mismatch.tsv
Number of minimum snps considered within a block is 1.0
Writing file *dnmc.tsv
Writing file *dnmc.bed
See outputs in /N/project/mutation_rate_Mmulatta/OnlyOneParent/NA12879_phasedvcf/mismatch_analysis
Done
Done part 3B
Pipeline finished.
================ Pipeline Configuration ================
Project directory                     : /N/project/mutation_rate_Mmulatta/OnlyOneParent
Child sample                          : NA12879
Parent sample                         : NA12877
CPUs                                  : 8
Walltime                              : 6:00:00
Min read depth                        : 15
Max read depth                        : 50
Genotype quality cutoff               : 30
Quantile of nbr variants per blocks   : 0.5
Mismatch diff threshold               : 0.1
Min base quality (LR)                 : 20
Min mapping quality (LR)              : 20
Window size (bp)                      : 20000
Window size (kb)                      : 20
Alt read count (LR)                   : 8
Verbose LR validation                 : T
Data source                           : /N/project/mutation_rate_Mmulatta/platinum-ped-data/OOPS-Only-One-Parent-Sequencing/data/source.txt
Bam file of the child                 : /N/project/mutation_rate_Mmulatta/OnlyOneParent/hifi/NA12879.CHM13.haplotagged.bam
Vcf file                              : /N/project/mutation_rate_Mmulatta/OnlyOneParent/illumina-dragen/CEPH1463.CHM13.illumina-dragen.oa.vcf.gz
Reference file                        : /N/project/mutation_rate_Mmulatta/OnlyOneParent/reference/chm13v2.0_maskedY_rCRS.fa
END SUMMARY
=========================================================

========== PART 4: Callable genome ==========
============================================================
Calculating callable genome size
============================================================
Input file: /N/project/mutation_rate_Mmulatta/OnlyOneParent/NA12879_phasedvcf/HTblocks/NA12877_NA12879_ps.tsv
Output dir: /N/project/mutation_rate_Mmulatta/OnlyOneParent/NA12879_phasedvcf/mismatch_analysis/denum_calcul
Depth range: 15 - 50
Mother ID: NA12877
Child ID: NA12879
Genotype Quality: 30
Variant Quantile: 0.5
Mismatch Difference: 0.1
============================================================
Number of snps sampled: 4231
Qualified sampled snps written to bed file: /N/project/mutation_rate_Mmulatta/OnlyOneParent/NA12879_phasedvcf/mismatch_analysis/denum_calcul/NA12877_NA12879_hetc.bed
See outputs in /N/project/mutation_rate_Mmulatta/OnlyOneParent/NA12879_phasedvcf/mismatch_analysis
Done
[DNM] Subsetting merged VCF using BED regions (biallelic SNPs only)
[DNM] Applying genotype / depth / allele-balance filters
[DNM] Creating filtered DNMC BED file
[DNM] Done
[DNM] Output VCF: /N/project/mutation_rate_Mmulatta/OnlyOneParent/NA12879_phasedvcf/mismatch_analysis/denum_calcul/NA12877_NA12879_hetc.vcf.gz
[DNM] Output TSV: /N/project/mutation_rate_Mmulatta/OnlyOneParent/NA12879_phasedvcf/mismatch_analysis/denum_calcul/NA12877_NA12879_hetc.tsv
[DNM] Output BED: /N/project/mutation_rate_Mmulatta/OnlyOneParent/NA12879_phasedvcf/mismatch_analysis/denum_calcul/NA12877_NA12879_hetc.bed
The candidates left are...
chr11:1793901 --> {'REF': {'allele': 'C', 'hp': 2, 'count': 14}, 'ALT': {'allele': 'T', 'hp': 1, 'count': 10}}

chr11:2839191 --> {'REF': {'allele': 'A', 'hp': 2, 'count': 12}, 'ALT': {'allele': 'T', 'hp': 1, 'count': 9}}

chr11:3349359 --> {'REF': {'allele': 'C', 'hp': 2, 'count': 18}, 'ALT': {'allele': 'T', 'hp': 1, 'count': 15}}

chr11:3555090 --> {'REF': {'allele': 'C', 'hp': 1, 'count': 19}, 'ALT': {'allele': 'G', 'hp': 2, 'count': 17}}

chr11:4181254 --> {'REF': {'allele': 'A', 'hp': 1, 'count': 21}, 'ALT': {'allele': 'G', 'hp': 2, 'count': 18}}

chr11:6109627 --> {'REF': {'allele': 'T', 'hp': 2, 'count': 26}, 'ALT': {'allele': 'C', 'hp': 1, 'count': 25}}

chr11:6334898 --> {'REF': {'allele': 'C', 'hp': 1, 'count': 17}, 'ALT': {'allele': 'A', 'hp': 2, 'count': 12}}

chr11:6914100 --> {'REF': {'allele': 'A', 'hp': 1, 'count': 22}, 'ALT': {'allele': 'C', 'hp': 2, 'count': 21}}

chr11:7014298 --> {'REF': {'allele': 'T', 'hp': 1, 'count': 18}, 'ALT': {'allele': 'C', 'hp': 2, 'count': 16}}

chr11:7362477 --> {'REF': {'allele': 'T', 'hp': 1, 'count': 18}, 'ALT': {'allele': 'C', 'hp': 2, 'count': 14}}

chr11:8485910 --> {'REF': {'allele': 'A', 'hp': 1, 'count': 24}, 'ALT': {'allele': 'T', 'hp': 2, 'count': 20}}

chr11:9152323 --> {'REF': {'allele': 'G', 'hp': 1, 'count': 16}, 'ALT': {'allele': 'T', 'hp': 2, 'count': 15}}

chr11:9992700 --> {'REF': {'allele': 'G', 'hp': 2, 'count': 19}, 'ALT': {'allele': 'C', 'hp': 1, 'count': 15}}

chr11:10577645 --> {'REF': {'allele': 'A', 'hp': 2, 'count': 11}, 'ALT': {'allele': 'G', 'hp': 1, 'count': 10}}

chr11:12240092 --> {'REF': {'allele': 'T', 'hp': 2, 'count': 18}, 'ALT': {'allele': 'G', 'hp': 1, 'count': 10}}

chr11:12549907 --> {'REF': {'allele': 'T', 'hp': 2, 'count': 16}, 'ALT': {'allele': 'C', 'hp': 1, 'count': 14}}

chr11:13008157 --> {'REF': {'allele': 'G', 'hp': 1, 'count': 18}, 'ALT': {'allele': 'T', 'hp': 2, 'count': 13}}

chr11:14173709 --> {'REF': {'allele': 'C', 'hp': 1, 'count': 20}, 'ALT': {'allele': 'C', 'hp': 1, 'count': 20}}

chr11:15053840 --> {'REF': {'allele': 'T', 'hp': 2, 'count': 26}, 'ALT': {'allele': 'C', 'hp': 1, 'count': 19}}

chr11:15411882 --> {'REF': {'allele': 'C', 'hp': 1, 'count': 29}, 'ALT': {'allele': 'G', 'hp': 2, 'count': 22}}

chr11:16208244 --> {'REF': {'allele': 'T', 'hp': 2, 'count': 33}, 'ALT': {'allele': 'C', 'hp': 1, 'count': 32}}

chr11:16598612 --> {'REF': {'allele': 'T', 'hp': 1, 'count': 18}, 'ALT': {'allele': 'A', 'hp': 2, 'count': 17}}

chr11:16992345 --> {'REF': {'allele': 'A', 'hp': 1, 'count': 15}, 'ALT': {'allele': 'G', 'hp': 2, 'count': 11}}

chr11:17772024 --> {'REF': {'allele': 'G', 'hp': 2, 'count': 21}, 'ALT': {'allele': 'T', 'hp': 1, 'count': 18}}

chr11:18438348 --> {'REF': {'allele': 'G', 'hp': 1, 'count': 18}, 'ALT': {'allele': 'T', 'hp': 2, 'count': 16}}

chr11:18765693 --> {'REF': {'allele': 'T', 'hp': 1, 'count': 14}, 'ALT': {'allele': 'C', 'hp': 2, 'count': 11}}

chr11:19351632 --> {'REF': {'allele': 'A', 'hp': 1, 'count': 18}, 'ALT': {'allele': 'A', 'hp': 1, 'count': 18}}

chr11:19541729 --> {'REF': {'allele': 'G', 'hp': 1, 'count': 22}, 'ALT': {'allele': 'T', 'hp': 2, 'count': 13}}

chr11:19645510 --> {'REF': {'allele': 'A', 'hp': 2, 'count': 19}, 'ALT': {'allele': 'G', 'hp': 1, 'count': 10}}

chr11:20072446 --> {'REF': {'allele': 'G', 'hp': 2, 'count': 21}, 'ALT': {'allele': 'C', 'hp': 1, 'count': 16}}

chr11:21024427 --> {'REF': {'allele': 'C', 'hp': 1, 'count': 25}, 'ALT': {'allele': 'T', 'hp': 2, 'count': 24}}

chr11:21093649 --> {'REF': {'allele': 'C', 'hp': 2, 'count': 29}, 'ALT': {'allele': 'A', 'hp': 1, 'count': 22}}

chr11:21177735 --> {'REF': {'allele': 'C', 'hp': 1, 'count': 24}, 'ALT': {'allele': 'C', 'hp': 1, 'count': 24}}

chr11:21241463 --> {'REF': {'allele': 'T', 'hp': 1, 'count': 25}, 'ALT': {'allele': 'G', 'hp': 2, 'count': 18}}

chr11:21682631 --> {'REF': {'allele': 'A', 'hp': 1, 'count': 27}, 'ALT': {'allele': 'G', 'hp': 2, 'count': 26}}

chr11:22142160 --> {'REF': {'allele': 'C', 'hp': 2, 'count': 26}, 'ALT': {'allele': 'G', 'hp': 1, 'count': 19}}

chr11:23218125 --> {'REF': {'allele': 'G', 'hp': 2, 'count': 21}, 'ALT': {'allele': 'A', 'hp': 1, 'count': 17}}

chr11:23527853 --> {'REF': {'allele': 'C', 'hp': 2, 'count': 28}, 'ALT': {'allele': 'T', 'hp': 1, 'count': 20}}

chr11:24540119 --> {'REF': {'allele': 'C', 'hp': 1, 'count': 25}, 'ALT': {'allele': 'A', 'hp': 2, 'count': 23}}

chr11:24865943 --> {'REF': {'allele': 'G', 'hp': 2, 'count': 29}, 'ALT': {'allele': 'A', 'hp': 1, 'count': 23}}

chr11:26076422 --> {'REF': {'allele': 'A', 'hp': 2, 'count': 27}, 'ALT': {'allele': 'C', 'hp': 1, 'count': 26}}

chr11:26663624 --> {'REF': {'allele': 'C', 'hp': 2, 'count': 33}, 'ALT': {'allele': 'T', 'hp': 1, 'count': 31}}

chr11:27326100 --> {'REF': {'allele': 'A', 'hp': 1, 'count': 25}, 'ALT': {'allele': 'G', 'hp': 2, 'count': 16}}

chr11:27408008 --> {'REF': {'allele': 'G', 'hp': 2, 'count': 18}, 'ALT': {'allele': 'A', 'hp': 1, 'count': 16}}

chr11:27898242 --> {'REF': {'allele': 'A', 'hp': 2, 'count': 27}, 'ALT': {'allele': 'T', 'hp': 1, 'count': 16}}

chr11:28499180 --> {'REF': {'allele': 'G', 'hp': 2, 'count': 26}, 'ALT': {'allele': 'A', 'hp': 1, 'count': 24}}

chr11:29173530 --> {'REF': {'allele': 'A', 'hp': 1, 'count': 28}, 'ALT': {'allele': 'G', 'hp': 2, 'count': 19}}

chr11:30392273 --> {'REF': {'allele': 'T', 'hp': 2, 'count': 23}, 'ALT': {'allele': 'C', 'hp': 1, 'count': 22}}

chr11:30709778 --> {'REF': {'allele': 'A', 'hp': 1, 'count': 28}, 'ALT': {'allele': 'G', 'hp': 2, 'count': 14}}

chr11:31210598 --> {'REF': {'allele': 'T', 'hp': 2, 'count': 28}, 'ALT': {'allele': 'C', 'hp': 1, 'count': 21}}

chr11:31798196 --> {'REF': {'allele': 'G', 'hp': 1, 'count': 30}, 'ALT': {'allele': 'A', 'hp': 2, 'count': 24}}

chr11:32151963 --> {'REF': {'allele': 'G', 'hp': 2, 'count': 17}, 'ALT': {'allele': 'A', 'hp': 1, 'count': 16}}

chr11:32422929 --> {'REF': {'allele': 'T', 'hp': 1, 'count': 24}, 'ALT': {'allele': 'C', 'hp': 2, 'count': 17}}

chr11:34027209 --> {'REF': {'allele': 'C', 'hp': 2, 'count': 18}, 'ALT': {'allele': 'T', 'hp': 1, 'count': 17}}

chr11:34165819 --> {'REF': {'allele': 'T', 'hp': 1, 'count': 16}, 'ALT': {'allele': 'T', 'hp': 1, 'count': 16}}

chr11:35358464 --> {'REF': {'allele': 'G', 'hp': 1, 'count': 26}, 'ALT': {'allele': 'C', 'hp': 2, 'count': 15}}

chr11:36097243 --> {'REF': {'allele': 'T', 'hp': 2, 'count': 18}, 'ALT': {'allele': 'C', 'hp': 1, 'count': 15}}

chr11:36404660 --> {'REF': {'allele': 'C', 'hp': 1, 'count': 21}, 'ALT': {'allele': 'T', 'hp': 2, 'count': 16}}

chr11:36548525 --> {'REF': {'allele': 'G', 'hp': 1, 'count': 15}, 'ALT': {'allele': 'A', 'hp': 2, 'count': 11}}

chr11:36853201 --> {'REF': {'allele': 'T', 'hp': 1, 'count': 21}, 'ALT': {'allele': 'C', 'hp': 2, 'count': 15}}

chr11:40390348 --> {'REF': {'allele': 'C', 'hp': 1, 'count': 24}, 'ALT': {'allele': 'T', 'hp': 2, 'count': 15}}

chr11:42101682 --> {'REF': {'allele': 'C', 'hp': 1, 'count': 27}, 'ALT': {'allele': 'T', 'hp': 2, 'count': 22}}

chr11:42627200 --> {'REF': {'allele': 'T', 'hp': 1, 'count': 30}, 'ALT': {'allele': 'G', 'hp': 2, 'count': 20}}

chr11:42785160 --> {'REF': {'allele': 'A', 'hp': 1, 'count': 21}, 'ALT': {'allele': 'G', 'hp': 2, 'count': 11}}

chr11:44371297 --> {'REF': {'allele': 'A', 'hp': 1, 'count': 24}, 'ALT': {'allele': 'G', 'hp': 2, 'count': 15}}

chr11:45186742 --> {'REF': {'allele': 'G', 'hp': 2, 'count': 20}, 'ALT': {'allele': 'T', 'hp': 1, 'count': 18}}

chr11:49216766 --> {'REF': {'allele': 'T', 'hp': 2, 'count': 24}, 'ALT': {'allele': 'G', 'hp': 1, 'count': 16}}

chr11:50776693 --> {'REF': {'allele': 'C', 'hp': 2, 'count': 20}, 'ALT': {'allele': 'T', 'hp': 1, 'count': 15}}

chr11:59168507 --> {'REF': {'allele': 'A', 'hp': 1, 'count': 22}, 'ALT': {'allele': 'T', 'hp': 2, 'count': 21}}

chr11:59350150 --> {'REF': {'allele': 'T', 'hp': 1, 'count': 24}, 'ALT': {'allele': 'G', 'hp': 2, 'count': 18}}

chr11:59664764 --> {'REF': {'allele': 'T', 'hp': 1, 'count': 23}, 'ALT': {'allele': 'C', 'hp': 2, 'count': 17}}

chr11:60008705 --> {'REF': {'allele': 'T', 'hp': 2, 'count': 22}, 'ALT': {'allele': 'A', 'hp': 1, 'count': 10}}

chr11:60321507 --> {'REF': {'allele': 'A', 'hp': 2, 'count': 17}, 'ALT': {'allele': 'T', 'hp': 1, 'count': 15}}

chr11:60757232 --> {'REF': {'allele': 'A', 'hp': 1, 'count': 14}, 'ALT': {'allele': 'G', 'hp': 2, 'count': 11}}

chr11:60911357 --> {'REF': {'allele': 'C', 'hp': 1, 'count': 17}, 'ALT': {'allele': 'G', 'hp': 2, 'count': 11}}

chr11:62646810 --> {'REF': {'allele': 'G', 'hp': 1, 'count': 11}, 'ALT': {'allele': 'T', 'hp': 2, 'count': 10}}

chr11:62997712 --> {'REF': {'allele': 'A', 'hp': 2, 'count': 18}, 'ALT': {'allele': 'C', 'hp': 1, 'count': 14}}

chr11:63723463 --> {'REF': {'allele': 'T', 'hp': 1, 'count': 15}, 'ALT': {'allele': 'C', 'hp': 2, 'count': 10}}

chr11:66127428 --> {'REF': {'allele': 'A', 'hp': 2, 'count': 15}, 'ALT': {'allele': 'G', 'hp': 1, 'count': 11}}

chr11:67708406 --> {'REF': {'allele': 'T', 'hp': 2, 'count': 10}, 'ALT': {'allele': 'T', 'hp': 2, 'count': 10}}

chr11:68151662 --> {'REF': {'allele': 'A', 'hp': 1, 'count': 11}, 'ALT': {'allele': 'C', 'hp': 2, 'count': 9}}

chr11:69333013 --> {'REF': {'allele': 'A', 'hp': 1, 'count': 11}, 'ALT': {'allele': 'A', 'hp': 1, 'count': 11}}

chr11:70092499 --> {'REF': {'allele': 'A', 'hp': 2, 'count': 13}, 'ALT': {'allele': 'G', 'hp': 1, 'count': 9}}

chr11:70860407 --> {'REF': {'allele': 'A', 'hp': 2, 'count': 15}, 'ALT': {'allele': 'G', 'hp': 1, 'count': 12}}

chr11:71227791 --> {'REF': {'allele': 'T', 'hp': 1, 'count': 20}, 'ALT': {'allele': 'C', 'hp': 2, 'count': 10}}

chr11:71962439 --> {'REF': {'allele': 'C', 'hp': 1, 'count': 12}, 'ALT': {'allele': 'C', 'hp': 1, 'count': 12}}

chr11:72450363 --> {'REF': {'allele': 'A', 'hp': 1, 'count': 13}, 'ALT': {'allele': 'G', 'hp': 2, 'count': 12}}

chr11:74260617 --> {'REF': {'allele': 'T', 'hp': 1, 'count': 23}, 'ALT': {'allele': 'C', 'hp': 2, 'count': 17}}

chr11:75305292 --> {'REF': {'allele': 'C', 'hp': 1, 'count': 9}, 'ALT': {'allele': 'C', 'hp': 1, 'count': 9}}

chr11:77880750 --> {'REF': {'allele': 'C', 'hp': 2, 'count': 21}, 'ALT': {'allele': 'T', 'hp': 1, 'count': 12}}

chr11:78950521 --> {'REF': {'allele': 'G', 'hp': 1, 'count': 20}, 'ALT': {'allele': 'G', 'hp': 1, 'count': 20}}

chr11:79207206 --> {'REF': {'allele': 'T', 'hp': 2, 'count': 14}, 'ALT': {'allele': 'A', 'hp': 1, 'count': 11}}

chr11:79354819 --> {'REF': {'allele': 'T', 'hp': 1, 'count': 21}, 'ALT': {'allele': 'C', 'hp': 2, 'count': 19}}

chr11:79620278 --> {'REF': {'allele': 'G', 'hp': 1, 'count': 22}, 'ALT': {'allele': 'T', 'hp': 2, 'count': 14}}

chr11:80040981 --> {'REF': {'allele': 'A', 'hp': 1, 'count': 25}, 'ALT': {'allele': 'G', 'hp': 2, 'count': 24}}

chr11:80195665 --> {'REF': {'allele': 'C', 'hp': 1, 'count': 14}, 'ALT': {'allele': 'C', 'hp': 1, 'count': 14}}

chr11:81594330 --> {'REF': {'allele': 'A', 'hp': 1, 'count': 31}, 'ALT': {'allele': 'T', 'hp': 2, 'count': 27}}

chr11:81694667 --> {'REF': {'allele': 'T', 'hp': 2, 'count': 37}, 'ALT': {'allele': 'A', 'hp': 1, 'count': 28}}

chr11:82551642 --> {'REF': {'allele': 'T', 'hp': 1, 'count': 25}, 'ALT': {'allele': 'C', 'hp': 2, 'count': 22}}

chr11:82786008 --> {'REF': {'allele': 'A', 'hp': 2, 'count': 40}, 'ALT': {'allele': 'T', 'hp': 1, 'count': 31}}

chr11:84393275 --> {'REF': {'allele': 'G', 'hp': 1, 'count': 40}, 'ALT': {'allele': 'A', 'hp': 2, 'count': 23}}

chr11:85949541 --> {'REF': {'allele': 'G', 'hp': 2, 'count': 25}, 'ALT': {'allele': 'T', 'hp': 1, 'count': 21}}

chr11:87215906 --> {'REF': {'allele': 'C', 'hp': 1, 'count': 24}, 'ALT': {'allele': 'C', 'hp': 1, 'count': 24}}

chr11:87454645 --> {'REF': {'allele': 'G', 'hp': 1, 'count': 27}, 'ALT': {'allele': 'C', 'hp': 2, 'count': 17}}

chr11:88138895 --> {'REF': {'allele': 'T', 'hp': 1, 'count': 24}, 'ALT': {'allele': 'G', 'hp': 2, 'count': 22}}

chr11:90141136 --> {'REF': {'allele': 'G', 'hp': 1, 'count': 25}, 'ALT': {'allele': 'G', 'hp': 1, 'count': 25}}

chr11:90502604 --> {'REF': {'allele': 'C', 'hp': 1, 'count': 26}, 'ALT': {'allele': 'T', 'hp': 2, 'count': 24}}

chr11:91149154 --> {'REF': {'allele': 'G', 'hp': 1, 'count': 17}, 'ALT': {'allele': 'A', 'hp': 2, 'count': 16}}

chr11:91899620 --> {'REF': {'allele': 'T', 'hp': 1, 'count': 29}, 'ALT': {'allele': 'C', 'hp': 2, 'count': 23}}

chr11:92403462 --> {'REF': {'allele': 'T', 'hp': 1, 'count': 20}, 'ALT': {'allele': 'G', 'hp': 2, 'count': 18}}

chr11:94725932 --> {'REF': {'allele': 'C', 'hp': 1, 'count': 32}, 'ALT': {'allele': 'A', 'hp': 2, 'count': 19}}

chr11:95662642 --> {'REF': {'allele': 'A', 'hp': 1, 'count': 38}, 'ALT': {'allele': 'G', 'hp': 2, 'count': 19}}

chr11:96042832 --> {'REF': {'allele': 'C', 'hp': 1, 'count': 19}, 'ALT': {'allele': 'T', 'hp': 2, 'count': 18}}

chr11:96158834 --> {'REF': {'allele': 'T', 'hp': 1, 'count': 18}, 'ALT': {'allele': 'A', 'hp': 2, 'count': 14}}

chr11:97049128 --> {'REF': {'allele': 'G', 'hp': 2, 'count': 37}, 'ALT': {'allele': 'A', 'hp': 1, 'count': 32}}

chr11:97630758 --> {'REF': {'allele': 'G', 'hp': 1, 'count': 34}, 'ALT': {'allele': 'A', 'hp': 2, 'count': 31}}

chr11:98329205 --> {'REF': {'allele': 'A', 'hp': 1, 'count': 22}, 'ALT': {'allele': 'C', 'hp': 2, 'count': 20}}

chr11:99643158 --> {'REF': {'allele': 'C', 'hp': 2, 'count': 38}, 'ALT': {'allele': 'G', 'hp': 1, 'count': 25}}

chr11:101122497 --> {'REF': {'allele': 'C', 'hp': 1, 'count': 22}, 'ALT': {'allele': 'G', 'hp': 2, 'count': 21}}

chr11:101901632 --> {'REF': {'allele': 'A', 'hp': 2, 'count': 23}, 'ALT': {'allele': 'G', 'hp': 1, 'count': 17}}

chr11:102146308 --> {'REF': {'allele': 'A', 'hp': 1, 'count': 25}, 'ALT': {'allele': 'G', 'hp': 2, 'count': 22}}

chr11:102473623 --> {'REF': {'allele': 'T', 'hp': 2, 'count': 22}, 'ALT': {'allele': 'A', 'hp': 1, 'count': 20}}

chr11:103569841 --> {'REF': {'allele': 'A', 'hp': 2, 'count': 25}, 'ALT': {'allele': 'G', 'hp': 1, 'count': 21}}

chr11:104296898 --> {'REF': {'allele': 'G', 'hp': 2, 'count': 28}, 'ALT': {'allele': 'A', 'hp': 1, 'count': 24}}

chr11:104617188 --> {'REF': {'allele': 'A', 'hp': 2, 'count': 25}, 'ALT': {'allele': 'G', 'hp': 1, 'count': 15}}

chr11:106627123 --> {'REF': {'allele': 'G', 'hp': 1, 'count': 21}, 'ALT': {'allele': 'G', 'hp': 1, 'count': 21}}

chr11:106985784 --> {'REF': {'allele': 'G', 'hp': 2, 'count': 24}, 'ALT': {'allele': 'A', 'hp': 1, 'count': 20}}

chr11:108064498 --> {'REF': {'allele': 'A', 'hp': 1, 'count': 27}, 'ALT': {'allele': 'G', 'hp': 2, 'count': 25}}

chr11:109480413 --> {'REF': {'allele': 'G', 'hp': 2, 'count': 33}, 'ALT': {'allele': 'C', 'hp': 1, 'count': 28}}

chr11:110592492 --> {'REF': {'allele': 'A', 'hp': 2, 'count': 30}, 'ALT': {'allele': 'C', 'hp': 1, 'count': 12}}

chr11:110806250 --> {'REF': {'allele': 'G', 'hp': 1, 'count': 18}, 'ALT': {'allele': 'C', 'hp': 2, 'count': 14}}

chr11:110983923 --> {'REF': {'allele': 'G', 'hp': 2, 'count': 18}, 'ALT': {'allele': 'A', 'hp': 1, 'count': 14}}

chr11:112240239 --> {'REF': {'allele': 'T', 'hp': 2, 'count': 18}, 'ALT': {'allele': 'C', 'hp': 1, 'count': 16}}

chr11:112693394 --> {'REF': {'allele': 'A', 'hp': 1, 'count': 21}, 'ALT': {'allele': 'G', 'hp': 2, 'count': 19}}

chr11:115279383 --> {'REF': {'allele': 'T', 'hp': 1, 'count': 27}, 'ALT': {'allele': 'G', 'hp': 2, 'count': 16}}

chr11:115870765 --> {'REF': {'allele': 'T', 'hp': 2, 'count': 25}, 'ALT': {'allele': 'C', 'hp': 1, 'count': 22}}

chr11:116242195 --> {'REF': {'allele': 'G', 'hp': 1, 'count': 14}, 'ALT': {'allele': 'A', 'hp': 2, 'count': 13}}

chr11:116325670 --> {'REF': {'allele': 'C', 'hp': 1, 'count': 26}, 'ALT': {'allele': 'T', 'hp': 2, 'count': 14}}

chr11:116686106 --> {'REF': {'allele': 'A', 'hp': 1, 'count': 27}, 'ALT': {'allele': 'G', 'hp': 2, 'count': 10}}

chr11:118260469 --> {'REF': {'allele': 'C', 'hp': 2, 'count': 26}, 'ALT': {'allele': 'T', 'hp': 1, 'count': 14}}

chr11:119945552 --> {'REF': {'allele': 'C', 'hp': 1, 'count': 19}, 'ALT': {'allele': 'T', 'hp': 2, 'count': 13}}

chr11:120265448 --> {'REF': {'allele': 'G', 'hp': 1, 'count': 14}, 'ALT': {'allele': 'G', 'hp': 1, 'count': 14}}

chr11:120599453 --> {'REF': {'allele': 'A', 'hp': 2, 'count': 17}, 'ALT': {'allele': 'C', 'hp': 1, 'count': 10}}

chr11:121442131 --> {'REF': {'allele': 'G', 'hp': 2, 'count': 19}, 'ALT': {'allele': 'C', 'hp': 1, 'count': 17}}

chr11:121978063 --> {'REF': {'allele': 'C', 'hp': 2, 'count': 20}, 'ALT': {'allele': 'A', 'hp': 1, 'count': 18}}

chr11:124475354 --> {'REF': {'allele': 'A', 'hp': 2, 'count': 23}, 'ALT': {'allele': 'G', 'hp': 1, 'count': 19}}

chr11:124738847 --> {'REF': {'allele': 'T', 'hp': 1, 'count': 15}, 'ALT': {'allele': 'C', 'hp': 2, 'count': 12}}

chr11:124955281 --> {'REF': {'allele': 'A', 'hp': 2, 'count': 20}, 'ALT': {'allele': 'G', 'hp': 1, 'count': 15}}

chr11:125119615 --> {'REF': {'allele': 'A', 'hp': 2, 'count': 14}, 'ALT': {'allele': 'G', 'hp': 1, 'count': 13}}

chr11:125831836 --> {'REF': {'allele': 'T', 'hp': 2, 'count': 28}, 'ALT': {'allele': 'C', 'hp': 1, 'count': 24}}

chr11:126121225 --> {'REF': {'allele': 'G', 'hp': 1, 'count': 15}, 'ALT': {'allele': 'T', 'hp': 2, 'count': 10}}

chr11:126358340 --> {'REF': {'allele': 'G', 'hp': 1, 'count': 12}, 'ALT': {'allele': 'A', 'hp': 2, 'count': 10}}

chr11:127583968 --> {'REF': {'allele': 'G', 'hp': 1, 'count': 32}, 'ALT': {'allele': 'A', 'hp': 2, 'count': 18}}

chr11:127892270 --> {'REF': {'allele': 'G', 'hp': 1, 'count': 27}, 'ALT': {'allele': 'T', 'hp': 2, 'count': 13}}

chr11:129721375 --> {'REF': {'allele': 'T', 'hp': 2, 'count': 16}, 'ALT': {'allele': 'C', 'hp': 1, 'count': 14}}

chr11:130794830 --> {'REF': {'allele': 'G', 'hp': 2, 'count': 23}, 'ALT': {'allele': 'A', 'hp': 1, 'count': 18}}

chr11:130994264 --> {'REF': {'allele': 'C', 'hp': 2, 'count': 18}, 'ALT': {'allele': 'A', 'hp': 1, 'count': 16}}

chr11:131868306 --> {'REF': {'allele': 'A', 'hp': 2, 'count': 18}, 'ALT': {'allele': 'G', 'hp': 1, 'count': 17}}

chr11:132318408 --> {'REF': {'allele': 'G', 'hp': 1, 'count': 17}, 'ALT': {'allele': 'A', 'hp': 2, 'count': 16}}

chr11:132666807 --> {'REF': {'allele': 'C', 'hp': 1, 'count': 26}, 'ALT': {'allele': 'T', 'hp': 2, 'count': 23}}

chr11:133390472 --> {'REF': {'allele': 'A', 'hp': 2, 'count': 22}, 'ALT': {'allele': 'G', 'hp': 1, 'count': 12}}

chr6:252252 --> {'REF': {'allele': 'A', 'hp': 2, 'count': 17}, 'ALT': {'allele': 'G', 'hp': 1, 'count': 15}}

chr6:444906 --> {'REF': {'allele': 'C', 'hp': 2, 'count': 33}, 'ALT': {'allele': 'A', 'hp': 1, 'count': 19}}

chr6:867639 --> {'REF': {'allele': 'C', 'hp': 1, 'count': 16}, 'ALT': {'allele': 'T', 'hp': 2, 'count': 13}}

chr6:1861054 --> {'REF': {'allele': 'T', 'hp': 1, 'count': 23}, 'ALT': {'allele': 'C', 'hp': 2, 'count': 18}}

chr6:2328222 --> {'REF': {'allele': 'A', 'hp': 2, 'count': 15}, 'ALT': {'allele': 'G', 'hp': 1, 'count': 14}}

chr6:3574411 --> {'REF': {'allele': 'G', 'hp': 1, 'count': 13}, 'ALT': {'allele': 'C', 'hp': 2, 'count': 10}}

chr6:3828263 --> {'REF': {'allele': 'G', 'hp': 2, 'count': 25}, 'ALT': {'allele': 'A', 'hp': 1, 'count': 13}}

chr6:4333039 --> {'REF': {'allele': 'T', 'hp': 2, 'count': 23}, 'ALT': {'allele': 'C', 'hp': 1, 'count': 21}}

chr6:4554292 --> {'REF': {'allele': 'A', 'hp': 1, 'count': 15}, 'ALT': {'allele': 'C', 'hp': 2, 'count': 11}}

chr6:5536186 --> {'REF': {'allele': 'G', 'hp': 2, 'count': 18}, 'ALT': {'allele': 'A', 'hp': 1, 'count': 13}}

chr6:6348776 --> {'REF': {'allele': 'A', 'hp': 2, 'count': 26}, 'ALT': {'allele': 'C', 'hp': 1, 'count': 23}}

chr6:7107023 --> {'REF': {'allele': 'T', 'hp': 2, 'count': 19}, 'ALT': {'allele': 'A', 'hp': 1, 'count': 11}}

chr6:7630926 --> {'REF': {'allele': 'A', 'hp': 1, 'count': 14}, 'ALT': {'allele': 'G', 'hp': 2, 'count': 11}}

chr6:8936949 --> {'REF': {'allele': 'G', 'hp': 2, 'count': 24}, 'ALT': {'allele': 'A', 'hp': 1, 'count': 15}}

chr6:9619198 --> {'REF': {'allele': 'T', 'hp': 1, 'count': 27}, 'ALT': {'allele': 'C', 'hp': 2, 'count': 19}}

chr6:10837565 --> {'REF': {'allele': 'G', 'hp': 1, 'count': 22}, 'ALT': {'allele': 'A', 'hp': 2, 'count': 16}}

chr6:11362055 --> {'REF': {'allele': 'A', 'hp': 1, 'count': 26}, 'ALT': {'allele': 'G', 'hp': 2, 'count': 16}}

chr6:12324698 --> {'REF': {'allele': 'T', 'hp': 2, 'count': 27}, 'ALT': {'allele': 'C', 'hp': 1, 'count': 16}}

chr6:13131948 --> {'REF': {'allele': 'G', 'hp': 2, 'count': 21}, 'ALT': {'allele': 'C', 'hp': 1, 'count': 20}}

chr6:13798085 --> {'REF': {'allele': 'C', 'hp': 1, 'count': 25}, 'ALT': {'allele': 'T', 'hp': 2, 'count': 24}}

chr6:14201976 --> {'REF': {'allele': 'G', 'hp': 2, 'count': 17}, 'ALT': {'allele': 'A', 'hp': 1, 'count': 15}}

chr6:14524954 --> {'REF': {'allele': 'T', 'hp': 2, 'count': 18}, 'ALT': {'allele': 'A', 'hp': 1, 'count': 15}}

chr6:16585074 --> {'REF': {'allele': 'A', 'hp': 1, 'count': 26}, 'ALT': {'allele': 'G', 'hp': 2, 'count': 20}}

chr6:17127885 --> {'REF': {'allele': 'G', 'hp': 1, 'count': 23}, 'ALT': {'allele': 'C', 'hp': 2, 'count': 14}}

chr6:18282934 --> {'REF': {'allele': 'C', 'hp': 2, 'count': 15}, 'ALT': {'allele': 'T', 'hp': 1, 'count': 13}}

chr6:19382149 --> {'REF': {'allele': 'C', 'hp': 2, 'count': 26}, 'ALT': {'allele': 'G', 'hp': 1, 'count': 23}}

chr6:19935348 --> {'REF': {'allele': 'G', 'hp': 2, 'count': 23}, 'ALT': {'allele': 'A', 'hp': 1, 'count': 17}}

chr6:21125527 --> {'REF': {'allele': 'T', 'hp': 1, 'count': 21}, 'ALT': {'allele': 'C', 'hp': 2, 'count': 16}}

chr6:21586420 --> {'REF': {'allele': 'C', 'hp': 1, 'count': 18}, 'ALT': {'allele': 'T', 'hp': 2, 'count': 10}}

chr6:21929875 --> {'REF': {'allele': 'T', 'hp': 1, 'count': 16}, 'ALT': {'allele': 'A', 'hp': 2, 'count': 15}}

chr6:24421470 --> {'REF': {'allele': 'T', 'hp': 1, 'count': 18}, 'ALT': {'allele': 'C', 'hp': 2, 'count': 9}}

chr6:24860940 --> {'REF': {'allele': 'G', 'hp': 1, 'count': 20}, 'ALT': {'allele': 'T', 'hp': 2, 'count': 15}}

chr6:25944564 --> {'REF': {'allele': 'T', 'hp': 1, 'count': 19}, 'ALT': {'allele': 'C', 'hp': 2, 'count': 17}}

chr6:28052138 --> {'REF': {'allele': 'A', 'hp': 1, 'count': 24}, 'ALT': {'allele': 'G', 'hp': 2, 'count': 15}}

chr6:29275816 --> {'REF': {'allele': 'C', 'hp': 2, 'count': 30}, 'ALT': {'allele': 'T', 'hp': 1, 'count': 22}}

chr6:32481369 --> {'REF': {'allele': 'C', 'hp': 2, 'count': 21}, 'ALT': {'allele': 'G', 'hp': 1, 'count': 19}}

chr6:33352704 --> {'REF': {'allele': 'C', 'hp': 2, 'count': 14}, 'ALT': {'allele': 'C', 'hp': 2, 'count': 14}}

chr6:34959051 --> {'REF': {'allele': 'A', 'hp': 2, 'count': 20}, 'ALT': {'allele': 'C', 'hp': 1, 'count': 13}}

chr6:35774832 --> {'REF': {'allele': 'G', 'hp': 2, 'count': 20}, 'ALT': {'allele': 'C', 'hp': 1, 'count': 12}}

chr6:36013152 --> {'REF': {'allele': 'G', 'hp': 2, 'count': 15}, 'ALT': {'allele': 'C', 'hp': 1, 'count': 11}}

chr6:36089540 --> {'REF': {'allele': 'A', 'hp': 2, 'count': 15}, 'ALT': {'allele': 'G', 'hp': 1, 'count': 13}}

chr6:37029581 --> {'REF': {'allele': 'A', 'hp': 2, 'count': 17}, 'ALT': {'allele': 'C', 'hp': 1, 'count': 9}}

chr6:38139017 --> {'REF': {'allele': 'C', 'hp': 1, 'count': 20}, 'ALT': {'allele': 'T', 'hp': 2, 'count': 11}}

chr6:40349129 --> {'REF': {'allele': 'T', 'hp': 2, 'count': 14}, 'ALT': {'allele': 'C', 'hp': 1, 'count': 11}}

chr6:40763438 --> {'REF': {'allele': 'A', 'hp': 2, 'count': 19}, 'ALT': {'allele': 'G', 'hp': 1, 'count': 11}}

chr6:41159501 --> {'REF': {'allele': 'A', 'hp': 1, 'count': 16}, 'ALT': {'allele': 'G', 'hp': 2, 'count': 13}}

chr6:43554856 --> {'REF': {'allele': 'A', 'hp': 2, 'count': 17}, 'ALT': {'allele': 'G', 'hp': 1, 'count': 14}}

chr6:45173627 --> {'REF': {'allele': 'T', 'hp': 2, 'count': 34}, 'ALT': {'allele': 'C', 'hp': 1, 'count': 31}}

chr6:46457900 --> {'REF': {'allele': 'C', 'hp': 2, 'count': 19}, 'ALT': {'allele': 'C', 'hp': 2, 'count': 19}}

chr6:47323746 --> {'REF': {'allele': 'G', 'hp': 1, 'count': 26}, 'ALT': {'allele': 'A', 'hp': 2, 'count': 21}}

chr6:47972964 --> {'REF': {'allele': 'G', 'hp': 1, 'count': 31}, 'ALT': {'allele': 'A', 'hp': 2, 'count': 28}}

chr6:50243121 --> {'REF': {'allele': 'T', 'hp': 1, 'count': 29}, 'ALT': {'allele': 'C', 'hp': 2, 'count': 28}}

chr6:51014231 --> {'REF': {'allele': 'C', 'hp': 1, 'count': 23}, 'ALT': {'allele': 'C', 'hp': 1, 'count': 23}}

chr6:52397158 --> {'REF': {'allele': 'G', 'hp': 1, 'count': 20}, 'ALT': {'allele': 'C', 'hp': 2, 'count': 13}}

chr6:53262418 --> {'REF': {'allele': 'C', 'hp': 2, 'count': 22}, 'ALT': {'allele': 'T', 'hp': 1, 'count': 12}}

chr6:55601348 --> {'REF': {'allele': 'T', 'hp': 1, 'count': 32}, 'ALT': {'allele': 'C', 'hp': 2, 'count': 22}}

chr6:56208190 --> {'REF': {'allele': 'T', 'hp': 1, 'count': 21}, 'ALT': {'allele': 'C', 'hp': 2, 'count': 18}}

chr6:56972564 --> {'REF': {'allele': 'A', 'hp': 2, 'count': 30}, 'ALT': {'allele': 'T', 'hp': 1, 'count': 23}}

chr6:58228463 --> {'REF': {'allele': 'G', 'hp': 2, 'count': 25}, 'ALT': {'allele': 'T', 'hp': 1, 'count': 21}}

chr6:65774353 --> {'REF': {'allele': 'A', 'hp': 1, 'count': 22}, 'ALT': {'allele': 'G', 'hp': 2, 'count': 21}}

chr6:66001382 --> {'REF': {'allele': 'A', 'hp': 2, 'count': 38}, 'ALT': {'allele': 'G', 'hp': 1, 'count': 16}}

chr6:66243473 --> {'REF': {'allele': 'C', 'hp': 2, 'count': 27}, 'ALT': {'allele': 'T', 'hp': 1, 'count': 18}}

chr6:66872919 --> {'REF': {'allele': 'G', 'hp': 1, 'count': 23}, 'ALT': {'allele': 'A', 'hp': 2, 'count': 18}}

chr6:67466763 --> {'REF': {'allele': 'A', 'hp': 1, 'count': 35}, 'ALT': {'allele': 'G', 'hp': 2, 'count': 30}}

chr6:69422661 --> {'REF': {'allele': 'A', 'hp': 1, 'count': 27}, 'ALT': {'allele': 'T', 'hp': 2, 'count': 25}}

chr6:69628568 --> {'REF': {'allele': 'G', 'hp': 2, 'count': 33}, 'ALT': {'allele': 'C', 'hp': 1, 'count': 32}}

chr6:70169496 --> {'REF': {'allele': 'G', 'hp': 2, 'count': 35}, 'ALT': {'allele': 'A', 'hp': 1, 'count': 32}}

chr6:71037272 --> {'REF': {'allele': 'T', 'hp': 1, 'count': 28}, 'ALT': {'allele': 'C', 'hp': 2, 'count': 24}}

chr6:71269571 --> {'REF': {'allele': 'C', 'hp': 1, 'count': 32}, 'ALT': {'allele': 'T', 'hp': 2, 'count': 17}}

chr6:72270666 --> {'REF': {'allele': 'G', 'hp': 2, 'count': 28}, 'ALT': {'allele': 'A', 'hp': 1, 'count': 27}}

chr6:74077266 --> {'REF': {'allele': 'T', 'hp': 1, 'count': 19}, 'ALT': {'allele': 'C', 'hp': 2, 'count': 15}}

chr6:74399693 --> {'REF': {'allele': 'A', 'hp': 1, 'count': 13}, 'ALT': {'allele': 'A', 'hp': 1, 'count': 13}}

chr6:75352050 --> {'REF': {'allele': 'G', 'hp': 1, 'count': 32}, 'ALT': {'allele': 'C', 'hp': 2, 'count': 15}}

chr6:75945266 --> {'REF': {'allele': 'C', 'hp': 2, 'count': 30}, 'ALT': {'allele': 'T', 'hp': 1, 'count': 22}}

chr6:76861714 --> {'REF': {'allele': 'G', 'hp': 1, 'count': 17}, 'ALT': {'allele': 'A', 'hp': 2, 'count': 14}}

chr6:77800670 --> {'REF': {'allele': 'T', 'hp': 1, 'count': 25}, 'ALT': {'allele': 'C', 'hp': 2, 'count': 21}}

chr6:79166712 --> {'REF': {'allele': 'T', 'hp': 2, 'count': 24}, 'ALT': {'allele': 'C', 'hp': 1, 'count': 22}}

chr6:80507722 --> {'REF': {'allele': 'C', 'hp': 1, 'count': 31}, 'ALT': {'allele': 'T', 'hp': 2, 'count': 19}}

chr6:81240094 --> {'REF': {'allele': 'C', 'hp': 2, 'count': 51}, 'ALT': {'allele': 'T', 'hp': 1, 'count': 28}}

chr6:83048447 --> {'REF': {'allele': 'A', 'hp': 1, 'count': 28}, 'ALT': {'allele': 'G', 'hp': 2, 'count': 26}}

chr6:83524841 --> {'REF': {'allele': 'G', 'hp': 2, 'count': 24}, 'ALT': {'allele': 'C', 'hp': 1, 'count': 22}}

chr6:85727908 --> {'REF': {'allele': 'A', 'hp': 1, 'count': 24}, 'ALT': {'allele': 'G', 'hp': 2, 'count': 19}}

chr6:87026152 --> {'REF': {'allele': 'G', 'hp': 2, 'count': 35}, 'ALT': {'allele': 'C', 'hp': 1, 'count': 18}}

chr6:87554675 --> {'REF': {'allele': 'A', 'hp': 1, 'count': 20}, 'ALT': {'allele': 'G', 'hp': 2, 'count': 18}}

chr6:88618612 --> {'REF': {'allele': 'A', 'hp': 1, 'count': 25}, 'ALT': {'allele': 'C', 'hp': 2, 'count': 23}}

chr6:89236727 --> {'REF': {'allele': 'T', 'hp': 1, 'count': 29}, 'ALT': {'allele': 'C', 'hp': 2, 'count': 20}}

chr6:89718235 --> {'REF': {'allele': 'G', 'hp': 1, 'count': 24}, 'ALT': {'allele': 'A', 'hp': 2, 'count': 20}}

chr6:90555079 --> {'REF': {'allele': 'A', 'hp': 1, 'count': 13}, 'ALT': {'allele': 'G', 'hp': 2, 'count': 11}}

chr6:91429699 --> {'REF': {'allele': 'C', 'hp': 1, 'count': 26}, 'ALT': {'allele': 'T', 'hp': 2, 'count': 16}}

chr6:91857263 --> {'REF': {'allele': 'C', 'hp': 1, 'count': 31}, 'ALT': {'allele': 'T', 'hp': 2, 'count': 29}}

chr6:92456141 --> {'REF': {'allele': 'C', 'hp': 2, 'count': 24}, 'ALT': {'allele': 'T', 'hp': 1, 'count': 20}}

chr6:92798858 --> {'REF': {'allele': 'G', 'hp': 2, 'count': 32}, 'ALT': {'allele': 'G', 'hp': 2, 'count': 32}}

chr6:94119729 --> {'REF': {'allele': 'T', 'hp': 2, 'count': 26}, 'ALT': {'allele': 'A', 'hp': 1, 'count': 16}}

chr6:94801124 --> {'REF': {'allele': 'A', 'hp': 1, 'count': 32}, 'ALT': {'allele': 'G', 'hp': 2, 'count': 28}}

chr6:95712402 --> {'REF': {'allele': 'G', 'hp': 1, 'count': 27}, 'ALT': {'allele': 'A', 'hp': 2, 'count': 26}}

chr6:96599324 --> {'REF': {'allele': 'T', 'hp': 1, 'count': 35}, 'ALT': {'allele': 'C', 'hp': 2, 'count': 33}}

chr6:97295788 --> {'REF': {'allele': 'T', 'hp': 1, 'count': 31}, 'ALT': {'allele': 'G', 'hp': 2, 'count': 22}}

chr6:98073434 --> {'REF': {'allele': 'G', 'hp': 1, 'count': 32}, 'ALT': {'allele': 'C', 'hp': 2, 'count': 20}}

chr6:99266187 --> {'REF': {'allele': 'C', 'hp': 1, 'count': 25}, 'ALT': {'allele': 'T', 'hp': 2, 'count': 21}}

chr6:99689789 --> {'REF': {'allele': 'C', 'hp': 2, 'count': 28}, 'ALT': {'allele': 'T', 'hp': 1, 'count': 25}}

chr6:100191980 --> {'REF': {'allele': 'C', 'hp': 1, 'count': 15}, 'ALT': {'allele': 'T', 'hp': 2, 'count': 11}}

chr6:100428613 --> {'REF': {'allele': 'C', 'hp': 1, 'count': 20}, 'ALT': {'allele': 'T', 'hp': 2, 'count': 16}}

chr6:101364213 --> {'REF': {'allele': 'G', 'hp': 1, 'count': 29}, 'ALT': {'allele': 'C', 'hp': 2, 'count': 11}}

chr6:102063621 --> {'REF': {'allele': 'A', 'hp': 2, 'count': 23}, 'ALT': {'allele': 'A', 'hp': 2, 'count': 23}}

chr6:103773500 --> {'REF': {'allele': 'A', 'hp': 2, 'count': 41}, 'ALT': {'allele': 'G', 'hp': 1, 'count': 26}}

chr6:104922256 --> {'REF': {'allele': 'C', 'hp': 2, 'count': 24}, 'ALT': {'allele': 'T', 'hp': 1, 'count': 14}}

chr6:105533867 --> {'REF': {'allele': 'T', 'hp': 1, 'count': 31}, 'ALT': {'allele': 'G', 'hp': 2, 'count': 30}}

chr6:106787535 --> {'REF': {'allele': 'T', 'hp': 1, 'count': 26}, 'ALT': {'allele': 'C', 'hp': 2, 'count': 20}}

chr6:107059311 --> {'REF': {'allele': 'C', 'hp': 1, 'count': 21}, 'ALT': {'allele': 'T', 'hp': 2, 'count': 20}}

chr6:109185026 --> {'REF': {'allele': 'C', 'hp': 2, 'count': 17}, 'ALT': {'allele': 'G', 'hp': 1, 'count': 16}}

chr6:110142466 --> {'REF': {'allele': 'A', 'hp': 1, 'count': 18}, 'ALT': {'allele': 'G', 'hp': 2, 'count': 11}}

chr6:111540339 --> {'REF': {'allele': 'G', 'hp': 2, 'count': 25}, 'ALT': {'allele': 'C', 'hp': 1, 'count': 22}}

chr6:112199713 --> {'REF': {'allele': 'G', 'hp': 1, 'count': 13}, 'ALT': {'allele': 'A', 'hp': 2, 'count': 11}}

chr6:113730462 --> {'REF': {'allele': 'C', 'hp': 2, 'count': 25}, 'ALT': {'allele': 'T', 'hp': 1, 'count': 24}}

chr6:115929780 --> {'REF': {'allele': 'G', 'hp': 2, 'count': 34}, 'ALT': {'allele': 'A', 'hp': 1, 'count': 31}}

chr6:116492299 --> {'REF': {'allele': 'C', 'hp': 2, 'count': 23}, 'ALT': {'allele': 'T', 'hp': 1, 'count': 18}}

chr6:117533504 --> {'REF': {'allele': 'A', 'hp': 2, 'count': 27}, 'ALT': {'allele': 'G', 'hp': 1, 'count': 17}}

chr6:118158643 --> {'REF': {'allele': 'A', 'hp': 1, 'count': 33}, 'ALT': {'allele': 'G', 'hp': 2, 'count': 24}}

chr6:118678093 --> {'REF': {'allele': 'A', 'hp': 2, 'count': 19}, 'ALT': {'allele': 'T', 'hp': 1, 'count': 17}}

chr6:118988597 --> {'REF': {'allele': 'T', 'hp': 2, 'count': 22}, 'ALT': {'allele': 'G', 'hp': 1, 'count': 21}}

chr6:121203465 --> {'REF': {'allele': 'C', 'hp': 2, 'count': 27}, 'ALT': {'allele': 'T', 'hp': 1, 'count': 24}}

chr6:123238223 --> {'REF': {'allele': 'C', 'hp': 2, 'count': 21}, 'ALT': {'allele': 'T', 'hp': 1, 'count': 17}}

chr6:124177990 --> {'REF': {'allele': 'T', 'hp': 2, 'count': 23}, 'ALT': {'allele': 'C', 'hp': 1, 'count': 19}}

chr6:124640428 --> {'REF': {'allele': 'G', 'hp': 1, 'count': 36}, 'ALT': {'allele': 'A', 'hp': 2, 'count': 24}}

chr6:124761551 --> {'REF': {'allele': 'A', 'hp': 1, 'count': 29}, 'ALT': {'allele': 'C', 'hp': 2, 'count': 14}}

chr6:125448677 --> {'REF': {'allele': 'G', 'hp': 1, 'count': 35}, 'ALT': {'allele': 'T', 'hp': 2, 'count': 16}}

chr6:125502939 --> {'REF': {'allele': 'T', 'hp': 1, 'count': 34}, 'ALT': {'allele': 'C', 'hp': 2, 'count': 28}}

chr6:125720135 --> {'REF': {'allele': 'A', 'hp': 1, 'count': 31}, 'ALT': {'allele': 'G', 'hp': 2, 'count': 14}}

chr6:125973952 --> {'REF': {'allele': 'A', 'hp': 1, 'count': 30}, 'ALT': {'allele': 'G', 'hp': 2, 'count': 20}}

chr6:127167747 --> {'REF': {'allele': 'G', 'hp': 2, 'count': 20}, 'ALT': {'allele': 'A', 'hp': 1, 'count': 19}}

chr6:127356777 --> {'REF': {'allele': 'T', 'hp': 1, 'count': 22}, 'ALT': {'allele': 'G', 'hp': 2, 'count': 16}}

chr6:127928570 --> {'REF': {'allele': 'T', 'hp': 2, 'count': 31}, 'ALT': {'allele': 'C', 'hp': 1, 'count': 19}}

chr6:128222268 --> {'REF': {'allele': 'C', 'hp': 1, 'count': 26}, 'ALT': {'allele': 'G', 'hp': 2, 'count': 19}}

chr6:128777501 --> {'REF': {'allele': 'T', 'hp': 2, 'count': 32}, 'ALT': {'allele': 'C', 'hp': 1, 'count': 22}}

chr6:129178970 --> {'REF': {'allele': 'T', 'hp': 1, 'count': 42}, 'ALT': {'allele': 'C', 'hp': 2, 'count': 37}}

chr6:130466694 --> {'REF': {'allele': 'G', 'hp': 1, 'count': 27}, 'ALT': {'allele': 'T', 'hp': 2, 'count': 23}}

chr6:130978890 --> {'REF': {'allele': 'T', 'hp': 2, 'count': 19}, 'ALT': {'allele': 'C', 'hp': 1, 'count': 17}}

chr6:131792089 --> {'REF': {'allele': 'A', 'hp': 1, 'count': 31}, 'ALT': {'allele': 'G', 'hp': 2, 'count': 21}}

chr6:132119561 --> {'REF': {'allele': 'T', 'hp': 1, 'count': 22}, 'ALT': {'allele': 'C', 'hp': 2, 'count': 19}}

chr6:132543947 --> {'REF': {'allele': 'G', 'hp': 2, 'count': 21}, 'ALT': {'allele': 'A', 'hp': 1, 'count': 18}}

chr6:133261712 --> {'REF': {'allele': 'T', 'hp': 1, 'count': 34}, 'ALT': {'allele': 'A', 'hp': 2, 'count': 18}}

chr6:133803167 --> {'REF': {'allele': 'C', 'hp': 2, 'count': 17}, 'ALT': {'allele': 'T', 'hp': 1, 'count': 15}}

chr6:134133702 --> {'REF': {'allele': 'C', 'hp': 2, 'count': 31}, 'ALT': {'allele': 'T', 'hp': 1, 'count': 21}}

chr6:134813531 --> {'REF': {'allele': 'T', 'hp': 2, 'count': 24}, 'ALT': {'allele': 'T', 'hp': 2, 'count': 24}}

chr6:135636126 --> {'REF': {'allele': 'A', 'hp': 1, 'count': 24}, 'ALT': {'allele': 'G', 'hp': 2, 'count': 20}}

chr6:136219451 --> {'REF': {'allele': 'T', 'hp': 1, 'count': 26}, 'ALT': {'allele': 'C', 'hp': 2, 'count': 18}}

chr6:136391659 --> {'REF': {'allele': 'C', 'hp': 1, 'count': 25}, 'ALT': {'allele': 'T', 'hp': 2, 'count': 17}}

chr6:137825278 --> {'REF': {'allele': 'G', 'hp': 2, 'count': 19}, 'ALT': {'allele': 'A', 'hp': 1, 'count': 16}}

chr6:138165203 --> {'REF': {'allele': 'C', 'hp': 2, 'count': 18}, 'ALT': {'allele': 'T', 'hp': 1, 'count': 16}}

chr6:138873776 --> {'REF': {'allele': 'T', 'hp': 1, 'count': 30}, 'ALT': {'allele': 'C', 'hp': 2, 'count': 26}}

chr6:139232903 --> {'REF': {'allele': 'A', 'hp': 1, 'count': 20}, 'ALT': {'allele': 'G', 'hp': 2, 'count': 13}}

chr6:139492284 --> {'REF': {'allele': 'A', 'hp': 2, 'count': 22}, 'ALT': {'allele': 'G', 'hp': 1, 'count': 19}}

chr6:139809536 --> {'REF': {'allele': 'C', 'hp': 2, 'count': 18}, 'ALT': {'allele': 'A', 'hp': 1, 'count': 11}}

chr6:139962039 --> {'REF': {'allele': 'A', 'hp': 2, 'count': 26}, 'ALT': {'allele': 'G', 'hp': 1, 'count': 20}}

chr6:142180088 --> {'REF': {'allele': 'C', 'hp': 2, 'count': 41}, 'ALT': {'allele': 'T', 'hp': 1, 'count': 37}}

chr6:143370094 --> {'REF': {'allele': 'A', 'hp': 2, 'count': 28}, 'ALT': {'allele': 'G', 'hp': 1, 'count': 24}}

chr6:143998584 --> {'REF': {'allele': 'A', 'hp': 2, 'count': 30}, 'ALT': {'allele': 'G', 'hp': 1, 'count': 13}}

chr6:144483191 --> {'REF': {'allele': 'A', 'hp': 2, 'count': 27}, 'ALT': {'allele': 'G', 'hp': 1, 'count': 26}}

chr6:144945220 --> {'REF': {'allele': 'T', 'hp': 2, 'count': 21}, 'ALT': {'allele': 'A', 'hp': 1, 'count': 16}}

chr6:145250081 --> {'REF': {'allele': 'T', 'hp': 1, 'count': 19}, 'ALT': {'allele': 'C', 'hp': 2, 'count': 10}}

chr6:145483684 --> {'REF': {'allele': 'C', 'hp': 1, 'count': 13}, 'ALT': {'allele': 'G', 'hp': 2, 'count': 12}}

chr6:146087774 --> {'REF': {'allele': 'T', 'hp': 1, 'count': 23}, 'ALT': {'allele': 'G', 'hp': 2, 'count': 17}}

chr6:146139548 --> {'REF': {'allele': 'G', 'hp': 2, 'count': 26}, 'ALT': {'allele': 'A', 'hp': 1, 'count': 18}}

chr6:147549486 --> {'REF': {'allele': 'T', 'hp': 2, 'count': 20}, 'ALT': {'allele': 'T', 'hp': 2, 'count': 20}}

chr6:147634891 --> {'REF': {'allele': 'C', 'hp': 2, 'count': 21}, 'ALT': {'allele': 'T', 'hp': 1, 'count': 12}}

chr6:148112575 --> {'REF': {'allele': 'C', 'hp': 1, 'count': 29}, 'ALT': {'allele': 'G', 'hp': 2, 'count': 25}}

chr6:148362667 --> {'REF': {'allele': 'C', 'hp': 2, 'count': 25}, 'ALT': {'allele': 'T', 'hp': 1, 'count': 21}}

chr6:148899031 --> {'REF': {'allele': 'A', 'hp': 2, 'count': 24}, 'ALT': {'allele': 'G', 'hp': 1, 'count': 15}}

chr6:149586649 --> {'REF': {'allele': 'A', 'hp': 1, 'count': 13}, 'ALT': {'allele': 'G', 'hp': 2, 'count': 12}}

chr6:150254815 --> {'REF': {'allele': 'C', 'hp': 1, 'count': 24}, 'ALT': {'allele': 'T', 'hp': 2, 'count': 18}}

chr6:150688775 --> {'REF': {'allele': 'A', 'hp': 2, 'count': 18}, 'ALT': {'allele': 'G', 'hp': 1, 'count': 11}}

chr6:151085694 --> {'REF': {'allele': 'A', 'hp': 1, 'count': 18}, 'ALT': {'allele': 'G', 'hp': 2, 'count': 10}}

chr6:151652182 --> {'REF': {'allele': 'A', 'hp': 2, 'count': 19}, 'ALT': {'allele': 'G', 'hp': 1, 'count': 17}}

chr6:152168168 --> {'REF': {'allele': 'T', 'hp': 1, 'count': 14}, 'ALT': {'allele': 'A', 'hp': 2, 'count': 13}}

chr6:152555107 --> {'REF': {'allele': 'G', 'hp': 1, 'count': 15}, 'ALT': {'allele': 'A', 'hp': 2, 'count': 13}}

chr6:152802710 --> {'REF': {'allele': 'T', 'hp': 1, 'count': 24}, 'ALT': {'allele': 'C', 'hp': 2, 'count': 22}}

chr6:153562767 --> {'REF': {'allele': 'A', 'hp': 2, 'count': 19}, 'ALT': {'allele': 'A', 'hp': 2, 'count': 19}}

chr6:156296695 --> {'REF': {'allele': 'G', 'hp': 1, 'count': 17}, 'ALT': {'allele': 'T', 'hp': 2, 'count': 16}}

chr6:160429571 --> {'REF': {'allele': 'C', 'hp': 1, 'count': 18}, 'ALT': {'allele': 'T', 'hp': 2, 'count': 9}}

chr6:162044142 --> {'REF': {'allele': 'G', 'hp': 2, 'count': 24}, 'ALT': {'allele': 'A', 'hp': 1, 'count': 22}}

chr6:162268116 --> {'REF': {'allele': 'C', 'hp': 2, 'count': 15}, 'ALT': {'allele': 'A', 'hp': 1, 'count': 12}}

chr6:162568546 --> {'REF': {'allele': 'T', 'hp': 1, 'count': 24}, 'ALT': {'allele': 'C', 'hp': 2, 'count': 18}}

chr6:163079181 --> {'REF': {'allele': 'C', 'hp': 2, 'count': 25}, 'ALT': {'allele': 'T', 'hp': 1, 'count': 22}}

chr6:163436739 --> {'REF': {'allele': 'C', 'hp': 2, 'count': 26}, 'ALT': {'allele': 'T', 'hp': 1, 'count': 18}}

chr6:163827063 --> {'REF': {'allele': 'G', 'hp': 2, 'count': 11}, 'ALT': {'allele': 'A', 'hp': 1, 'count': 10}}

chr6:164251934 --> {'REF': {'allele': 'G', 'hp': 2, 'count': 21}, 'ALT': {'allele': 'A', 'hp': 1, 'count': 18}}

chr6:165048380 --> {'REF': {'allele': 'C', 'hp': 1, 'count': 21}, 'ALT': {'allele': 'T', 'hp': 2, 'count': 11}}

chr6:165326652 --> {'REF': {'allele': 'A', 'hp': 2, 'count': 11}, 'ALT': {'allele': 'G', 'hp': 1, 'count': 9}}

chr6:166729086 --> {'REF': {'allele': 'T', 'hp': 1, 'count': 25}, 'ALT': {'allele': 'C', 'hp': 2, 'count': 24}}

chr6:167651210 --> {'REF': {'allele': 'G', 'hp': 1, 'count': 13}, 'ALT': {'allele': 'C', 'hp': 2, 'count': 10}}

chr6:170884268 --> {'REF': {'allele': 'C', 'hp': 2, 'count': 28}, 'ALT': {'allele': 'T', 'hp': 1, 'count': 23}}

chr6:171119990 --> {'REF': {'allele': 'A', 'hp': 1, 'count': 23}, 'ALT': {'allele': 'C', 'hp': 2, 'count': 21}}

chr6:171387110 --> {'REF': {'allele': 'C', 'hp': 1, 'count': 10}, 'ALT': {'allele': 'T', 'hp': 2, 'count': 9}}

chr14:14403613 --> {'REF': {'allele': 'G', 'hp': 1, 'count': 23}, 'ALT': {'allele': 'A', 'hp': 2, 'count': 19}}

chr14:15170981 --> {'REF': {'allele': 'G', 'hp': 1, 'count': 17}, 'ALT': {'allele': 'A', 'hp': 2, 'count': 13}}

chr14:15353067 --> {'REF': {'allele': 'A', 'hp': 2, 'count': 14}, 'ALT': {'allele': 'G', 'hp': 1, 'count': 11}}

chr14:15702209 --> {'REF': {'allele': 'C', 'hp': 1, 'count': 19}, 'ALT': {'allele': 'G', 'hp': 2, 'count': 16}}

chr14:16115907 --> {'REF': {'allele': 'T', 'hp': 2, 'count': 20}, 'ALT': {'allele': 'C', 'hp': 1, 'count': 17}}

chr14:17652606 --> {'REF': {'allele': 'G', 'hp': 1, 'count': 20}, 'ALT': {'allele': 'A', 'hp': 2, 'count': 15}}

chr14:18101597 --> {'REF': {'allele': 'G', 'hp': 2, 'count': 21}, 'ALT': {'allele': 'A', 'hp': 1, 'count': 14}}

chr14:19722041 --> {'REF': {'allele': 'A', 'hp': 2, 'count': 23}, 'ALT': {'allele': 'C', 'hp': 1, 'count': 22}}

chr14:19973896 --> {'REF': {'allele': 'G', 'hp': 1, 'count': 24}, 'ALT': {'allele': 'C', 'hp': 2, 'count': 19}}

chr14:20268184 --> {'REF': {'allele': 'A', 'hp': 2, 'count': 26}, 'ALT': {'allele': 'T', 'hp': 1, 'count': 13}}

chr14:20426544 --> {'REF': {'allele': 'T', 'hp': 2, 'count': 27}, 'ALT': {'allele': 'C', 'hp': 1, 'count': 25}}

chr14:21239805 --> {'REF': {'allele': 'G', 'hp': 1, 'count': 31}, 'ALT': {'allele': 'A', 'hp': 2, 'count': 29}}

chr14:22445699 --> {'REF': {'allele': 'C', 'hp': 2, 'count': 24}, 'ALT': {'allele': 'T', 'hp': 1, 'count': 20}}

chr14:23366392 --> {'REF': {'allele': 'A', 'hp': 1, 'count': 22}, 'ALT': {'allele': 'G', 'hp': 2, 'count': 16}}

chr14:24433823 --> {'REF': {'allele': 'T', 'hp': 2, 'count': 23}, 'ALT': {'allele': 'C', 'hp': 1, 'count': 20}}

chr14:26715357 --> {'REF': {'allele': 'G', 'hp': 1, 'count': 20}, 'ALT': {'allele': 'A', 'hp': 2, 'count': 18}}

chr14:27590647 --> {'REF': {'allele': 'A', 'hp': 1, 'count': 28}, 'ALT': {'allele': 'G', 'hp': 2, 'count': 22}}

chr14:28021986 --> {'REF': {'allele': 'A', 'hp': 2, 'count': 22}, 'ALT': {'allele': 'A', 'hp': 2, 'count': 22}}

chr14:28200320 --> {'REF': {'allele': 'C', 'hp': 1, 'count': 22}, 'ALT': {'allele': 'T', 'hp': 2, 'count': 14}}

chr14:28552848 --> {'REF': {'allele': 'C', 'hp': 2, 'count': 17}, 'ALT': {'allele': 'G', 'hp': 1, 'count': 15}}

chr14:28961885 --> {'REF': {'allele': 'G', 'hp': 2, 'count': 16}, 'ALT': {'allele': 'A', 'hp': 1, 'count': 15}}

chr14:31073346 --> {'REF': {'allele': 'T', 'hp': 1, 'count': 29}, 'ALT': {'allele': 'C', 'hp': 2, 'count': 18}}

chr14:31148765 --> {'REF': {'allele': 'T', 'hp': 2, 'count': 34}, 'ALT': {'allele': 'C', 'hp': 1, 'count': 33}}

chr14:32703433 --> {'REF': {'allele': 'G', 'hp': 2, 'count': 27}, 'ALT': {'allele': 'A', 'hp': 1, 'count': 23}}

chr14:33318095 --> {'REF': {'allele': 'T', 'hp': 1, 'count': 17}, 'ALT': {'allele': 'A', 'hp': 2, 'count': 11}}

chr14:34720952 --> {'REF': {'allele': 'A', 'hp': 2, 'count': 26}, 'ALT': {'allele': 'T', 'hp': 1, 'count': 25}}

chr14:36207752 --> {'REF': {'allele': 'C', 'hp': 1, 'count': 30}, 'ALT': {'allele': 'T', 'hp': 2, 'count': 15}}

chr14:36447935 --> {'REF': {'allele': 'T', 'hp': 2, 'count': 24}, 'ALT': {'allele': 'C', 'hp': 1, 'count': 19}}

chr14:36972439 --> {'REF': {'allele': 'A', 'hp': 1, 'count': 29}, 'ALT': {'allele': 'G', 'hp': 2, 'count': 25}}

chr14:37445909 --> {'REF': {'allele': 'G', 'hp': 1, 'count': 34}, 'ALT': {'allele': 'A', 'hp': 2, 'count': 19}}

chr14:37811175 --> {'REF': {'allele': 'C', 'hp': 1, 'count': 35}, 'ALT': {'allele': 'A', 'hp': 2, 'count': 30}}

chr14:38333067 --> {'REF': {'allele': 'G', 'hp': 2, 'count': 29}, 'ALT': {'allele': 'A', 'hp': 1, 'count': 23}}

chr14:38524988 --> {'REF': {'allele': 'A', 'hp': 1, 'count': 25}, 'ALT': {'allele': 'C', 'hp': 2, 'count': 21}}

chr14:39373705 --> {'REF': {'allele': 'A', 'hp': 2, 'count': 31}, 'ALT': {'allele': 'G', 'hp': 1, 'count': 28}}

chr14:39817669 --> {'REF': {'allele': 'C', 'hp': 2, 'count': 21}, 'ALT': {'allele': 'T', 'hp': 1, 'count': 19}}

chr14:40068288 --> {'REF': {'allele': 'C', 'hp': 2, 'count': 30}, 'ALT': {'allele': 'T', 'hp': 1, 'count': 22}}

chr14:42017701 --> {'REF': {'allele': 'T', 'hp': 2, 'count': 21}, 'ALT': {'allele': 'C', 'hp': 1, 'count': 20}}

chr14:43249577 --> {'REF': {'allele': 'C', 'hp': 2, 'count': 30}, 'ALT': {'allele': 'T', 'hp': 1, 'count': 29}}

chr14:43424938 --> {'REF': {'allele': 'C', 'hp': 1, 'count': 27}, 'ALT': {'allele': 'T', 'hp': 2, 'count': 24}}

chr14:43612006 --> {'REF': {'allele': 'T', 'hp': 1, 'count': 21}, 'ALT': {'allele': 'G', 'hp': 2, 'count': 18}}

chr14:44453723 --> {'REF': {'allele': 'T', 'hp': 1, 'count': 16}, 'ALT': {'allele': 'C', 'hp': 2, 'count': 10}}

chr14:47024645 --> {'REF': {'allele': 'A', 'hp': 1, 'count': 15}, 'ALT': {'allele': 'C', 'hp': 2, 'count': 13}}

chr14:47443552 --> {'REF': {'allele': 'C', 'hp': 2, 'count': 17}, 'ALT': {'allele': 'T', 'hp': 1, 'count': 12}}

chr14:48225960 --> {'REF': {'allele': 'T', 'hp': 1, 'count': 24}, 'ALT': {'allele': 'C', 'hp': 2, 'count': 14}}

chr14:48590911 --> {'REF': {'allele': 'A', 'hp': 2, 'count': 16}, 'ALT': {'allele': 'T', 'hp': 1, 'count': 11}}

chr14:48895983 --> {'REF': {'allele': 'A', 'hp': 2, 'count': 19}, 'ALT': {'allele': 'G', 'hp': 1, 'count': 18}}

chr14:49650153 --> {'REF': {'allele': 'A', 'hp': 1, 'count': 15}, 'ALT': {'allele': 'G', 'hp': 2, 'count': 11}}

chr14:50393403 --> {'REF': {'allele': 'G', 'hp': 1, 'count': 27}, 'ALT': {'allele': 'A', 'hp': 2, 'count': 16}}

chr14:50871704 --> {'REF': {'allele': 'C', 'hp': 2, 'count': 15}, 'ALT': {'allele': 'T', 'hp': 1, 'count': 14}}

chr14:52658174 --> {'REF': {'allele': 'C', 'hp': 1, 'count': 30}, 'ALT': {'allele': 'T', 'hp': 2, 'count': 20}}

chr14:52885984 --> {'REF': {'allele': 'A', 'hp': 1, 'count': 27}, 'ALT': {'allele': 'C', 'hp': 2, 'count': 14}}

chr14:53759007 --> {'REF': {'allele': 'G', 'hp': 1, 'count': 27}, 'ALT': {'allele': 'A', 'hp': 2, 'count': 18}}

chr14:54525031 --> {'REF': {'allele': 'A', 'hp': 1, 'count': 21}, 'ALT': {'allele': 'G', 'hp': 2, 'count': 10}}

chr14:55481813 --> {'REF': {'allele': 'T', 'hp': 2, 'count': 13}, 'ALT': {'allele': 'C', 'hp': 1, 'count': 12}}

chr14:56050689 --> {'REF': {'allele': 'A', 'hp': 1, 'count': 22}, 'ALT': {'allele': 'G', 'hp': 2, 'count': 14}}

chr14:56188075 --> {'REF': {'allele': 'T', 'hp': 2, 'count': 23}, 'ALT': {'allele': 'G', 'hp': 1, 'count': 20}}

chr14:56732951 --> {'REF': {'allele': 'C', 'hp': 1, 'count': 23}, 'ALT': {'allele': 'T', 'hp': 2, 'count': 17}}

chr14:58436387 --> {'REF': {'allele': 'A', 'hp': 2, 'count': 12}, 'ALT': {'allele': 'A', 'hp': 2, 'count': 12}}

chr14:59204079 --> {'REF': {'allele': 'T', 'hp': 1, 'count': 17}, 'ALT': {'allele': 'T', 'hp': 1, 'count': 17}}

chr14:60027857 --> {'REF': {'allele': 'T', 'hp': 1, 'count': 18}, 'ALT': {'allele': 'G', 'hp': 2, 'count': 16}}

chr14:60273802 --> {'REF': {'allele': 'T', 'hp': 2, 'count': 20}, 'ALT': {'allele': 'C', 'hp': 1, 'count': 17}}

chr14:61730831 --> {'REF': {'allele': 'A', 'hp': 1, 'count': 14}, 'ALT': {'allele': 'C', 'hp': 2, 'count': 12}}

chr14:62665150 --> {'REF': {'allele': 'A', 'hp': 1, 'count': 21}, 'ALT': {'allele': 'A', 'hp': 1, 'count': 21}}

chr14:64153887 --> {'REF': {'allele': 'T', 'hp': 2, 'count': 17}, 'ALT': {'allele': 'A', 'hp': 1, 'count': 15}}

chr14:64419884 --> {'REF': {'allele': 'C', 'hp': 2, 'count': 22}, 'ALT': {'allele': 'T', 'hp': 1, 'count': 15}}

chr14:65103781 --> {'REF': {'allele': 'A', 'hp': 1, 'count': 19}, 'ALT': {'allele': 'G', 'hp': 2, 'count': 10}}

chr14:66022892 --> {'REF': {'allele': 'A', 'hp': 2, 'count': 20}, 'ALT': {'allele': 'G', 'hp': 1, 'count': 13}}

chr14:66461878 --> {'REF': {'allele': 'T', 'hp': 1, 'count': 18}, 'ALT': {'allele': 'A', 'hp': 2, 'count': 16}}

chr14:69185480 --> {'REF': {'allele': 'A', 'hp': 1, 'count': 12}, 'ALT': {'allele': 'G', 'hp': 2, 'count': 9}}

chr14:69589576 --> {'REF': {'allele': 'C', 'hp': 1, 'count': 20}, 'ALT': {'allele': 'T', 'hp': 2, 'count': 13}}

chr14:70687562 --> {'REF': {'allele': 'C', 'hp': 2, 'count': 10}, 'ALT': {'allele': 'T', 'hp': 1, 'count': 9}}

chr14:71363965 --> {'REF': {'allele': 'G', 'hp': 1, 'count': 12}, 'ALT': {'allele': 'A', 'hp': 2, 'count': 10}}

chr14:72318480 --> {'REF': {'allele': 'A', 'hp': 2, 'count': 14}, 'ALT': {'allele': 'G', 'hp': 1, 'count': 13}}

chr14:72750008 --> {'REF': {'allele': 'C', 'hp': 2, 'count': 22}, 'ALT': {'allele': 'T', 'hp': 1, 'count': 20}}

chr14:72807882 --> {'REF': {'allele': 'G', 'hp': 2, 'count': 22}, 'ALT': {'allele': 'T', 'hp': 1, 'count': 11}}

chr14:73142111 --> {'REF': {'allele': 'T', 'hp': 2, 'count': 29}, 'ALT': {'allele': 'C', 'hp': 1, 'count': 23}}

chr14:74437621 --> {'REF': {'allele': 'A', 'hp': 2, 'count': 31}, 'ALT': {'allele': 'G', 'hp': 1, 'count': 24}}

chr14:74629993 --> {'REF': {'allele': 'T', 'hp': 1, 'count': 29}, 'ALT': {'allele': 'C', 'hp': 2, 'count': 21}}

chr14:75214142 --> {'REF': {'allele': 'T', 'hp': 2, 'count': 22}, 'ALT': {'allele': 'C', 'hp': 1, 'count': 17}}

chr14:76623377 --> {'REF': {'allele': 'C', 'hp': 2, 'count': 24}, 'ALT': {'allele': 'G', 'hp': 1, 'count': 22}}

chr14:78224436 --> {'REF': {'allele': 'A', 'hp': 1, 'count': 33}, 'ALT': {'allele': 'C', 'hp': 2, 'count': 26}}

chr14:78557445 --> {'REF': {'allele': 'G', 'hp': 2, 'count': 27}, 'ALT': {'allele': 'A', 'hp': 1, 'count': 26}}

chr14:79242552 --> {'REF': {'allele': 'C', 'hp': 2, 'count': 29}, 'ALT': {'allele': 'T', 'hp': 1, 'count': 24}}

chr14:81129949 --> {'REF': {'allele': 'T', 'hp': 2, 'count': 29}, 'ALT': {'allele': 'G', 'hp': 1, 'count': 24}}

chr14:82786347 --> {'REF': {'allele': 'C', 'hp': 2, 'count': 12}, 'ALT': {'allele': 'T', 'hp': 1, 'count': 10}}

chr14:83631373 --> {'REF': {'allele': 'A', 'hp': 2, 'count': 15}, 'ALT': {'allele': 'G', 'hp': 1, 'count': 12}}

chr14:83740778 --> {'REF': {'allele': 'A', 'hp': 1, 'count': 12}, 'ALT': {'allele': 'G', 'hp': 2, 'count': 9}}

chr14:84060953 --> {'REF': {'allele': 'T', 'hp': 2, 'count': 24}, 'ALT': {'allele': 'A', 'hp': 1, 'count': 20}}

chr14:84944570 --> {'REF': {'allele': 'A', 'hp': 2, 'count': 16}, 'ALT': {'allele': 'C', 'hp': 1, 'count': 15}}

chr14:85442001 --> {'REF': {'allele': 'T', 'hp': 2, 'count': 15}, 'ALT': {'allele': 'C', 'hp': 1, 'count': 10}}

chr14:86504899 --> {'REF': {'allele': 'A', 'hp': 2, 'count': 19}, 'ALT': {'allele': 'G', 'hp': 1, 'count': 10}}

chr14:86829461 --> {'REF': {'allele': 'T', 'hp': 2, 'count': 17}, 'ALT': {'allele': 'T', 'hp': 2, 'count': 17}}

chr14:88341170 --> {'REF': {'allele': 'T', 'hp': 1, 'count': 18}, 'ALT': {'allele': 'C', 'hp': 2, 'count': 15}}

chr14:88667570 --> {'REF': {'allele': 'G', 'hp': 2, 'count': 21}, 'ALT': {'allele': 'A', 'hp': 1, 'count': 16}}

chr14:89311335 --> {'REF': {'allele': 'A', 'hp': 2, 'count': 23}, 'ALT': {'allele': 'G', 'hp': 1, 'count': 18}}

chr14:89667785 --> {'REF': {'allele': 'A', 'hp': 2, 'count': 15}, 'ALT': {'allele': 'G', 'hp': 1, 'count': 9}}

chr14:90081063 --> {'REF': {'allele': 'G', 'hp': 2, 'count': 14}, 'ALT': {'allele': 'C', 'hp': 1, 'count': 12}}

chr14:90316981 --> {'REF': {'allele': 'G', 'hp': 2, 'count': 16}, 'ALT': {'allele': 'A', 'hp': 1, 'count': 15}}

chr14:90605680 --> {'REF': {'allele': 'G', 'hp': 2, 'count': 17}, 'ALT': {'allele': 'A', 'hp': 1, 'count': 14}}

chr14:90885236 --> {'REF': {'allele': 'C', 'hp': 1, 'count': 17}, 'ALT': {'allele': 'T', 'hp': 2, 'count': 11}}

chr14:91919484 --> {'REF': {'allele': 'A', 'hp': 2, 'count': 20}, 'ALT': {'allele': 'G', 'hp': 1, 'count': 17}}

chr14:92862782 --> {'REF': {'allele': 'C', 'hp': 1, 'count': 24}, 'ALT': {'allele': 'T', 'hp': 2, 'count': 22}}

chr14:93550589 --> {'REF': {'allele': 'T', 'hp': 1, 'count': 19}, 'ALT': {'allele': 'C', 'hp': 2, 'count': 12}}

chr14:94145857 --> {'REF': {'allele': 'G', 'hp': 2, 'count': 12}, 'ALT': {'allele': 'A', 'hp': 1, 'count': 10}}

chr14:94343460 --> {'REF': {'allele': 'T', 'hp': 1, 'count': 10}, 'ALT': {'allele': 'C', 'hp': 2, 'count': 9}}

chr14:94862508 --> {'REF': {'allele': 'C', 'hp': 2, 'count': 14}, 'ALT': {'allele': 'G', 'hp': 1, 'count': 13}}

chr14:95234795 --> {'REF': {'allele': 'G', 'hp': 1, 'count': 26}, 'ALT': {'allele': 'A', 'hp': 2, 'count': 22}}

chr14:95556184 --> {'REF': {'allele': 'T', 'hp': 1, 'count': 22}, 'ALT': {'allele': 'C', 'hp': 2, 'count': 17}}

chr14:98010357 --> {'REF': {'allele': 'A', 'hp': 1, 'count': 15}, 'ALT': {'allele': 'C', 'hp': 2, 'count': 9}}

chr14:100576827 --> {'REF': {'allele': 'A', 'hp': 2, 'count': 21}, 'ALT': {'allele': 'G', 'hp': 1, 'count': 20}}

chr14:100734653 --> {'REF': {'allele': 'T', 'hp': 2, 'count': 22}, 'ALT': {'allele': 'C', 'hp': 1, 'count': 17}}

chr13:17905897 --> {'REF': {'allele': 'G', 'hp': 2, 'count': 18}, 'ALT': {'allele': 'A', 'hp': 1, 'count': 13}}

chr13:18278765 --> {'REF': {'allele': 'A', 'hp': 1, 'count': 16}, 'ALT': {'allele': 'C', 'hp': 2, 'count': 14}}

chr13:21478541 --> {'REF': {'allele': 'T', 'hp': 2, 'count': 19}, 'ALT': {'allele': 'C', 'hp': 1, 'count': 17}}

chr13:21595259 --> {'REF': {'allele': 'C', 'hp': 1, 'count': 24}, 'ALT': {'allele': 'T', 'hp': 2, 'count': 19}}

chr13:21915633 --> {'REF': {'allele': 'C', 'hp': 2, 'count': 21}, 'ALT': {'allele': 'G', 'hp': 1, 'count': 20}}

chr13:23209469 --> {'REF': {'allele': 'C', 'hp': 1, 'count': 18}, 'ALT': {'allele': 'T', 'hp': 2, 'count': 15}}

chr13:23458295 --> {'REF': {'allele': 'A', 'hp': 1, 'count': 17}, 'ALT': {'allele': 'G', 'hp': 2, 'count': 15}}

chr13:24399585 --> {'REF': {'allele': 'A', 'hp': 1, 'count': 15}, 'ALT': {'allele': 'G', 'hp': 2, 'count': 10}}

chr13:24702087 --> {'REF': {'allele': 'C', 'hp': 2, 'count': 13}, 'ALT': {'allele': 'T', 'hp': 1, 'count': 12}}

chr13:25868370 --> {'REF': {'allele': 'C', 'hp': 1, 'count': 27}, 'ALT': {'allele': 'T', 'hp': 2, 'count': 22}}

chr13:27833613 --> {'REF': {'allele': 'G', 'hp': 1, 'count': 20}, 'ALT': {'allele': 'A', 'hp': 2, 'count': 19}}

chr13:28197983 --> {'REF': {'allele': 'A', 'hp': 2, 'count': 22}, 'ALT': {'allele': 'T', 'hp': 1, 'count': 18}}

chr13:28354505 --> {'REF': {'allele': 'G', 'hp': 2, 'count': 24}, 'ALT': {'allele': 'A', 'hp': 1, 'count': 19}}

chr13:28517286 --> {'REF': {'allele': 'G', 'hp': 1, 'count': 24}, 'ALT': {'allele': 'T', 'hp': 2, 'count': 22}}

chr13:28954455 --> {'REF': {'allele': 'C', 'hp': 1, 'count': 20}, 'ALT': {'allele': 'G', 'hp': 2, 'count': 11}}

chr13:30185272 --> {'REF': {'allele': 'C', 'hp': 2, 'count': 22}, 'ALT': {'allele': 'T', 'hp': 1, 'count': 15}}

chr13:30448852 --> {'REF': {'allele': 'G', 'hp': 1, 'count': 21}, 'ALT': {'allele': 'C', 'hp': 2, 'count': 13}}

chr13:31410637 --> {'REF': {'allele': 'A', 'hp': 1, 'count': 21}, 'ALT': {'allele': 'G', 'hp': 2, 'count': 16}}

chr13:32017774 --> {'REF': {'allele': 'A', 'hp': 1, 'count': 21}, 'ALT': {'allele': 'G', 'hp': 2, 'count': 18}}

chr13:32409527 --> {'REF': {'allele': 'C', 'hp': 2, 'count': 25}, 'ALT': {'allele': 'T', 'hp': 1, 'count': 20}}

chr13:32939562 --> {'REF': {'allele': 'T', 'hp': 2, 'count': 19}, 'ALT': {'allele': 'C', 'hp': 1, 'count': 12}}

chr13:33285486 --> {'REF': {'allele': 'C', 'hp': 2, 'count': 21}, 'ALT': {'allele': 'T', 'hp': 1, 'count': 18}}

chr13:33371289 --> {'REF': {'allele': 'G', 'hp': 1, 'count': 25}, 'ALT': {'allele': 'G', 'hp': 1, 'count': 25}}

chr13:36297266 --> {'REF': {'allele': 'G', 'hp': 2, 'count': 20}, 'ALT': {'allele': 'A', 'hp': 1, 'count': 19}}

chr13:37278018 --> {'REF': {'allele': 'C', 'hp': 2, 'count': 30}, 'ALT': {'allele': 'A', 'hp': 1, 'count': 19}}

chr13:37924354 --> {'REF': {'allele': 'A', 'hp': 2, 'count': 25}, 'ALT': {'allele': 'G', 'hp': 1, 'count': 16}}

chr13:38489294 --> {'REF': {'allele': 'T', 'hp': 2, 'count': 22}, 'ALT': {'allele': 'A', 'hp': 1, 'count': 16}}

chr13:39320821 --> {'REF': {'allele': 'A', 'hp': 1, 'count': 20}, 'ALT': {'allele': 'G', 'hp': 2, 'count': 13}}

chr13:39573952 --> {'REF': {'allele': 'A', 'hp': 1, 'count': 23}, 'ALT': {'allele': 'G', 'hp': 2, 'count': 16}}

chr13:40165659 --> {'REF': {'allele': 'A', 'hp': 2, 'count': 26}, 'ALT': {'allele': 'G', 'hp': 1, 'count': 16}}

chr13:40290225 --> {'REF': {'allele': 'C', 'hp': 2, 'count': 17}, 'ALT': {'allele': 'T', 'hp': 1, 'count': 12}}

chr13:41289643 --> {'REF': {'allele': 'A', 'hp': 2, 'count': 18}, 'ALT': {'allele': 'G', 'hp': 1, 'count': 13}}

chr13:41740427 --> {'REF': {'allele': 'G', 'hp': 1, 'count': 24}, 'ALT': {'allele': 'A', 'hp': 2, 'count': 19}}

chr13:43069643 --> {'REF': {'allele': 'G', 'hp': 1, 'count': 32}, 'ALT': {'allele': 'T', 'hp': 2, 'count': 29}}

chr13:43711035 --> {'REF': {'allele': 'G', 'hp': 2, 'count': 19}, 'ALT': {'allele': 'A', 'hp': 1, 'count': 17}}

chr13:44473991 --> {'REF': {'allele': 'G', 'hp': 2, 'count': 19}, 'ALT': {'allele': 'A', 'hp': 1, 'count': 12}}

chr13:45000145 --> {'REF': {'allele': 'G', 'hp': 1, 'count': 21}, 'ALT': {'allele': 'T', 'hp': 2, 'count': 10}}

chr13:45346841 --> {'REF': {'allele': 'A', 'hp': 1, 'count': 20}, 'ALT': {'allele': 'G', 'hp': 2, 'count': 16}}

chr13:46453576 --> {'REF': {'allele': 'A', 'hp': 1, 'count': 21}, 'ALT': {'allele': 'G', 'hp': 2, 'count': 19}}

chr13:46777647 --> {'REF': {'allele': 'T', 'hp': 1, 'count': 25}, 'ALT': {'allele': 'C', 'hp': 2, 'count': 16}}

chr13:47839074 --> {'REF': {'allele': 'T', 'hp': 1, 'count': 21}, 'ALT': {'allele': 'C', 'hp': 2, 'count': 20}}

chr13:48410119 --> {'REF': {'allele': 'T', 'hp': 1, 'count': 30}, 'ALT': {'allele': 'C', 'hp': 2, 'count': 19}}

chr13:48631270 --> {'REF': {'allele': 'T', 'hp': 2, 'count': 22}, 'ALT': {'allele': 'C', 'hp': 1, 'count': 17}}

chr13:49961924 --> {'REF': {'allele': 'T', 'hp': 2, 'count': 32}, 'ALT': {'allele': 'C', 'hp': 1, 'count': 16}}

chr13:50357645 --> {'REF': {'allele': 'G', 'hp': 2, 'count': 21}, 'ALT': {'allele': 'A', 'hp': 1, 'count': 16}}

chr13:50467478 --> {'REF': {'allele': 'A', 'hp': 2, 'count': 16}, 'ALT': {'allele': 'G', 'hp': 1, 'count': 12}}

chr13:51574945 --> {'REF': {'allele': 'T', 'hp': 2, 'count': 17}, 'ALT': {'allele': 'C', 'hp': 1, 'count': 15}}

chr13:54482489 --> {'REF': {'allele': 'T', 'hp': 2, 'count': 26}, 'ALT': {'allele': 'C', 'hp': 1, 'count': 24}}

chr13:55918113 --> {'REF': {'allele': 'T', 'hp': 2, 'count': 31}, 'ALT': {'allele': 'C', 'hp': 1, 'count': 28}}

chr13:57160387 --> {'REF': {'allele': 'T', 'hp': 2, 'count': 30}, 'ALT': {'allele': 'C', 'hp': 1, 'count': 25}}

chr13:58078963 --> {'REF': {'allele': 'T', 'hp': 2, 'count': 33}, 'ALT': {'allele': 'C', 'hp': 1, 'count': 17}}

chr13:59734558 --> {'REF': {'allele': 'G', 'hp': 1, 'count': 28}, 'ALT': {'allele': 'A', 'hp': 2, 'count': 27}}

chr13:60514316 --> {'REF': {'allele': 'G', 'hp': 1, 'count': 30}, 'ALT': {'allele': 'T', 'hp': 2, 'count': 23}}

chr13:61681131 --> {'REF': {'allele': 'C', 'hp': 2, 'count': 38}, 'ALT': {'allele': 'T', 'hp': 1, 'count': 31}}

chr13:62415048 --> {'REF': {'allele': 'A', 'hp': 1, 'count': 29}, 'ALT': {'allele': 'G', 'hp': 2, 'count': 21}}

chr13:62516224 --> {'REF': {'allele': 'C', 'hp': 2, 'count': 24}, 'ALT': {'allele': 'C', 'hp': 2, 'count': 24}}

chr13:63119374 --> {'REF': {'allele': 'T', 'hp': 2, 'count': 33}, 'ALT': {'allele': 'C', 'hp': 1, 'count': 32}}

chr13:64703311 --> {'REF': {'allele': 'T', 'hp': 1, 'count': 31}, 'ALT': {'allele': 'C', 'hp': 2, 'count': 28}}

chr13:65831541 --> {'REF': {'allele': 'A', 'hp': 1, 'count': 30}, 'ALT': {'allele': 'G', 'hp': 2, 'count': 24}}

chr13:66255975 --> {'REF': {'allele': 'G', 'hp': 1, 'count': 26}, 'ALT': {'allele': 'A', 'hp': 2, 'count': 20}}

chr13:66544242 --> {'REF': {'allele': 'T', 'hp': 2, 'count': 26}, 'ALT': {'allele': 'G', 'hp': 1, 'count': 25}}

chr13:67641380 --> {'REF': {'allele': 'T', 'hp': 1, 'count': 24}, 'ALT': {'allele': 'C', 'hp': 2, 'count': 21}}

chr13:68472235 --> {'REF': {'allele': 'C', 'hp': 2, 'count': 40}, 'ALT': {'allele': 'G', 'hp': 1, 'count': 31}}

chr13:70589603 --> {'REF': {'allele': 'G', 'hp': 2, 'count': 33}, 'ALT': {'allele': 'A', 'hp': 1, 'count': 26}}

chr13:70935376 --> {'REF': {'allele': 'C', 'hp': 1, 'count': 44}, 'ALT': {'allele': 'T', 'hp': 2, 'count': 34}}

chr13:71739220 --> {'REF': {'allele': 'A', 'hp': 1, 'count': 30}, 'ALT': {'allele': 'T', 'hp': 2, 'count': 26}}

chr13:72560073 --> {'REF': {'allele': 'A', 'hp': 2, 'count': 24}, 'ALT': {'allele': 'G', 'hp': 1, 'count': 21}}

chr13:73057209 --> {'REF': {'allele': 'A', 'hp': 1, 'count': 27}, 'ALT': {'allele': 'C', 'hp': 2, 'count': 26}}

chr13:73219135 --> {'REF': {'allele': 'C', 'hp': 2, 'count': 29}, 'ALT': {'allele': 'T', 'hp': 1, 'count': 20}}

chr13:73362277 --> {'REF': {'allele': 'T', 'hp': 1, 'count': 16}, 'ALT': {'allele': 'G', 'hp': 2, 'count': 14}}

chr13:73557143 --> {'REF': {'allele': 'G', 'hp': 2, 'count': 28}, 'ALT': {'allele': 'A', 'hp': 1, 'count': 25}}

chr13:73918034 --> {'REF': {'allele': 'C', 'hp': 2, 'count': 31}, 'ALT': {'allele': 'T', 'hp': 1, 'count': 22}}

chr13:74590858 --> {'REF': {'allele': 'A', 'hp': 1, 'count': 24}, 'ALT': {'allele': 'T', 'hp': 2, 'count': 19}}

chr13:75180318 --> {'REF': {'allele': 'T', 'hp': 2, 'count': 22}, 'ALT': {'allele': 'C', 'hp': 1, 'count': 20}}

chr13:76828305 --> {'REF': {'allele': 'A', 'hp': 1, 'count': 24}, 'ALT': {'allele': 'G', 'hp': 2, 'count': 19}}

chr13:77468982 --> {'REF': {'allele': 'G', 'hp': 2, 'count': 36}, 'ALT': {'allele': 'A', 'hp': 1, 'count': 25}}

chr13:78038829 --> {'REF': {'allele': 'C', 'hp': 1, 'count': 35}, 'ALT': {'allele': 'T', 'hp': 2, 'count': 19}}

chr13:78328756 --> {'REF': {'allele': 'C', 'hp': 1, 'count': 29}, 'ALT': {'allele': 'T', 'hp': 2, 'count': 25}}

chr13:78504179 --> {'REF': {'allele': 'C', 'hp': 2, 'count': 28}, 'ALT': {'allele': 'A', 'hp': 1, 'count': 17}}

chr13:79351384 --> {'REF': {'allele': 'G', 'hp': 1, 'count': 32}, 'ALT': {'allele': 'A', 'hp': 2, 'count': 21}}

chr13:79449694 --> {'REF': {'allele': 'T', 'hp': 1, 'count': 23}, 'ALT': {'allele': 'A', 'hp': 2, 'count': 21}}

chr13:80627425 --> {'REF': {'allele': 'T', 'hp': 2, 'count': 27}, 'ALT': {'allele': 'C', 'hp': 1, 'count': 15}}

chr13:81197715 --> {'REF': {'allele': 'T', 'hp': 1, 'count': 32}, 'ALT': {'allele': 'C', 'hp': 2, 'count': 31}}

chr13:82956668 --> {'REF': {'allele': 'A', 'hp': 1, 'count': 31}, 'ALT': {'allele': 'G', 'hp': 2, 'count': 26}}

chr13:84003309 --> {'REF': {'allele': 'C', 'hp': 2, 'count': 36}, 'ALT': {'allele': 'T', 'hp': 1, 'count': 25}}

chr13:84776453 --> {'REF': {'allele': 'G', 'hp': 2, 'count': 38}, 'ALT': {'allele': 'C', 'hp': 1, 'count': 35}}

chr13:85492172 --> {'REF': {'allele': 'C', 'hp': 1, 'count': 33}, 'ALT': {'allele': 'G', 'hp': 2, 'count': 27}}

chr13:87521612 --> {'REF': {'allele': 'G', 'hp': 2, 'count': 35}, 'ALT': {'allele': 'A', 'hp': 1, 'count': 26}}

chr13:88428869 --> {'REF': {'allele': 'G', 'hp': 1, 'count': 42}, 'ALT': {'allele': 'A', 'hp': 2, 'count': 33}}

chr13:88934330 --> {'REF': {'allele': 'C', 'hp': 2, 'count': 27}, 'ALT': {'allele': 'C', 'hp': 2, 'count': 27}}

chr13:89754155 --> {'REF': {'allele': 'T', 'hp': 1, 'count': 33}, 'ALT': {'allele': 'C', 'hp': 2, 'count': 30}}

chr13:90667467 --> {'REF': {'allele': 'G', 'hp': 1, 'count': 35}, 'ALT': {'allele': 'A', 'hp': 2, 'count': 23}}

chr13:91021262 --> {'REF': {'allele': 'G', 'hp': 1, 'count': 33}, 'ALT': {'allele': 'A', 'hp': 2, 'count': 18}}

chr13:91652893 --> {'REF': {'allele': 'T', 'hp': 1, 'count': 27}, 'ALT': {'allele': 'C', 'hp': 2, 'count': 23}}

chr13:92155596 --> {'REF': {'allele': 'G', 'hp': 2, 'count': 28}, 'ALT': {'allele': 'G', 'hp': 2, 'count': 28}}

chr13:92289331 --> {'REF': {'allele': 'G', 'hp': 2, 'count': 29}, 'ALT': {'allele': 'A', 'hp': 1, 'count': 13}}

chr13:92748006 --> {'REF': {'allele': 'A', 'hp': 1, 'count': 24}, 'ALT': {'allele': 'G', 'hp': 2, 'count': 23}}

chr13:93181100 --> {'REF': {'allele': 'C', 'hp': 2, 'count': 21}, 'ALT': {'allele': 'T', 'hp': 1, 'count': 19}}

chr13:93266215 --> {'REF': {'allele': 'G', 'hp': 1, 'count': 29}, 'ALT': {'allele': 'A', 'hp': 2, 'count': 25}}

chr13:93791307 --> {'REF': {'allele': 'G', 'hp': 2, 'count': 16}, 'ALT': {'allele': 'A', 'hp': 1, 'count': 15}}

chr13:94052088 --> {'REF': {'allele': 'T', 'hp': 1, 'count': 22}, 'ALT': {'allele': 'C', 'hp': 2, 'count': 14}}

chr13:94371675 --> {'REF': {'allele': 'T', 'hp': 1, 'count': 22}, 'ALT': {'allele': 'C', 'hp': 2, 'count': 10}}

chr13:94779225 --> {'REF': {'allele': 'T', 'hp': 1, 'count': 21}, 'ALT': {'allele': 'C', 'hp': 2, 'count': 15}}

chr13:95602972 --> {'REF': {'allele': 'A', 'hp': 2, 'count': 24}, 'ALT': {'allele': 'G', 'hp': 1, 'count': 11}}

chr13:98265934 --> {'REF': {'allele': 'T', 'hp': 2, 'count': 18}, 'ALT': {'allele': 'C', 'hp': 1, 'count': 15}}

chr13:99876119 --> {'REF': {'allele': 'A', 'hp': 2, 'count': 19}, 'ALT': {'allele': 'G', 'hp': 1, 'count': 9}}

chr13:100137394 --> {'REF': {'allele': 'G', 'hp': 1, 'count': 28}, 'ALT': {'allele': 'A', 'hp': 2, 'count': 24}}

chr13:100951087 --> {'REF': {'allele': 'A', 'hp': 1, 'count': 31}, 'ALT': {'allele': 'G', 'hp': 2, 'count': 23}}

chr13:102223718 --> {'REF': {'allele': 'A', 'hp': 1, 'count': 36}, 'ALT': {'allele': 'G', 'hp': 2, 'count': 27}}

chr13:103293738 --> {'REF': {'allele': 'G', 'hp': 1, 'count': 31}, 'ALT': {'allele': 'G', 'hp': 1, 'count': 31}}

chr13:104709100 --> {'REF': {'allele': 'T', 'hp': 2, 'count': 34}, 'ALT': {'allele': 'C', 'hp': 1, 'count': 23}}

chr13:104839782 --> {'REF': {'allele': 'T', 'hp': 1, 'count': 28}, 'ALT': {'allele': 'C', 'hp': 2, 'count': 17}}

chr13:105681573 --> {'REF': {'allele': 'C', 'hp': 2, 'count': 17}, 'ALT': {'allele': 'G', 'hp': 1, 'count': 15}}

chr13:107292199 --> {'REF': {'allele': 'A', 'hp': 2, 'count': 26}, 'ALT': {'allele': 'G', 'hp': 1, 'count': 22}}

chr13:107425190 --> {'REF': {'allele': 'G', 'hp': 2, 'count': 24}, 'ALT': {'allele': 'A', 'hp': 1, 'count': 23}}

chr13:107747164 --> {'REF': {'allele': 'C', 'hp': 2, 'count': 22}, 'ALT': {'allele': 'A', 'hp': 1, 'count': 12}}

chr13:108113769 --> {'REF': {'allele': 'C', 'hp': 1, 'count': 15}, 'ALT': {'allele': 'T', 'hp': 2, 'count': 13}}

chr13:108584889 --> {'REF': {'allele': 'T', 'hp': 2, 'count': 21}, 'ALT': {'allele': 'C', 'hp': 1, 'count': 19}}

chr13:109248845 --> {'REF': {'allele': 'A', 'hp': 2, 'count': 20}, 'ALT': {'allele': 'G', 'hp': 1, 'count': 17}}

chr13:109518893 --> {'REF': {'allele': 'T', 'hp': 1, 'count': 20}, 'ALT': {'allele': 'C', 'hp': 2, 'count': 12}}

chr13:110659492 --> {'REF': {'allele': 'T', 'hp': 1, 'count': 15}, 'ALT': {'allele': 'C', 'hp': 2, 'count': 10}}

chr13:110793804 --> {'REF': {'allele': 'T', 'hp': 1, 'count': 17}, 'ALT': {'allele': 'C', 'hp': 2, 'count': 13}}

chr13:111180363 --> {'REF': {'allele': 'A', 'hp': 2, 'count': 16}, 'ALT': {'allele': 'C', 'hp': 1, 'count': 11}}

chr13:111681912 --> {'REF': {'allele': 'G', 'hp': 1, 'count': 13}, 'ALT': {'allele': 'A', 'hp': 2, 'count': 10}}

chr13:111910066 --> {'REF': {'allele': 'G', 'hp': 1, 'count': 22}, 'ALT': {'allele': 'A', 'hp': 2, 'count': 17}}

chr12:144501 --> {'REF': {'allele': 'G', 'hp': 2, 'count': 14}, 'ALT': {'allele': 'A', 'hp': 1, 'count': 12}}

chr12:447420 --> {'REF': {'allele': 'A', 'hp': 2, 'count': 13}, 'ALT': {'allele': 'G', 'hp': 1, 'count': 12}}

chr12:1159928 --> {'REF': {'allele': 'C', 'hp': 2, 'count': 25}, 'ALT': {'allele': 'T', 'hp': 1, 'count': 11}}

chr12:1821276 --> {'REF': {'allele': 'T', 'hp': 2, 'count': 9}, 'ALT': {'allele': 'T', 'hp': 2, 'count': 9}}

chr12:2747921 --> {'REF': {'allele': 'A', 'hp': 2, 'count': 18}, 'ALT': {'allele': 'G', 'hp': 1, 'count': 13}}

chr12:3931270 --> {'REF': {'allele': 'A', 'hp': 1, 'count': 13}, 'ALT': {'allele': 'A', 'hp': 1, 'count': 13}}

chr12:4238172 --> {'REF': {'allele': 'G', 'hp': 1, 'count': 23}, 'ALT': {'allele': 'A', 'hp': 2, 'count': 15}}

chr12:5275057 --> {'REF': {'allele': 'G', 'hp': 1, 'count': 21}, 'ALT': {'allele': 'C', 'hp': 2, 'count': 16}}

chr12:5480075 --> {'REF': {'allele': 'T', 'hp': 1, 'count': 19}, 'ALT': {'allele': 'C', 'hp': 2, 'count': 16}}

chr12:5614608 --> {'REF': {'allele': 'T', 'hp': 1, 'count': 18}, 'ALT': {'allele': 'C', 'hp': 2, 'count': 16}}

chr12:7110088 --> {'REF': {'allele': 'T', 'hp': 1, 'count': 12}, 'ALT': {'allele': 'C', 'hp': 2, 'count': 9}}

chr12:7595299 --> {'REF': {'allele': 'T', 'hp': 2, 'count': 22}, 'ALT': {'allele': 'T', 'hp': 2, 'count': 22}}

chr12:8061156 --> {'REF': {'allele': 'C', 'hp': 2, 'count': 12}, 'ALT': {'allele': 'G', 'hp': 1, 'count': 9}}

chr12:8518938 --> {'REF': {'allele': 'G', 'hp': 2, 'count': 19}, 'ALT': {'allele': 'G', 'hp': 2, 'count': 19}}

chr12:12178749 --> {'REF': {'allele': 'C', 'hp': 2, 'count': 10}, 'ALT': {'allele': 'T', 'hp': 1, 'count': 9}}

chr12:12295245 --> {'REF': {'allele': 'A', 'hp': 2, 'count': 20}, 'ALT': {'allele': 'G', 'hp': 1, 'count': 9}}

chr12:13452320 --> {'REF': {'allele': 'C', 'hp': 1, 'count': 20}, 'ALT': {'allele': 'A', 'hp': 2, 'count': 15}}

chr12:13965159 --> {'REF': {'allele': 'T', 'hp': 2, 'count': 27}, 'ALT': {'allele': 'G', 'hp': 1, 'count': 19}}

chr12:14592472 --> {'REF': {'allele': 'A', 'hp': 1, 'count': 23}, 'ALT': {'allele': 'G', 'hp': 2, 'count': 16}}

chr12:16477811 --> {'REF': {'allele': 'C', 'hp': 2, 'count': 27}, 'ALT': {'allele': 'T', 'hp': 1, 'count': 21}}

chr12:17449266 --> {'REF': {'allele': 'T', 'hp': 1, 'count': 39}, 'ALT': {'allele': 'C', 'hp': 2, 'count': 16}}

chr12:17958915 --> {'REF': {'allele': 'T', 'hp': 2, 'count': 25}, 'ALT': {'allele': 'C', 'hp': 1, 'count': 22}}

chr12:18956015 --> {'REF': {'allele': 'A', 'hp': 2, 'count': 18}, 'ALT': {'allele': 'G', 'hp': 1, 'count': 15}}

chr12:19181933 --> {'REF': {'allele': 'A', 'hp': 2, 'count': 18}, 'ALT': {'allele': 'G', 'hp': 1, 'count': 14}}

chr12:20052068 --> {'REF': {'allele': 'T', 'hp': 2, 'count': 22}, 'ALT': {'allele': 'G', 'hp': 1, 'count': 17}}

chr12:20763223 --> {'REF': {'allele': 'A', 'hp': 1, 'count': 27}, 'ALT': {'allele': 'G', 'hp': 2, 'count': 26}}

chr12:22058982 --> {'REF': {'allele': 'A', 'hp': 2, 'count': 26}, 'ALT': {'allele': 'C', 'hp': 1, 'count': 20}}

chr12:26523734 --> {'REF': {'allele': 'A', 'hp': 2, 'count': 19}, 'ALT': {'allele': 'G', 'hp': 1, 'count': 17}}

chr12:27141985 --> {'REF': {'allele': 'C', 'hp': 2, 'count': 26}, 'ALT': {'allele': 'A', 'hp': 1, 'count': 20}}

chr12:27952664 --> {'REF': {'allele': 'A', 'hp': 1, 'count': 23}, 'ALT': {'allele': 'G', 'hp': 2, 'count': 21}}

chr12:28668975 --> {'REF': {'allele': 'A', 'hp': 2, 'count': 30}, 'ALT': {'allele': 'C', 'hp': 1, 'count': 20}}

chr12:29017161 --> {'REF': {'allele': 'A', 'hp': 2, 'count': 20}, 'ALT': {'allele': 'G', 'hp': 1, 'count': 19}}

chr12:29369999 --> {'REF': {'allele': 'T', 'hp': 2, 'count': 28}, 'ALT': {'allele': 'G', 'hp': 1, 'count': 20}}

chr12:29912572 --> {'REF': {'allele': 'A', 'hp': 1, 'count': 21}, 'ALT': {'allele': 'G', 'hp': 2, 'count': 12}}

chr12:30449627 --> {'REF': {'allele': 'A', 'hp': 2, 'count': 20}, 'ALT': {'allele': 'C', 'hp': 1, 'count': 14}}

chr12:31188579 --> {'REF': {'allele': 'A', 'hp': 1, 'count': 15}, 'ALT': {'allele': 'A', 'hp': 1, 'count': 15}}

chr12:31807761 --> {'REF': {'allele': 'C', 'hp': 1, 'count': 17}, 'ALT': {'allele': 'T', 'hp': 2, 'count': 9}}

chr12:32513144 --> {'REF': {'allele': 'T', 'hp': 2, 'count': 17}, 'ALT': {'allele': 'C', 'hp': 1, 'count': 11}}

chr12:38392411 --> {'REF': {'allele': 'G', 'hp': 1, 'count': 28}, 'ALT': {'allele': 'A', 'hp': 2, 'count': 19}}

chr12:39151184 --> {'REF': {'allele': 'T', 'hp': 1, 'count': 20}, 'ALT': {'allele': 'C', 'hp': 2, 'count': 14}}

chr12:40236750 --> {'REF': {'allele': 'T', 'hp': 2, 'count': 22}, 'ALT': {'allele': 'C', 'hp': 1, 'count': 19}}

chr12:41282525 --> {'REF': {'allele': 'G', 'hp': 1, 'count': 24}, 'ALT': {'allele': 'A', 'hp': 2, 'count': 22}}

chr12:42043542 --> {'REF': {'allele': 'A', 'hp': 1, 'count': 20}, 'ALT': {'allele': 'G', 'hp': 2, 'count': 17}}

chr12:42824459 --> {'REF': {'allele': 'C', 'hp': 2, 'count': 30}, 'ALT': {'allele': 'G', 'hp': 1, 'count': 20}}

chr12:43228298 --> {'REF': {'allele': 'T', 'hp': 2, 'count': 26}, 'ALT': {'allele': 'A', 'hp': 1, 'count': 21}}

chr12:43966295 --> {'REF': {'allele': 'G', 'hp': 2, 'count': 26}, 'ALT': {'allele': 'C', 'hp': 1, 'count': 23}}

chr12:46707689 --> {'REF': {'allele': 'A', 'hp': 2, 'count': 20}, 'ALT': {'allele': 'C', 'hp': 1, 'count': 12}}

chr12:47182928 --> {'REF': {'allele': 'T', 'hp': 1, 'count': 17}, 'ALT': {'allele': 'C', 'hp': 2, 'count': 13}}

chr12:48462742 --> {'REF': {'allele': 'G', 'hp': 1, 'count': 17}, 'ALT': {'allele': 'G', 'hp': 1, 'count': 17}}

chr12:49342651 --> {'REF': {'allele': 'C', 'hp': 1, 'count': 24}, 'ALT': {'allele': 'T', 'hp': 2, 'count': 11}}

chr12:50757935 --> {'REF': {'allele': 'A', 'hp': 2, 'count': 16}, 'ALT': {'allele': 'G', 'hp': 1, 'count': 13}}

chr12:51525763 --> {'REF': {'allele': 'C', 'hp': 1, 'count': 22}, 'ALT': {'allele': 'T', 'hp': 2, 'count': 11}}

chr12:53757854 --> {'REF': {'allele': 'A', 'hp': 2, 'count': 22}, 'ALT': {'allele': 'G', 'hp': 1, 'count': 19}}

chr12:54622255 --> {'REF': {'allele': 'C', 'hp': 2, 'count': 18}, 'ALT': {'allele': 'T', 'hp': 1, 'count': 12}}

chr12:54922321 --> {'REF': {'allele': 'G', 'hp': 1, 'count': 22}, 'ALT': {'allele': 'A', 'hp': 2, 'count': 15}}

chr12:56558938 --> {'REF': {'allele': 'C', 'hp': 2, 'count': 11}, 'ALT': {'allele': 'A', 'hp': 1, 'count': 9}}

chr12:58835475 --> {'REF': {'allele': 'G', 'hp': 1, 'count': 26}, 'ALT': {'allele': 'A', 'hp': 2, 'count': 15}}

chr12:59148300 --> {'REF': {'allele': 'A', 'hp': 2, 'count': 35}, 'ALT': {'allele': 'G', 'hp': 1, 'count': 25}}

chr12:60522568 --> {'REF': {'allele': 'C', 'hp': 2, 'count': 28}, 'ALT': {'allele': 'T', 'hp': 1, 'count': 26}}

chr12:61277235 --> {'REF': {'allele': 'G', 'hp': 1, 'count': 27}, 'ALT': {'allele': 'C', 'hp': 2, 'count': 25}}

chr12:62032469 --> {'REF': {'allele': 'T', 'hp': 2, 'count': 39}, 'ALT': {'allele': 'C', 'hp': 1, 'count': 18}}

chr12:62487869 --> {'REF': {'allele': 'C', 'hp': 1, 'count': 16}, 'ALT': {'allele': 'T', 'hp': 2, 'count': 13}}

chr12:62927888 --> {'REF': {'allele': 'A', 'hp': 2, 'count': 30}, 'ALT': {'allele': 'C', 'hp': 1, 'count': 19}}

chr12:63529546 --> {'REF': {'allele': 'G', 'hp': 2, 'count': 16}, 'ALT': {'allele': 'A', 'hp': 1, 'count': 9}}

chr12:64774255 --> {'REF': {'allele': 'T', 'hp': 1, 'count': 25}, 'ALT': {'allele': 'C', 'hp': 2, 'count': 15}}

chr12:65696652 --> {'REF': {'allele': 'A', 'hp': 1, 'count': 23}, 'ALT': {'allele': 'G', 'hp': 2, 'count': 14}}

chr12:65970603 --> {'REF': {'allele': 'G', 'hp': 1, 'count': 23}, 'ALT': {'allele': 'A', 'hp': 2, 'count': 16}}

chr12:66668139 --> {'REF': {'allele': 'C', 'hp': 2, 'count': 20}, 'ALT': {'allele': 'T', 'hp': 1, 'count': 18}}

chr12:66766562 --> {'REF': {'allele': 'T', 'hp': 2, 'count': 22}, 'ALT': {'allele': 'C', 'hp': 1, 'count': 18}}

chr12:67932276 --> {'REF': {'allele': 'G', 'hp': 1, 'count': 23}, 'ALT': {'allele': 'C', 'hp': 2, 'count': 22}}

chr12:68325385 --> {'REF': {'allele': 'T', 'hp': 1, 'count': 21}, 'ALT': {'allele': 'C', 'hp': 2, 'count': 11}}

chr12:68544027 --> {'REF': {'allele': 'A', 'hp': 1, 'count': 16}, 'ALT': {'allele': 'T', 'hp': 2, 'count': 11}}

chr12:69007819 --> {'REF': {'allele': 'G', 'hp': 2, 'count': 19}, 'ALT': {'allele': 'C', 'hp': 1, 'count': 9}}

chr12:69186761 --> {'REF': {'allele': 'C', 'hp': 1, 'count': 13}, 'ALT': {'allele': 'T', 'hp': 2, 'count': 12}}

chr12:70456236 --> {'REF': {'allele': 'G', 'hp': 2, 'count': 19}, 'ALT': {'allele': 'G', 'hp': 2, 'count': 19}}

chr12:71415629 --> {'REF': {'allele': 'T', 'hp': 1, 'count': 22}, 'ALT': {'allele': 'G', 'hp': 2, 'count': 19}}

chr12:71721935 --> {'REF': {'allele': 'A', 'hp': 1, 'count': 21}, 'ALT': {'allele': 'G', 'hp': 2, 'count': 18}}

chr12:72248251 --> {'REF': {'allele': 'G', 'hp': 2, 'count': 21}, 'ALT': {'allele': 'T', 'hp': 1, 'count': 19}}

chr12:72696478 --> {'REF': {'allele': 'G', 'hp': 1, 'count': 24}, 'ALT': {'allele': 'A', 'hp': 2, 'count': 18}}

chr12:73499969 --> {'REF': {'allele': 'C', 'hp': 2, 'count': 32}, 'ALT': {'allele': 'T', 'hp': 1, 'count': 21}}

chr12:74444513 --> {'REF': {'allele': 'G', 'hp': 1, 'count': 34}, 'ALT': {'allele': 'A', 'hp': 2, 'count': 31}}

chr12:76535784 --> {'REF': {'allele': 'A', 'hp': 1, 'count': 22}, 'ALT': {'allele': 'G', 'hp': 2, 'count': 11}}

chr12:77220461 --> {'REF': {'allele': 'C', 'hp': 1, 'count': 19}, 'ALT': {'allele': 'T', 'hp': 2, 'count': 16}}

chr12:77658958 --> {'REF': {'allele': 'T', 'hp': 1, 'count': 23}, 'ALT': {'allele': 'T', 'hp': 1, 'count': 23}}

chr12:78010742 --> {'REF': {'allele': 'G', 'hp': 2, 'count': 28}, 'ALT': {'allele': 'A', 'hp': 1, 'count': 18}}

chr12:79169951 --> {'REF': {'allele': 'G', 'hp': 1, 'count': 28}, 'ALT': {'allele': 'A', 'hp': 2, 'count': 21}}

chr12:80193382 --> {'REF': {'allele': 'G', 'hp': 2, 'count': 30}, 'ALT': {'allele': 'A', 'hp': 1, 'count': 26}}

chr12:80483784 --> {'REF': {'allele': 'T', 'hp': 1, 'count': 27}, 'ALT': {'allele': 'C', 'hp': 2, 'count': 22}}

chr12:80700938 --> {'REF': {'allele': 'C', 'hp': 1, 'count': 28}, 'ALT': {'allele': 'T', 'hp': 2, 'count': 26}}

chr12:80998715 --> {'REF': {'allele': 'T', 'hp': 1, 'count': 36}, 'ALT': {'allele': 'A', 'hp': 2, 'count': 25}}

chr12:83080240 --> {'REF': {'allele': 'T', 'hp': 1, 'count': 27}, 'ALT': {'allele': 'C', 'hp': 2, 'count': 22}}

chr12:86439434 --> {'REF': {'allele': 'G', 'hp': 2, 'count': 27}, 'ALT': {'allele': 'A', 'hp': 1, 'count': 22}}

chr12:87211517 --> {'REF': {'allele': 'T', 'hp': 2, 'count': 23}, 'ALT': {'allele': 'G', 'hp': 1, 'count': 21}}

chr12:87918598 --> {'REF': {'allele': 'G', 'hp': 2, 'count': 24}, 'ALT': {'allele': 'T', 'hp': 1, 'count': 22}}

chr12:88690605 --> {'REF': {'allele': 'A', 'hp': 2, 'count': 30}, 'ALT': {'allele': 'T', 'hp': 1, 'count': 22}}

chr12:90789232 --> {'REF': {'allele': 'C', 'hp': 2, 'count': 33}, 'ALT': {'allele': 'T', 'hp': 1, 'count': 31}}

chr12:91988424 --> {'REF': {'allele': 'T', 'hp': 2, 'count': 22}, 'ALT': {'allele': 'G', 'hp': 1, 'count': 13}}

chr12:92304288 --> {'REF': {'allele': 'T', 'hp': 1, 'count': 13}, 'ALT': {'allele': 'T', 'hp': 1, 'count': 13}}

chr12:92472558 --> {'REF': {'allele': 'C', 'hp': 1, 'count': 23}, 'ALT': {'allele': 'G', 'hp': 2, 'count': 19}}

chr12:93100159 --> {'REF': {'allele': 'C', 'hp': 2, 'count': 12}, 'ALT': {'allele': 'A', 'hp': 1, 'count': 10}}

chr12:93817455 --> {'REF': {'allele': 'T', 'hp': 1, 'count': 19}, 'ALT': {'allele': 'C', 'hp': 2, 'count': 16}}

chr12:94122613 --> {'REF': {'allele': 'G', 'hp': 2, 'count': 16}, 'ALT': {'allele': 'C', 'hp': 1, 'count': 15}}

chr12:94480404 --> {'REF': {'allele': 'A', 'hp': 2, 'count': 18}, 'ALT': {'allele': 'G', 'hp': 1, 'count': 17}}

chr12:94765459 --> {'REF': {'allele': 'C', 'hp': 1, 'count': 22}, 'ALT': {'allele': 'T', 'hp': 2, 'count': 20}}

chr12:96067082 --> {'REF': {'allele': 'T', 'hp': 2, 'count': 17}, 'ALT': {'allele': 'A', 'hp': 1, 'count': 10}}

chr12:96558778 --> {'REF': {'allele': 'G', 'hp': 2, 'count': 26}, 'ALT': {'allele': 'A', 'hp': 1, 'count': 23}}

chr12:97445583 --> {'REF': {'allele': 'C', 'hp': 1, 'count': 31}, 'ALT': {'allele': 'T', 'hp': 2, 'count': 22}}

chr12:97697592 --> {'REF': {'allele': 'A', 'hp': 2, 'count': 20}, 'ALT': {'allele': 'A', 'hp': 2, 'count': 20}}

chr12:98592440 --> {'REF': {'allele': 'T', 'hp': 1, 'count': 17}, 'ALT': {'allele': 'C', 'hp': 2, 'count': 16}}

chr12:100774246 --> {'REF': {'allele': 'G', 'hp': 2, 'count': 33}, 'ALT': {'allele': 'A', 'hp': 1, 'count': 29}}

chr12:102439668 --> {'REF': {'allele': 'G', 'hp': 2, 'count': 23}, 'ALT': {'allele': 'A', 'hp': 1, 'count': 18}}

chr12:102959291 --> {'REF': {'allele': 'A', 'hp': 1, 'count': 21}, 'ALT': {'allele': 'T', 'hp': 2, 'count': 20}}

chr12:103850914 --> {'REF': {'allele': 'A', 'hp': 2, 'count': 16}, 'ALT': {'allele': 'C', 'hp': 1, 'count': 15}}

chr12:105110207 --> {'REF': {'allele': 'A', 'hp': 2, 'count': 41}, 'ALT': {'allele': 'G', 'hp': 1, 'count': 23}}

chr12:105723112 --> {'REF': {'allele': 'A', 'hp': 1, 'count': 19}, 'ALT': {'allele': 'G', 'hp': 2, 'count': 15}}

chr12:106014209 --> {'REF': {'allele': 'G', 'hp': 1, 'count': 29}, 'ALT': {'allele': 'A', 'hp': 2, 'count': 12}}

chr12:106327909 --> {'REF': {'allele': 'C', 'hp': 1, 'count': 21}, 'ALT': {'allele': 'T', 'hp': 2, 'count': 18}}

chr12:109030435 --> {'REF': {'allele': 'C', 'hp': 2, 'count': 16}, 'ALT': {'allele': 'T', 'hp': 1, 'count': 14}}

chr12:110089114 --> {'REF': {'allele': 'T', 'hp': 2, 'count': 11}, 'ALT': {'allele': 'T', 'hp': 2, 'count': 11}}

chr12:114308262 --> {'REF': {'allele': 'T', 'hp': 2, 'count': 14}, 'ALT': {'allele': 'C', 'hp': 1, 'count': 13}}

chr12:114944142 --> {'REF': {'allele': 'A', 'hp': 2, 'count': 22}, 'ALT': {'allele': 'G', 'hp': 1, 'count': 20}}

chr12:116284218 --> {'REF': {'allele': 'A', 'hp': 1, 'count': 17}, 'ALT': {'allele': 'G', 'hp': 2, 'count': 13}}

chr12:116797364 --> {'REF': {'allele': 'G', 'hp': 2, 'count': 22}, 'ALT': {'allele': 'C', 'hp': 1, 'count': 9}}

chr12:117724903 --> {'REF': {'allele': 'T', 'hp': 1, 'count': 22}, 'ALT': {'allele': 'C', 'hp': 2, 'count': 17}}

chr12:118266405 --> {'REF': {'allele': 'T', 'hp': 1, 'count': 13}, 'ALT': {'allele': 'T', 'hp': 1, 'count': 13}}

chr12:118392905 --> {'REF': {'allele': 'G', 'hp': 1, 'count': 25}, 'ALT': {'allele': 'A', 'hp': 2, 'count': 20}}

chr12:118572473 --> {'REF': {'allele': 'T', 'hp': 2, 'count': 15}, 'ALT': {'allele': 'C', 'hp': 1, 'count': 14}}

chr12:123395001 --> {'REF': {'allele': 'A', 'hp': 1, 'count': 16}, 'ALT': {'allele': 'C', 'hp': 2, 'count': 10}}

chr12:125577008 --> {'REF': {'allele': 'C', 'hp': 1, 'count': 24}, 'ALT': {'allele': 'G', 'hp': 2, 'count': 17}}

chr12:125709663 --> {'REF': {'allele': 'G', 'hp': 1, 'count': 17}, 'ALT': {'allele': 'T', 'hp': 2, 'count': 13}}

chr12:126246591 --> {'REF': {'allele': 'C', 'hp': 1, 'count': 22}, 'ALT': {'allele': 'C', 'hp': 1, 'count': 22}}

chr12:127938320 --> {'REF': {'allele': 'A', 'hp': 2, 'count': 22}, 'ALT': {'allele': 'G', 'hp': 1, 'count': 21}}

chr12:128282369 --> {'REF': {'allele': 'T', 'hp': 1, 'count': 26}, 'ALT': {'allele': 'C', 'hp': 2, 'count': 18}}

chr12:128821238 --> {'REF': {'allele': 'C', 'hp': 2, 'count': 14}, 'ALT': {'allele': 'G', 'hp': 1, 'count': 9}}

chr12:129415866 --> {'REF': {'allele': 'C', 'hp': 1, 'count': 20}, 'ALT': {'allele': 'G', 'hp': 2, 'count': 13}}

chr12:129634186 --> {'REF': {'allele': 'G', 'hp': 1, 'count': 22}, 'ALT': {'allele': 'A', 'hp': 2, 'count': 18}}

chr12:129826946 --> {'REF': {'allele': 'A', 'hp': 1, 'count': 18}, 'ALT': {'allele': 'G', 'hp': 2, 'count': 16}}

chr4:428339 --> {'REF': {'allele': 'G', 'hp': 1, 'count': 28}, 'ALT': {'allele': 'C', 'hp': 2, 'count': 20}}

chr4:1056174 --> {'REF': {'allele': 'C', 'hp': 1, 'count': 9}, 'ALT': {'allele': 'C', 'hp': 1, 'count': 9}}

chr4:2456830 --> {'REF': {'allele': 'C', 'hp': 2, 'count': 13}, 'ALT': {'allele': 'T', 'hp': 1, 'count': 11}}

chr4:3068162 --> {'REF': {'allele': 'T', 'hp': 2, 'count': 11}, 'ALT': {'allele': 'C', 'hp': 1, 'count': 10}}

chr4:5599490 --> {'REF': {'allele': 'T', 'hp': 2, 'count': 18}, 'ALT': {'allele': 'C', 'hp': 1, 'count': 16}}

chr4:5662171 --> {'REF': {'allele': 'C', 'hp': 2, 'count': 15}, 'ALT': {'allele': 'T', 'hp': 1, 'count': 12}}

chr4:8445050 --> {'REF': {'allele': 'G', 'hp': 2, 'count': 16}, 'ALT': {'allele': 'A', 'hp': 1, 'count': 9}}

chr4:10889734 --> {'REF': {'allele': 'T', 'hp': 2, 'count': 23}, 'ALT': {'allele': 'C', 'hp': 1, 'count': 18}}

chr4:11122315 --> {'REF': {'allele': 'C', 'hp': 2, 'count': 18}, 'ALT': {'allele': 'T', 'hp': 1, 'count': 13}}

chr4:11597897 --> {'REF': {'allele': 'T', 'hp': 1, 'count': 21}, 'ALT': {'allele': 'C', 'hp': 2, 'count': 17}}

chr4:11715732 --> {'REF': {'allele': 'T', 'hp': 1, 'count': 34}, 'ALT': {'allele': 'C', 'hp': 2, 'count': 23}}

chr4:12056809 --> {'REF': {'allele': 'T', 'hp': 2, 'count': 32}, 'ALT': {'allele': 'C', 'hp': 1, 'count': 29}}

chr4:13003184 --> {'REF': {'allele': 'C', 'hp': 1, 'count': 29}, 'ALT': {'allele': 'G', 'hp': 2, 'count': 20}}

chr4:13259239 --> {'REF': {'allele': 'T', 'hp': 1, 'count': 26}, 'ALT': {'allele': 'G', 'hp': 2, 'count': 19}}

chr4:13723960 --> {'REF': {'allele': 'T', 'hp': 2, 'count': 25}, 'ALT': {'allele': 'T', 'hp': 2, 'count': 25}}

chr4:13998793 --> {'REF': {'allele': 'C', 'hp': 1, 'count': 22}, 'ALT': {'allele': 'G', 'hp': 2, 'count': 16}}

chr4:14213691 --> {'REF': {'allele': 'G', 'hp': 1, 'count': 29}, 'ALT': {'allele': 'A', 'hp': 2, 'count': 25}}

chr4:15297463 --> {'REF': {'allele': 'T', 'hp': 2, 'count': 28}, 'ALT': {'allele': 'C', 'hp': 1, 'count': 21}}

chr4:15690870 --> {'REF': {'allele': 'A', 'hp': 2, 'count': 18}, 'ALT': {'allele': 'C', 'hp': 1, 'count': 14}}

chr4:18735243 --> {'REF': {'allele': 'C', 'hp': 1, 'count': 27}, 'ALT': {'allele': 'T', 'hp': 2, 'count': 26}}

chr4:19482091 --> {'REF': {'allele': 'A', 'hp': 2, 'count': 28}, 'ALT': {'allele': 'G', 'hp': 1, 'count': 26}}

chr4:20255305 --> {'REF': {'allele': 'G', 'hp': 1, 'count': 33}, 'ALT': {'allele': 'A', 'hp': 2, 'count': 19}}

chr4:20473270 --> {'REF': {'allele': 'T', 'hp': 1, 'count': 25}, 'ALT': {'allele': 'C', 'hp': 2, 'count': 16}}

chr4:20710232 --> {'REF': {'allele': 'C', 'hp': 2, 'count': 17}, 'ALT': {'allele': 'G', 'hp': 1, 'count': 13}}

chr4:21518476 --> {'REF': {'allele': 'G', 'hp': 1, 'count': 18}, 'ALT': {'allele': 'T', 'hp': 2, 'count': 15}}

chr4:21699760 --> {'REF': {'allele': 'T', 'hp': 1, 'count': 23}, 'ALT': {'allele': 'A', 'hp': 2, 'count': 18}}

chr4:22594252 --> {'REF': {'allele': 'A', 'hp': 1, 'count': 19}, 'ALT': {'allele': 'G', 'hp': 2, 'count': 13}}

chr4:22690877 --> {'REF': {'allele': 'T', 'hp': 1, 'count': 23}, 'ALT': {'allele': 'C', 'hp': 2, 'count': 18}}

chr4:23205634 --> {'REF': {'allele': 'A', 'hp': 2, 'count': 24}, 'ALT': {'allele': 'G', 'hp': 1, 'count': 20}}

chr4:23575154 --> {'REF': {'allele': 'A', 'hp': 1, 'count': 31}, 'ALT': {'allele': 'G', 'hp': 2, 'count': 21}}

chr4:23827779 --> {'REF': {'allele': 'A', 'hp': 1, 'count': 25}, 'ALT': {'allele': 'G', 'hp': 2, 'count': 24}}

chr4:24436647 --> {'REF': {'allele': 'T', 'hp': 1, 'count': 18}, 'ALT': {'allele': 'C', 'hp': 2, 'count': 14}}

chr4:25057285 --> {'REF': {'allele': 'C', 'hp': 2, 'count': 18}, 'ALT': {'allele': 'T', 'hp': 1, 'count': 15}}

chr4:25858284 --> {'REF': {'allele': 'T', 'hp': 2, 'count': 16}, 'ALT': {'allele': 'G', 'hp': 1, 'count': 15}}

chr4:25958894 --> {'REF': {'allele': 'T', 'hp': 1, 'count': 13}, 'ALT': {'allele': 'C', 'hp': 2, 'count': 10}}

chr4:26375097 --> {'REF': {'allele': 'T', 'hp': 1, 'count': 16}, 'ALT': {'allele': 'C', 'hp': 2, 'count': 15}}

chr4:27354090 --> {'REF': {'allele': 'A', 'hp': 2, 'count': 19}, 'ALT': {'allele': 'G', 'hp': 1, 'count': 16}}

chr4:27666627 --> {'REF': {'allele': 'G', 'hp': 2, 'count': 34}, 'ALT': {'allele': 'A', 'hp': 1, 'count': 27}}

chr4:29679206 --> {'REF': {'allele': 'A', 'hp': 1, 'count': 32}, 'ALT': {'allele': 'A', 'hp': 1, 'count': 32}}

chr4:33218418 --> {'REF': {'allele': 'A', 'hp': 1, 'count': 22}, 'ALT': {'allele': 'G', 'hp': 2, 'count': 20}}

chr4:33275301 --> {'REF': {'allele': 'T', 'hp': 1, 'count': 27}, 'ALT': {'allele': 'A', 'hp': 2, 'count': 20}}

chr4:34347266 --> {'REF': {'allele': 'T', 'hp': 1, 'count': 29}, 'ALT': {'allele': 'T', 'hp': 1, 'count': 29}}

chr4:34837453 --> {'REF': {'allele': 'A', 'hp': 1, 'count': 33}, 'ALT': {'allele': 'C', 'hp': 2, 'count': 27}}

chr4:36954877 --> {'REF': {'allele': 'A', 'hp': 1, 'count': 31}, 'ALT': {'allele': 'G', 'hp': 2, 'count': 21}}

chr4:37269044 --> {'REF': {'allele': 'A', 'hp': 1, 'count': 26}, 'ALT': {'allele': 'T', 'hp': 2, 'count': 19}}

chr4:37864689 --> {'REF': {'allele': 'A', 'hp': 2, 'count': 20}, 'ALT': {'allele': 'G', 'hp': 1, 'count': 14}}

chr4:38219773 --> {'REF': {'allele': 'A', 'hp': 1, 'count': 20}, 'ALT': {'allele': 'G', 'hp': 2, 'count': 13}}

chr4:38907587 --> {'REF': {'allele': 'A', 'hp': 1, 'count': 14}, 'ALT': {'allele': 'G', 'hp': 2, 'count': 12}}

chr4:39103256 --> {'REF': {'allele': 'T', 'hp': 1, 'count': 18}, 'ALT': {'allele': 'A', 'hp': 2, 'count': 15}}

chr4:40149191 --> {'REF': {'allele': 'T', 'hp': 2, 'count': 18}, 'ALT': {'allele': 'C', 'hp': 1, 'count': 17}}

chr4:41305178 --> {'REF': {'allele': 'T', 'hp': 1, 'count': 22}, 'ALT': {'allele': 'C', 'hp': 2, 'count': 18}}

chr4:42178821 --> {'REF': {'allele': 'G', 'hp': 1, 'count': 19}, 'ALT': {'allele': 'A', 'hp': 2, 'count': 18}}

chr4:42819344 --> {'REF': {'allele': 'G', 'hp': 2, 'count': 22}, 'ALT': {'allele': 'T', 'hp': 1, 'count': 21}}

chr4:43513823 --> {'REF': {'allele': 'G', 'hp': 2, 'count': 35}, 'ALT': {'allele': 'A', 'hp': 1, 'count': 24}}

chr4:44063802 --> {'REF': {'allele': 'C', 'hp': 1, 'count': 33}, 'ALT': {'allele': 'T', 'hp': 2, 'count': 29}}

chr4:44389574 --> {'REF': {'allele': 'G', 'hp': 2, 'count': 36}, 'ALT': {'allele': 'A', 'hp': 1, 'count': 33}}

chr4:47333575 --> {'REF': {'allele': 'A', 'hp': 2, 'count': 26}, 'ALT': {'allele': 'G', 'hp': 1, 'count': 20}}

chr4:47669879 --> {'REF': {'allele': 'A', 'hp': 1, 'count': 20}, 'ALT': {'allele': 'G', 'hp': 2, 'count': 17}}

chr4:55478167 --> {'REF': {'allele': 'C', 'hp': 1, 'count': 23}, 'ALT': {'allele': 'T', 'hp': 2, 'count': 15}}

chr4:55989236 --> {'REF': {'allele': 'T', 'hp': 1, 'count': 28}, 'ALT': {'allele': 'C', 'hp': 2, 'count': 26}}

chr4:56848851 --> {'REF': {'allele': 'C', 'hp': 1, 'count': 24}, 'ALT': {'allele': 'A', 'hp': 2, 'count': 14}}

chr4:57938840 --> {'REF': {'allele': 'A', 'hp': 1, 'count': 24}, 'ALT': {'allele': 'G', 'hp': 2, 'count': 19}}

chr4:58186219 --> {'REF': {'allele': 'G', 'hp': 1, 'count': 26}, 'ALT': {'allele': 'T', 'hp': 2, 'count': 21}}

chr4:58624233 --> {'REF': {'allele': 'A', 'hp': 1, 'count': 15}, 'ALT': {'allele': 'T', 'hp': 2, 'count': 13}}

chr4:59119561 --> {'REF': {'allele': 'G', 'hp': 1, 'count': 18}, 'ALT': {'allele': 'C', 'hp': 2, 'count': 17}}

chr4:59779544 --> {'REF': {'allele': 'A', 'hp': 2, 'count': 21}, 'ALT': {'allele': 'G', 'hp': 1, 'count': 17}}

chr4:60560072 --> {'REF': {'allele': 'T', 'hp': 1, 'count': 26}, 'ALT': {'allele': 'C', 'hp': 2, 'count': 17}}

chr4:63294219 --> {'REF': {'allele': 'A', 'hp': 1, 'count': 37}, 'ALT': {'allele': 'G', 'hp': 2, 'count': 23}}

chr4:63786772 --> {'REF': {'allele': 'G', 'hp': 1, 'count': 33}, 'ALT': {'allele': 'A', 'hp': 2, 'count': 31}}

chr4:64238753 --> {'REF': {'allele': 'A', 'hp': 1, 'count': 34}, 'ALT': {'allele': 'G', 'hp': 2, 'count': 27}}

chr4:65225987 --> {'REF': {'allele': 'T', 'hp': 1, 'count': 32}, 'ALT': {'allele': 'A', 'hp': 2, 'count': 24}}

chr4:65852580 --> {'REF': {'allele': 'A', 'hp': 2, 'count': 24}, 'ALT': {'allele': 'G', 'hp': 1, 'count': 23}}

chr4:67054185 --> {'REF': {'allele': 'C', 'hp': 2, 'count': 29}, 'ALT': {'allele': 'C', 'hp': 2, 'count': 29}}

chr4:68153474 --> {'REF': {'allele': 'G', 'hp': 2, 'count': 31}, 'ALT': {'allele': 'C', 'hp': 1, 'count': 26}}

chr4:68952660 --> {'REF': {'allele': 'T', 'hp': 2, 'count': 25}, 'ALT': {'allele': 'T', 'hp': 2, 'count': 25}}

chr4:70867493 --> {'REF': {'allele': 'C', 'hp': 1, 'count': 30}, 'ALT': {'allele': 'A', 'hp': 2, 'count': 22}}

chr4:71198943 --> {'REF': {'allele': 'G', 'hp': 2, 'count': 34}, 'ALT': {'allele': 'A', 'hp': 1, 'count': 22}}

chr4:71511040 --> {'REF': {'allele': 'T', 'hp': 2, 'count': 28}, 'ALT': {'allele': 'G', 'hp': 1, 'count': 25}}

chr4:74423067 --> {'REF': {'allele': 'C', 'hp': 2, 'count': 25}, 'ALT': {'allele': 'C', 'hp': 2, 'count': 25}}

chr4:74635360 --> {'REF': {'allele': 'T', 'hp': 1, 'count': 28}, 'ALT': {'allele': 'C', 'hp': 2, 'count': 12}}

chr4:75759939 --> {'REF': {'allele': 'T', 'hp': 1, 'count': 35}, 'ALT': {'allele': 'A', 'hp': 2, 'count': 32}}

chr4:76250212 --> {'REF': {'allele': 'T', 'hp': 1, 'count': 23}, 'ALT': {'allele': 'G', 'hp': 2, 'count': 13}}

chr4:77319303 --> {'REF': {'allele': 'C', 'hp': 1, 'count': 29}, 'ALT': {'allele': 'T', 'hp': 2, 'count': 28}}

chr4:78036340 --> {'REF': {'allele': 'C', 'hp': 2, 'count': 22}, 'ALT': {'allele': 'G', 'hp': 1, 'count': 19}}

chr4:78101528 --> {'REF': {'allele': 'C', 'hp': 1, 'count': 28}, 'ALT': {'allele': 'T', 'hp': 2, 'count': 22}}

chr4:78354521 --> {'REF': {'allele': 'A', 'hp': 2, 'count': 20}, 'ALT': {'allele': 'G', 'hp': 1, 'count': 18}}

chr4:79233793 --> {'REF': {'allele': 'G', 'hp': 1, 'count': 19}, 'ALT': {'allele': 'A', 'hp': 2, 'count': 10}}

chr4:79597344 --> {'REF': {'allele': 'G', 'hp': 1, 'count': 25}, 'ALT': {'allele': 'A', 'hp': 2, 'count': 16}}

chr4:79923987 --> {'REF': {'allele': 'C', 'hp': 2, 'count': 24}, 'ALT': {'allele': 'T', 'hp': 1, 'count': 16}}

chr4:80693115 --> {'REF': {'allele': 'A', 'hp': 1, 'count': 18}, 'ALT': {'allele': 'C', 'hp': 2, 'count': 16}}

chr4:81474676 --> {'REF': {'allele': 'A', 'hp': 2, 'count': 23}, 'ALT': {'allele': 'G', 'hp': 1, 'count': 21}}

chr4:81879173 --> {'REF': {'allele': 'T', 'hp': 2, 'count': 20}, 'ALT': {'allele': 'C', 'hp': 1, 'count': 11}}

chr4:83081421 --> {'REF': {'allele': 'T', 'hp': 1, 'count': 38}, 'ALT': {'allele': 'C', 'hp': 2, 'count': 24}}

chr4:85080450 --> {'REF': {'allele': 'C', 'hp': 2, 'count': 22}, 'ALT': {'allele': 'T', 'hp': 1, 'count': 13}}

chr4:85617439 --> {'REF': {'allele': 'C', 'hp': 1, 'count': 20}, 'ALT': {'allele': 'T', 'hp': 2, 'count': 17}}

chr4:86439000 --> {'REF': {'allele': 'T', 'hp': 1, 'count': 19}, 'ALT': {'allele': 'C', 'hp': 2, 'count': 10}}

chr4:86633358 --> {'REF': {'allele': 'T', 'hp': 2, 'count': 26}, 'ALT': {'allele': 'G', 'hp': 1, 'count': 15}}

chr4:86994023 --> {'REF': {'allele': 'C', 'hp': 2, 'count': 20}, 'ALT': {'allele': 'T', 'hp': 1, 'count': 18}}

chr4:87411932 --> {'REF': {'allele': 'T', 'hp': 2, 'count': 31}, 'ALT': {'allele': 'C', 'hp': 1, 'count': 20}}

chr4:88550709 --> {'REF': {'allele': 'G', 'hp': 2, 'count': 26}, 'ALT': {'allele': 'A', 'hp': 1, 'count': 23}}

chr4:88645031 --> {'REF': {'allele': 'T', 'hp': 2, 'count': 28}, 'ALT': {'allele': 'A', 'hp': 1, 'count': 22}}

chr4:88896117 --> {'REF': {'allele': 'G', 'hp': 2, 'count': 24}, 'ALT': {'allele': 'A', 'hp': 1, 'count': 21}}

chr4:89526938 --> {'REF': {'allele': 'G', 'hp': 2, 'count': 26}, 'ALT': {'allele': 'A', 'hp': 1, 'count': 23}}

chr4:90866645 --> {'REF': {'allele': 'T', 'hp': 2, 'count': 20}, 'ALT': {'allele': 'C', 'hp': 1, 'count': 10}}

chr4:91679645 --> {'REF': {'allele': 'T', 'hp': 1, 'count': 20}, 'ALT': {'allele': 'C', 'hp': 2, 'count': 18}}

chr4:93373083 --> {'REF': {'allele': 'C', 'hp': 1, 'count': 21}, 'ALT': {'allele': 'T', 'hp': 2, 'count': 20}}

chr4:93982906 --> {'REF': {'allele': 'C', 'hp': 2, 'count': 33}, 'ALT': {'allele': 'G', 'hp': 1, 'count': 26}}

chr4:96570580 --> {'REF': {'allele': 'T', 'hp': 2, 'count': 28}, 'ALT': {'allele': 'A', 'hp': 1, 'count': 27}}

chr4:97094169 --> {'REF': {'allele': 'A', 'hp': 1, 'count': 21}, 'ALT': {'allele': 'G', 'hp': 2, 'count': 20}}

chr4:98032678 --> {'REF': {'allele': 'C', 'hp': 1, 'count': 23}, 'ALT': {'allele': 'T', 'hp': 2, 'count': 19}}

chr4:98420823 --> {'REF': {'allele': 'C', 'hp': 1, 'count': 19}, 'ALT': {'allele': 'C', 'hp': 1, 'count': 19}}

chr4:98798159 --> {'REF': {'allele': 'C', 'hp': 1, 'count': 30}, 'ALT': {'allele': 'A', 'hp': 2, 'count': 23}}

chr4:99380179 --> {'REF': {'allele': 'T', 'hp': 2, 'count': 31}, 'ALT': {'allele': 'C', 'hp': 1, 'count': 27}}

chr4:99576787 --> {'REF': {'allele': 'G', 'hp': 1, 'count': 28}, 'ALT': {'allele': 'A', 'hp': 2, 'count': 27}}

chr4:100635040 --> {'REF': {'allele': 'C', 'hp': 1, 'count': 28}, 'ALT': {'allele': 'T', 'hp': 2, 'count': 20}}

chr4:100831620 --> {'REF': {'allele': 'T', 'hp': 2, 'count': 40}, 'ALT': {'allele': 'C', 'hp': 1, 'count': 30}}

chr4:101307393 --> {'REF': {'allele': 'G', 'hp': 2, 'count': 25}, 'ALT': {'allele': 'T', 'hp': 1, 'count': 18}}

chr4:101812891 --> {'REF': {'allele': 'T', 'hp': 1, 'count': 16}, 'ALT': {'allele': 'C', 'hp': 2, 'count': 15}}

chr4:102652271 --> {'REF': {'allele': 'T', 'hp': 1, 'count': 27}, 'ALT': {'allele': 'C', 'hp': 2, 'count': 16}}

chr4:105947309 --> {'REF': {'allele': 'C', 'hp': 1, 'count': 20}, 'ALT': {'allele': 'T', 'hp': 2, 'count': 14}}

chr4:107194746 --> {'REF': {'allele': 'C', 'hp': 2, 'count': 33}, 'ALT': {'allele': 'G', 'hp': 1, 'count': 28}}

chr4:107397570 --> {'REF': {'allele': 'T', 'hp': 2, 'count': 28}, 'ALT': {'allele': 'A', 'hp': 1, 'count': 27}}

chr4:108039817 --> {'REF': {'allele': 'T', 'hp': 2, 'count': 32}, 'ALT': {'allele': 'G', 'hp': 1, 'count': 22}}

chr4:109297500 --> {'REF': {'allele': 'A', 'hp': 2, 'count': 17}, 'ALT': {'allele': 'C', 'hp': 1, 'count': 16}}

chr4:109820547 --> {'REF': {'allele': 'A', 'hp': 1, 'count': 17}, 'ALT': {'allele': 'A', 'hp': 1, 'count': 17}}

chr4:111005292 --> {'REF': {'allele': 'C', 'hp': 2, 'count': 32}, 'ALT': {'allele': 'G', 'hp': 1, 'count': 23}}

chr4:111638086 --> {'REF': {'allele': 'G', 'hp': 2, 'count': 13}, 'ALT': {'allele': 'T', 'hp': 1, 'count': 9}}

chr4:112107142 --> {'REF': {'allele': 'C', 'hp': 1, 'count': 16}, 'ALT': {'allele': 'T', 'hp': 2, 'count': 12}}

chr4:112469162 --> {'REF': {'allele': 'C', 'hp': 1, 'count': 37}, 'ALT': {'allele': 'T', 'hp': 2, 'count': 17}}

chr4:112824327 --> {'REF': {'allele': 'C', 'hp': 1, 'count': 25}, 'ALT': {'allele': 'T', 'hp': 2, 'count': 12}}

chr4:113577965 --> {'REF': {'allele': 'T', 'hp': 2, 'count': 23}, 'ALT': {'allele': 'C', 'hp': 1, 'count': 14}}

chr4:114111687 --> {'REF': {'allele': 'T', 'hp': 2, 'count': 36}, 'ALT': {'allele': 'C', 'hp': 1, 'count': 21}}

chr4:114396421 --> {'REF': {'allele': 'C', 'hp': 1, 'count': 28}, 'ALT': {'allele': 'T', 'hp': 2, 'count': 26}}

chr4:114666456 --> {'REF': {'allele': 'C', 'hp': 1, 'count': 29}, 'ALT': {'allele': 'T', 'hp': 2, 'count': 22}}

chr4:115283421 --> {'REF': {'allele': 'A', 'hp': 2, 'count': 26}, 'ALT': {'allele': 'C', 'hp': 1, 'count': 20}}

chr4:115633484 --> {'REF': {'allele': 'T', 'hp': 2, 'count': 19}, 'ALT': {'allele': 'C', 'hp': 1, 'count': 16}}

chr4:115974323 --> {'REF': {'allele': 'G', 'hp': 1, 'count': 13}, 'ALT': {'allele': 'G', 'hp': 1, 'count': 13}}

chr4:116327741 --> {'REF': {'allele': 'A', 'hp': 1, 'count': 27}, 'ALT': {'allele': 'G', 'hp': 2, 'count': 21}}

chr4:116760673 --> {'REF': {'allele': 'A', 'hp': 2, 'count': 21}, 'ALT': {'allele': 'G', 'hp': 1, 'count': 18}}

chr4:117828921 --> {'REF': {'allele': 'G', 'hp': 2, 'count': 24}, 'ALT': {'allele': 'A', 'hp': 1, 'count': 18}}

chr4:118602386 --> {'REF': {'allele': 'G', 'hp': 2, 'count': 29}, 'ALT': {'allele': 'A', 'hp': 1, 'count': 25}}

chr4:119234792 --> {'REF': {'allele': 'C', 'hp': 1, 'count': 27}, 'ALT': {'allele': 'T', 'hp': 2, 'count': 26}}

chr4:122354368 --> {'REF': {'allele': 'G', 'hp': 2, 'count': 19}, 'ALT': {'allele': 'A', 'hp': 1, 'count': 17}}

chr4:122609879 --> {'REF': {'allele': 'C', 'hp': 1, 'count': 29}, 'ALT': {'allele': 'G', 'hp': 2, 'count': 19}}

chr4:123810668 --> {'REF': {'allele': 'C', 'hp': 2, 'count': 33}, 'ALT': {'allele': 'A', 'hp': 1, 'count': 20}}

chr4:124310336 --> {'REF': {'allele': 'A', 'hp': 1, 'count': 23}, 'ALT': {'allele': 'C', 'hp': 2, 'count': 18}}

chr4:124755038 --> {'REF': {'allele': 'A', 'hp': 2, 'count': 16}, 'ALT': {'allele': 'T', 'hp': 1, 'count': 14}}

chr4:125389601 --> {'REF': {'allele': 'T', 'hp': 1, 'count': 25}, 'ALT': {'allele': 'C', 'hp': 2, 'count': 21}}

chr4:126734687 --> {'REF': {'allele': 'T', 'hp': 2, 'count': 28}, 'ALT': {'allele': 'C', 'hp': 1, 'count': 16}}

chr4:128610639 --> {'REF': {'allele': 'G', 'hp': 1, 'count': 23}, 'ALT': {'allele': 'A', 'hp': 2, 'count': 15}}

chr4:133391197 --> {'REF': {'allele': 'T', 'hp': 2, 'count': 41}, 'ALT': {'allele': 'A', 'hp': 1, 'count': 22}}

chr4:134462535 --> {'REF': {'allele': 'C', 'hp': 1, 'count': 33}, 'ALT': {'allele': 'T', 'hp': 2, 'count': 28}}

chr4:135015503 --> {'REF': {'allele': 'T', 'hp': 1, 'count': 22}, 'ALT': {'allele': 'C', 'hp': 2, 'count': 18}}

chr4:135208926 --> {'REF': {'allele': 'T', 'hp': 1, 'count': 35}, 'ALT': {'allele': 'C', 'hp': 2, 'count': 32}}

chr4:136491456 --> {'REF': {'allele': 'A', 'hp': 2, 'count': 28}, 'ALT': {'allele': 'G', 'hp': 1, 'count': 23}}

chr4:136967564 --> {'REF': {'allele': 'G', 'hp': 1, 'count': 42}, 'ALT': {'allele': 'A', 'hp': 2, 'count': 25}}

chr4:138319290 --> {'REF': {'allele': 'C', 'hp': 1, 'count': 31}, 'ALT': {'allele': 'T', 'hp': 2, 'count': 22}}

chr4:138877108 --> {'REF': {'allele': 'A', 'hp': 1, 'count': 26}, 'ALT': {'allele': 'A', 'hp': 1, 'count': 26}}

chr4:139597107 --> {'REF': {'allele': 'A', 'hp': 2, 'count': 26}, 'ALT': {'allele': 'G', 'hp': 1, 'count': 22}}

chr4:139756121 --> {'REF': {'allele': 'T', 'hp': 2, 'count': 29}, 'ALT': {'allele': 'A', 'hp': 1, 'count': 28}}

chr4:140946301 --> {'REF': {'allele': 'C', 'hp': 2, 'count': 18}, 'ALT': {'allele': 'G', 'hp': 1, 'count': 13}}

chr4:141689498 --> {'REF': {'allele': 'G', 'hp': 1, 'count': 34}, 'ALT': {'allele': 'T', 'hp': 2, 'count': 23}}

chr4:142464321 --> {'REF': {'allele': 'C', 'hp': 1, 'count': 17}, 'ALT': {'allele': 'T', 'hp': 2, 'count': 11}}

chr4:142904886 --> {'REF': {'allele': 'T', 'hp': 1, 'count': 22}, 'ALT': {'allele': 'C', 'hp': 2, 'count': 15}}

chr4:143791400 --> {'REF': {'allele': 'T', 'hp': 1, 'count': 28}, 'ALT': {'allele': 'A', 'hp': 2, 'count': 23}}

chr4:143950132 --> {'REF': {'allele': 'G', 'hp': 2, 'count': 21}, 'ALT': {'allele': 'A', 'hp': 1, 'count': 20}}

chr4:144239073 --> {'REF': {'allele': 'T', 'hp': 1, 'count': 16}, 'ALT': {'allele': 'C', 'hp': 2, 'count': 12}}

chr4:144279785 --> {'REF': {'allele': 'C', 'hp': 2, 'count': 23}, 'ALT': {'allele': 'T', 'hp': 1, 'count': 16}}

chr4:145269295 --> {'REF': {'allele': 'C', 'hp': 1, 'count': 27}, 'ALT': {'allele': 'G', 'hp': 2, 'count': 26}}

chr4:146228430 --> {'REF': {'allele': 'G', 'hp': 2, 'count': 26}, 'ALT': {'allele': 'A', 'hp': 1, 'count': 24}}

chr4:146912870 --> {'REF': {'allele': 'C', 'hp': 1, 'count': 26}, 'ALT': {'allele': 'T', 'hp': 2, 'count': 23}}

chr4:146982389 --> {'REF': {'allele': 'T', 'hp': 2, 'count': 19}, 'ALT': {'allele': 'C', 'hp': 1, 'count': 17}}

chr4:151869104 --> {'REF': {'allele': 'C', 'hp': 1, 'count': 31}, 'ALT': {'allele': 'T', 'hp': 2, 'count': 27}}

chr4:152156016 --> {'REF': {'allele': 'C', 'hp': 1, 'count': 20}, 'ALT': {'allele': 'T', 'hp': 2, 'count': 19}}

chr4:152601339 --> {'REF': {'allele': 'A', 'hp': 1, 'count': 31}, 'ALT': {'allele': 'G', 'hp': 2, 'count': 28}}

chr4:153548575 --> {'REF': {'allele': 'G', 'hp': 2, 'count': 19}, 'ALT': {'allele': 'A', 'hp': 1, 'count': 18}}

chr4:155408313 --> {'REF': {'allele': 'A', 'hp': 1, 'count': 19}, 'ALT': {'allele': 'G', 'hp': 2, 'count': 18}}

chr4:155569881 --> {'REF': {'allele': 'T', 'hp': 2, 'count': 22}, 'ALT': {'allele': 'C', 'hp': 1, 'count': 18}}

chr4:156496209 --> {'REF': {'allele': 'C', 'hp': 1, 'count': 18}, 'ALT': {'allele': 'T', 'hp': 2, 'count': 15}}

chr4:156575425 --> {'REF': {'allele': 'C', 'hp': 1, 'count': 15}, 'ALT': {'allele': 'T', 'hp': 2, 'count': 9}}

chr4:157149499 --> {'REF': {'allele': 'C', 'hp': 2, 'count': 22}, 'ALT': {'allele': 'T', 'hp': 1, 'count': 15}}

chr4:157531241 --> {'REF': {'allele': 'G', 'hp': 2, 'count': 27}, 'ALT': {'allele': 'C', 'hp': 1, 'count': 25}}

chr4:158093871 --> {'REF': {'allele': 'G', 'hp': 1, 'count': 28}, 'ALT': {'allele': 'T', 'hp': 2, 'count': 23}}

chr4:158519375 --> {'REF': {'allele': 'G', 'hp': 2, 'count': 34}, 'ALT': {'allele': 'A', 'hp': 1, 'count': 26}}

chr4:160288310 --> {'REF': {'allele': 'T', 'hp': 2, 'count': 20}, 'ALT': {'allele': 'C', 'hp': 1, 'count': 17}}

chr4:161203737 --> {'REF': {'allele': 'C', 'hp': 1, 'count': 24}, 'ALT': {'allele': 'G', 'hp': 2, 'count': 21}}

chr4:161547322 --> {'REF': {'allele': 'A', 'hp': 1, 'count': 26}, 'ALT': {'allele': 'G', 'hp': 2, 'count': 18}}

chr4:162308086 --> {'REF': {'allele': 'T', 'hp': 1, 'count': 18}, 'ALT': {'allele': 'C', 'hp': 2, 'count': 11}}

chr4:162965744 --> {'REF': {'allele': 'C', 'hp': 2, 'count': 24}, 'ALT': {'allele': 'T', 'hp': 1, 'count': 16}}

chr4:163247716 --> {'REF': {'allele': 'T', 'hp': 2, 'count': 23}, 'ALT': {'allele': 'C', 'hp': 1, 'count': 22}}

chr4:163581633 --> {'REF': {'allele': 'C', 'hp': 2, 'count': 25}, 'ALT': {'allele': 'G', 'hp': 1, 'count': 23}}

chr4:164166754 --> {'REF': {'allele': 'A', 'hp': 2, 'count': 40}, 'ALT': {'allele': 'T', 'hp': 1, 'count': 32}}

chr4:164737710 --> {'REF': {'allele': 'C', 'hp': 2, 'count': 33}, 'ALT': {'allele': 'G', 'hp': 1, 'count': 28}}

chr4:165269746 --> {'REF': {'allele': 'A', 'hp': 1, 'count': 43}, 'ALT': {'allele': 'T', 'hp': 2, 'count': 37}}

chr4:165935245 --> {'REF': {'allele': 'A', 'hp': 2, 'count': 23}, 'ALT': {'allele': 'C', 'hp': 1, 'count': 22}}

chr4:166159515 --> {'REF': {'allele': 'C', 'hp': 2, 'count': 30}, 'ALT': {'allele': 'G', 'hp': 1, 'count': 21}}

chr4:166676164 --> {'REF': {'allele': 'T', 'hp': 2, 'count': 25}, 'ALT': {'allele': 'C', 'hp': 1, 'count': 20}}

chr4:167021785 --> {'REF': {'allele': 'T', 'hp': 2, 'count': 26}, 'ALT': {'allele': 'G', 'hp': 1, 'count': 21}}

chr4:168089786 --> {'REF': {'allele': 'T', 'hp': 1, 'count': 17}, 'ALT': {'allele': 'A', 'hp': 2, 'count': 16}}

chr4:168689907 --> {'REF': {'allele': 'G', 'hp': 1, 'count': 30}, 'ALT': {'allele': 'C', 'hp': 2, 'count': 21}}

chr4:169444459 --> {'REF': {'allele': 'C', 'hp': 2, 'count': 34}, 'ALT': {'allele': 'G', 'hp': 1, 'count': 25}}

chr4:170716947 --> {'REF': {'allele': 'T', 'hp': 2, 'count': 37}, 'ALT': {'allele': 'A', 'hp': 1, 'count': 26}}

chr4:171058747 --> {'REF': {'allele': 'T', 'hp': 1, 'count': 26}, 'ALT': {'allele': 'C', 'hp': 2, 'count': 20}}

chr4:171865787 --> {'REF': {'allele': 'C', 'hp': 1, 'count': 28}, 'ALT': {'allele': 'T', 'hp': 2, 'count': 20}}

chr4:173019272 --> {'REF': {'allele': 'T', 'hp': 2, 'count': 25}, 'ALT': {'allele': 'C', 'hp': 1, 'count': 17}}

chr4:173920624 --> {'REF': {'allele': 'A', 'hp': 1, 'count': 26}, 'ALT': {'allele': 'G', 'hp': 2, 'count': 19}}

chr4:174274861 --> {'REF': {'allele': 'G', 'hp': 2, 'count': 32}, 'ALT': {'allele': 'A', 'hp': 1, 'count': 22}}

chr4:174697672 --> {'REF': {'allele': 'C', 'hp': 2, 'count': 23}, 'ALT': {'allele': 'T', 'hp': 1, 'count': 14}}

chr4:174978386 --> {'REF': {'allele': 'C', 'hp': 1, 'count': 17}, 'ALT': {'allele': 'T', 'hp': 2, 'count': 16}}

chr4:175230383 --> {'REF': {'allele': 'T', 'hp': 2, 'count': 30}, 'ALT': {'allele': 'A', 'hp': 1, 'count': 26}}

chr4:176291864 --> {'REF': {'allele': 'T', 'hp': 2, 'count': 21}, 'ALT': {'allele': 'A', 'hp': 1, 'count': 15}}

chr4:176566395 --> {'REF': {'allele': 'A', 'hp': 2, 'count': 27}, 'ALT': {'allele': 'T', 'hp': 1, 'count': 19}}

chr4:176793843 --> {'REF': {'allele': 'A', 'hp': 1, 'count': 25}, 'ALT': {'allele': 'T', 'hp': 2, 'count': 17}}

chr4:177074530 --> {'REF': {'allele': 'C', 'hp': 2, 'count': 20}, 'ALT': {'allele': 'A', 'hp': 1, 'count': 17}}

chr4:177219617 --> {'REF': {'allele': 'G', 'hp': 1, 'count': 29}, 'ALT': {'allele': 'A', 'hp': 2, 'count': 28}}

chr4:177490557 --> {'REF': {'allele': 'A', 'hp': 1, 'count': 31}, 'ALT': {'allele': 'C', 'hp': 2, 'count': 24}}

chr4:177731156 --> {'REF': {'allele': 'A', 'hp': 1, 'count': 25}, 'ALT': {'allele': 'C', 'hp': 2, 'count': 16}}

chr4:179249418 --> {'REF': {'allele': 'T', 'hp': 1, 'count': 22}, 'ALT': {'allele': 'C', 'hp': 2, 'count': 17}}

chr4:181803823 --> {'REF': {'allele': 'A', 'hp': 2, 'count': 28}, 'ALT': {'allele': 'T', 'hp': 1, 'count': 26}}

chr4:183024780 --> {'REF': {'allele': 'C', 'hp': 1, 'count': 27}, 'ALT': {'allele': 'T', 'hp': 2, 'count': 26}}

chr4:183101510 --> {'REF': {'allele': 'G', 'hp': 1, 'count': 18}, 'ALT': {'allele': 'A', 'hp': 2, 'count': 12}}

chr4:184755101 --> {'REF': {'allele': 'G', 'hp': 2, 'count': 15}, 'ALT': {'allele': 'C', 'hp': 1, 'count': 13}}

chr4:185938227 --> {'REF': {'allele': 'G', 'hp': 2, 'count': 19}, 'ALT': {'allele': 'A', 'hp': 1, 'count': 18}}

chr4:186737792 --> {'REF': {'allele': 'A', 'hp': 1, 'count': 11}, 'ALT': {'allele': 'C', 'hp': 2, 'count': 9}}

chr4:187117230 --> {'REF': {'allele': 'T', 'hp': 2, 'count': 14}, 'ALT': {'allele': 'T', 'hp': 2, 'count': 14}}

chr4:187527168 --> {'REF': {'allele': 'A', 'hp': 1, 'count': 26}, 'ALT': {'allele': 'T', 'hp': 2, 'count': 20}}

chr4:188076925 --> {'REF': {'allele': 'C', 'hp': 1, 'count': 17}, 'ALT': {'allele': 'T', 'hp': 2, 'count': 11}}

chr4:188368943 --> {'REF': {'allele': 'A', 'hp': 1, 'count': 19}, 'ALT': {'allele': 'G', 'hp': 2, 'count': 11}}

chr4:189059602 --> {'REF': {'allele': 'G', 'hp': 1, 'count': 15}, 'ALT': {'allele': 'A', 'hp': 2, 'count': 12}}

chr4:189978531 --> {'REF': {'allele': 'G', 'hp': 1, 'count': 28}, 'ALT': {'allele': 'C', 'hp': 2, 'count': 19}}

chr4:190290945 --> {'REF': {'allele': 'T', 'hp': 1, 'count': 29}, 'ALT': {'allele': 'A', 'hp': 2, 'count': 18}}

chr4:190477199 --> {'REF': {'allele': 'G', 'hp': 2, 'count': 22}, 'ALT': {'allele': 'C', 'hp': 1, 'count': 17}}

chr4:190651138 --> {'REF': {'allele': 'C', 'hp': 1, 'count': 32}, 'ALT': {'allele': 'G', 'hp': 2, 'count': 18}}

chr4:190925576 --> {'REF': {'allele': 'A', 'hp': 1, 'count': 18}, 'ALT': {'allele': 'G', 'hp': 2, 'count': 9}}

chr4:191730702 --> {'REF': {'allele': 'G', 'hp': 1, 'count': 21}, 'ALT': {'allele': 'C', 'hp': 2, 'count': 16}}

chr3:885505 --> {'REF': {'allele': 'A', 'hp': 1, 'count': 31}, 'ALT': {'allele': 'G', 'hp': 2, 'count': 22}}

chr3:2818748 --> {'REF': {'allele': 'G', 'hp': 2, 'count': 19}, 'ALT': {'allele': 'A', 'hp': 1, 'count': 17}}

chr3:3216337 --> {'REF': {'allele': 'T', 'hp': 2, 'count': 20}, 'ALT': {'allele': 'G', 'hp': 1, 'count': 19}}

chr3:3752540 --> {'REF': {'allele': 'G', 'hp': 2, 'count': 22}, 'ALT': {'allele': 'A', 'hp': 1, 'count': 20}}

chr3:4063623 --> {'REF': {'allele': 'A', 'hp': 2, 'count': 27}, 'ALT': {'allele': 'G', 'hp': 1, 'count': 18}}

chr3:4656484 --> {'REF': {'allele': 'C', 'hp': 2, 'count': 23}, 'ALT': {'allele': 'T', 'hp': 1, 'count': 20}}

chr3:4783658 --> {'REF': {'allele': 'C', 'hp': 1, 'count': 17}, 'ALT': {'allele': 'T', 'hp': 2, 'count': 16}}

chr3:4990371 --> {'REF': {'allele': 'A', 'hp': 1, 'count': 11}, 'ALT': {'allele': 'A', 'hp': 1, 'count': 11}}

chr3:5334130 --> {'REF': {'allele': 'C', 'hp': 2, 'count': 17}, 'ALT': {'allele': 'C', 'hp': 2, 'count': 17}}

chr3:5962488 --> {'REF': {'allele': 'C', 'hp': 1, 'count': 27}, 'ALT': {'allele': 'T', 'hp': 2, 'count': 20}}

chr3:6329835 --> {'REF': {'allele': 'A', 'hp': 1, 'count': 22}, 'ALT': {'allele': 'T', 'hp': 2, 'count': 13}}

chr3:6755245 --> {'REF': {'allele': 'T', 'hp': 1, 'count': 27}, 'ALT': {'allele': 'C', 'hp': 2, 'count': 22}}

chr3:7315565 --> {'REF': {'allele': 'T', 'hp': 2, 'count': 25}, 'ALT': {'allele': 'A', 'hp': 1, 'count': 20}}

chr3:7892373 --> {'REF': {'allele': 'A', 'hp': 1, 'count': 23}, 'ALT': {'allele': 'G', 'hp': 2, 'count': 16}}

chr3:8213359 --> {'REF': {'allele': 'G', 'hp': 1, 'count': 27}, 'ALT': {'allele': 'A', 'hp': 2, 'count': 18}}

chr3:8683987 --> {'REF': {'allele': 'G', 'hp': 2, 'count': 18}, 'ALT': {'allele': 'A', 'hp': 1, 'count': 15}}

chr3:11008127 --> {'REF': {'allele': 'A', 'hp': 1, 'count': 14}, 'ALT': {'allele': 'G', 'hp': 2, 'count': 12}}

chr3:11598011 --> {'REF': {'allele': 'G', 'hp': 2, 'count': 15}, 'ALT': {'allele': 'A', 'hp': 1, 'count': 11}}

chr3:11829718 --> {'REF': {'allele': 'A', 'hp': 2, 'count': 16}, 'ALT': {'allele': 'G', 'hp': 1, 'count': 9}}

chr3:11880886 --> {'REF': {'allele': 'C', 'hp': 2, 'count': 24}, 'ALT': {'allele': 'G', 'hp': 1, 'count': 10}}

chr3:12428219 --> {'REF': {'allele': 'T', 'hp': 2, 'count': 19}, 'ALT': {'allele': 'C', 'hp': 1, 'count': 16}}

chr3:14263867 --> {'REF': {'allele': 'A', 'hp': 2, 'count': 21}, 'ALT': {'allele': 'A', 'hp': 2, 'count': 21}}

chr3:14867809 --> {'REF': {'allele': 'A', 'hp': 2, 'count': 11}, 'ALT': {'allele': 'G', 'hp': 1, 'count': 10}}

chr3:15447019 --> {'REF': {'allele': 'T', 'hp': 2, 'count': 16}, 'ALT': {'allele': 'C', 'hp': 1, 'count': 12}}

chr3:16114431 --> {'REF': {'allele': 'A', 'hp': 1, 'count': 20}, 'ALT': {'allele': 'G', 'hp': 2, 'count': 16}}

chr3:16405692 --> {'REF': {'allele': 'T', 'hp': 1, 'count': 18}, 'ALT': {'allele': 'A', 'hp': 2, 'count': 16}}

chr3:20088894 --> {'REF': {'allele': 'T', 'hp': 1, 'count': 21}, 'ALT': {'allele': 'T', 'hp': 1, 'count': 21}}

chr3:24182897 --> {'REF': {'allele': 'A', 'hp': 2, 'count': 27}, 'ALT': {'allele': 'G', 'hp': 1, 'count': 20}}

chr3:25002046 --> {'REF': {'allele': 'T', 'hp': 2, 'count': 31}, 'ALT': {'allele': 'C', 'hp': 1, 'count': 28}}

chr3:25466011 --> {'REF': {'allele': 'G', 'hp': 2, 'count': 16}, 'ALT': {'allele': 'C', 'hp': 1, 'count': 15}}

chr3:25693476 --> {'REF': {'allele': 'C', 'hp': 2, 'count': 14}, 'ALT': {'allele': 'C', 'hp': 2, 'count': 14}}

chr3:26508401 --> {'REF': {'allele': 'A', 'hp': 2, 'count': 20}, 'ALT': {'allele': 'T', 'hp': 1, 'count': 16}}

chr3:27069090 --> {'REF': {'allele': 'T', 'hp': 2, 'count': 25}, 'ALT': {'allele': 'C', 'hp': 1, 'count': 23}}

chr3:29976326 --> {'REF': {'allele': 'A', 'hp': 1, 'count': 28}, 'ALT': {'allele': 'C', 'hp': 2, 'count': 25}}

chr3:30670015 --> {'REF': {'allele': 'A', 'hp': 1, 'count': 27}, 'ALT': {'allele': 'G', 'hp': 2, 'count': 15}}

chr3:30903248 --> {'REF': {'allele': 'G', 'hp': 1, 'count': 25}, 'ALT': {'allele': 'G', 'hp': 1, 'count': 25}}

chr3:31673355 --> {'REF': {'allele': 'C', 'hp': 2, 'count': 20}, 'ALT': {'allele': 'T', 'hp': 1, 'count': 15}}

chr3:32399313 --> {'REF': {'allele': 'T', 'hp': 1, 'count': 18}, 'ALT': {'allele': 'C', 'hp': 2, 'count': 10}}

chr3:32884047 --> {'REF': {'allele': 'G', 'hp': 1, 'count': 17}, 'ALT': {'allele': 'A', 'hp': 2, 'count': 16}}

chr3:35156289 --> {'REF': {'allele': 'C', 'hp': 1, 'count': 32}, 'ALT': {'allele': 'T', 'hp': 2, 'count': 21}}

chr3:35819587 --> {'REF': {'allele': 'G', 'hp': 1, 'count': 21}, 'ALT': {'allele': 'A', 'hp': 2, 'count': 20}}

chr3:37786381 --> {'REF': {'allele': 'T', 'hp': 1, 'count': 19}, 'ALT': {'allele': 'C', 'hp': 2, 'count': 16}}

chr3:38062990 --> {'REF': {'allele': 'G', 'hp': 2, 'count': 14}, 'ALT': {'allele': 'A', 'hp': 1, 'count': 12}}

chr3:38404288 --> {'REF': {'allele': 'A', 'hp': 1, 'count': 18}, 'ALT': {'allele': 'G', 'hp': 2, 'count': 9}}

chr3:38775593 --> {'REF': {'allele': 'T', 'hp': 1, 'count': 33}, 'ALT': {'allele': 'C', 'hp': 2, 'count': 18}}

chr3:39242811 --> {'REF': {'allele': 'G', 'hp': 1, 'count': 21}, 'ALT': {'allele': 'A', 'hp': 2, 'count': 14}}

chr3:40226961 --> {'REF': {'allele': 'C', 'hp': 1, 'count': 24}, 'ALT': {'allele': 'G', 'hp': 2, 'count': 17}}

chr3:40578082 --> {'REF': {'allele': 'T', 'hp': 2, 'count': 14}, 'ALT': {'allele': 'C', 'hp': 1, 'count': 13}}

chr3:41129532 --> {'REF': {'allele': 'G', 'hp': 1, 'count': 17}, 'ALT': {'allele': 'G', 'hp': 1, 'count': 17}}

chr3:41821561 --> {'REF': {'allele': 'C', 'hp': 2, 'count': 20}, 'ALT': {'allele': 'T', 'hp': 1, 'count': 17}}

chr3:42627207 --> {'REF': {'allele': 'G', 'hp': 1, 'count': 19}, 'ALT': {'allele': 'A', 'hp': 2, 'count': 11}}

chr3:43574661 --> {'REF': {'allele': 'A', 'hp': 1, 'count': 25}, 'ALT': {'allele': 'C', 'hp': 2, 'count': 17}}

chr3:44005921 --> {'REF': {'allele': 'G', 'hp': 2, 'count': 23}, 'ALT': {'allele': 'A', 'hp': 1, 'count': 12}}

chr3:46111692 --> {'REF': {'allele': 'A', 'hp': 1, 'count': 21}, 'ALT': {'allele': 'G', 'hp': 2, 'count': 15}}

chr3:48379795 --> {'REF': {'allele': 'G', 'hp': 1, 'count': 25}, 'ALT': {'allele': 'A', 'hp': 2, 'count': 24}}

chr3:49549426 --> {'REF': {'allele': 'A', 'hp': 1, 'count': 11}, 'ALT': {'allele': 'G', 'hp': 2, 'count': 10}}

chr3:53105033 --> {'REF': {'allele': 'G', 'hp': 1, 'count': 14}, 'ALT': {'allele': 'T', 'hp': 2, 'count': 9}}

chr3:54291824 --> {'REF': {'allele': 'C', 'hp': 2, 'count': 25}, 'ALT': {'allele': 'T', 'hp': 1, 'count': 19}}

chr3:54919706 --> {'REF': {'allele': 'T', 'hp': 1, 'count': 14}, 'ALT': {'allele': 'C', 'hp': 2, 'count': 13}}

chr3:55037711 --> {'REF': {'allele': 'G', 'hp': 1, 'count': 19}, 'ALT': {'allele': 'A', 'hp': 2, 'count': 15}}

chr3:55453681 --> {'REF': {'allele': 'T', 'hp': 1, 'count': 18}, 'ALT': {'allele': 'A', 'hp': 2, 'count': 13}}

chr3:55740428 --> {'REF': {'allele': 'C', 'hp': 2, 'count': 22}, 'ALT': {'allele': 'T', 'hp': 1, 'count': 18}}

chr3:57262171 --> {'REF': {'allele': 'T', 'hp': 1, 'count': 20}, 'ALT': {'allele': 'C', 'hp': 2, 'count': 14}}

chr3:57943014 --> {'REF': {'allele': 'G', 'hp': 1, 'count': 23}, 'ALT': {'allele': 'G', 'hp': 1, 'count': 23}}

chr3:58462868 --> {'REF': {'allele': 'T', 'hp': 1, 'count': 21}, 'ALT': {'allele': 'C', 'hp': 2, 'count': 19}}

chr3:58924839 --> {'REF': {'allele': 'T', 'hp': 2, 'count': 30}, 'ALT': {'allele': 'G', 'hp': 1, 'count': 21}}

chr3:59391630 --> {'REF': {'allele': 'A', 'hp': 1, 'count': 30}, 'ALT': {'allele': 'T', 'hp': 2, 'count': 15}}

chr3:59618029 --> {'REF': {'allele': 'A', 'hp': 2, 'count': 23}, 'ALT': {'allele': 'G', 'hp': 1, 'count': 19}}

chr3:59755653 --> {'REF': {'allele': 'A', 'hp': 1, 'count': 20}, 'ALT': {'allele': 'G', 'hp': 2, 'count': 19}}

chr3:60084946 --> {'REF': {'allele': 'A', 'hp': 2, 'count': 28}, 'ALT': {'allele': 'G', 'hp': 1, 'count': 27}}

chr3:60608487 --> {'REF': {'allele': 'C', 'hp': 2, 'count': 16}, 'ALT': {'allele': 'G', 'hp': 1, 'count': 13}}

chr3:62084675 --> {'REF': {'allele': 'T', 'hp': 1, 'count': 23}, 'ALT': {'allele': 'C', 'hp': 2, 'count': 21}}

chr3:62265370 --> {'REF': {'allele': 'C', 'hp': 2, 'count': 18}, 'ALT': {'allele': 'A', 'hp': 1, 'count': 11}}

chr3:63275020 --> {'REF': {'allele': 'G', 'hp': 2, 'count': 21}, 'ALT': {'allele': 'A', 'hp': 1, 'count': 16}}

chr3:64818520 --> {'REF': {'allele': 'G', 'hp': 1, 'count': 24}, 'ALT': {'allele': 'A', 'hp': 2, 'count': 14}}

chr3:64950584 --> {'REF': {'allele': 'T', 'hp': 1, 'count': 26}, 'ALT': {'allele': 'A', 'hp': 2, 'count': 22}}

chr3:65510808 --> {'REF': {'allele': 'C', 'hp': 2, 'count': 27}, 'ALT': {'allele': 'A', 'hp': 1, 'count': 22}}

chr3:65907702 --> {'REF': {'allele': 'A', 'hp': 2, 'count': 13}, 'ALT': {'allele': 'G', 'hp': 1, 'count': 12}}

chr3:66205026 --> {'REF': {'allele': 'C', 'hp': 1, 'count': 21}, 'ALT': {'allele': 'A', 'hp': 2, 'count': 13}}

chr3:66831970 --> {'REF': {'allele': 'G', 'hp': 2, 'count': 23}, 'ALT': {'allele': 'A', 'hp': 1, 'count': 22}}

chr3:67164127 --> {'REF': {'allele': 'C', 'hp': 2, 'count': 19}, 'ALT': {'allele': 'T', 'hp': 1, 'count': 17}}

chr3:67691706 --> {'REF': {'allele': 'C', 'hp': 1, 'count': 22}, 'ALT': {'allele': 'G', 'hp': 2, 'count': 11}}

chr3:67866774 --> {'REF': {'allele': 'A', 'hp': 1, 'count': 26}, 'ALT': {'allele': 'C', 'hp': 2, 'count': 22}}

chr3:68176597 --> {'REF': {'allele': 'T', 'hp': 2, 'count': 34}, 'ALT': {'allele': 'C', 'hp': 1, 'count': 17}}

chr3:68521768 --> {'REF': {'allele': 'T', 'hp': 1, 'count': 24}, 'ALT': {'allele': 'A', 'hp': 2, 'count': 16}}

chr3:69380532 --> {'REF': {'allele': 'A', 'hp': 1, 'count': 25}, 'ALT': {'allele': 'G', 'hp': 2, 'count': 15}}

chr3:71239440 --> {'REF': {'allele': 'C', 'hp': 1, 'count': 23}, 'ALT': {'allele': 'T', 'hp': 2, 'count': 12}}

chr3:72542922 --> {'REF': {'allele': 'A', 'hp': 2, 'count': 16}, 'ALT': {'allele': 'G', 'hp': 1, 'count': 11}}

chr3:72675069 --> {'REF': {'allele': 'T', 'hp': 1, 'count': 15}, 'ALT': {'allele': 'T', 'hp': 1, 'count': 15}}

chr3:72986975 --> {'REF': {'allele': 'A', 'hp': 2, 'count': 20}, 'ALT': {'allele': 'G', 'hp': 1, 'count': 14}}

chr3:73177943 --> {'REF': {'allele': 'C', 'hp': 2, 'count': 25}, 'ALT': {'allele': 'T', 'hp': 1, 'count': 15}}

chr3:73693037 --> {'REF': {'allele': 'A', 'hp': 2, 'count': 33}, 'ALT': {'allele': 'G', 'hp': 1, 'count': 16}}

chr3:73899636 --> {'REF': {'allele': 'G', 'hp': 1, 'count': 24}, 'ALT': {'allele': 'C', 'hp': 2, 'count': 21}}

chr3:74337235 --> {'REF': {'allele': 'T', 'hp': 2, 'count': 22}, 'ALT': {'allele': 'T', 'hp': 2, 'count': 22}}

chr3:75267763 --> {'REF': {'allele': 'G', 'hp': 2, 'count': 27}, 'ALT': {'allele': 'A', 'hp': 1, 'count': 22}}

chr3:76084736 --> {'REF': {'allele': 'G', 'hp': 1, 'count': 31}, 'ALT': {'allele': 'A', 'hp': 2, 'count': 22}}

chr3:77385858 --> {'REF': {'allele': 'T', 'hp': 2, 'count': 31}, 'ALT': {'allele': 'C', 'hp': 1, 'count': 25}}

chr3:77420814 --> {'REF': {'allele': 'A', 'hp': 2, 'count': 23}, 'ALT': {'allele': 'C', 'hp': 1, 'count': 18}}

chr3:78386939 --> {'REF': {'allele': 'A', 'hp': 1, 'count': 20}, 'ALT': {'allele': 'C', 'hp': 2, 'count': 12}}

chr3:81077794 --> {'REF': {'allele': 'G', 'hp': 2, 'count': 37}, 'ALT': {'allele': 'A', 'hp': 1, 'count': 28}}

chr3:82679531 --> {'REF': {'allele': 'T', 'hp': 1, 'count': 43}, 'ALT': {'allele': 'G', 'hp': 2, 'count': 37}}

chr3:84223299 --> {'REF': {'allele': 'T', 'hp': 1, 'count': 35}, 'ALT': {'allele': 'C', 'hp': 2, 'count': 31}}

chr3:86745538 --> {'REF': {'allele': 'T', 'hp': 2, 'count': 37}, 'ALT': {'allele': 'C', 'hp': 1, 'count': 35}}

chr3:88361283 --> {'REF': {'allele': 'T', 'hp': 2, 'count': 26}, 'ALT': {'allele': 'C', 'hp': 1, 'count': 19}}

chr3:91609740 --> {'REF': {'allele': 'C', 'hp': 2, 'count': 23}, 'ALT': {'allele': 'T', 'hp': 1, 'count': 22}}

chr3:99741469 --> {'REF': {'allele': 'T', 'hp': 1, 'count': 34}, 'ALT': {'allele': 'C', 'hp': 2, 'count': 27}}

chr3:100705137 --> {'REF': {'allele': 'G', 'hp': 2, 'count': 16}, 'ALT': {'allele': 'A', 'hp': 1, 'count': 15}}

chr3:100738819 --> {'REF': {'allele': 'A', 'hp': 2, 'count': 32}, 'ALT': {'allele': 'G', 'hp': 1, 'count': 20}}

chr3:100962174 --> {'REF': {'allele': 'A', 'hp': 2, 'count': 30}, 'ALT': {'allele': 'G', 'hp': 1, 'count': 28}}

chr3:101200916 --> {'REF': {'allele': 'G', 'hp': 1, 'count': 35}, 'ALT': {'allele': 'C', 'hp': 2, 'count': 25}}

chr3:102028904 --> {'REF': {'allele': 'A', 'hp': 2, 'count': 24}, 'ALT': {'allele': 'G', 'hp': 1, 'count': 13}}

chr3:103092920 --> {'REF': {'allele': 'T', 'hp': 2, 'count': 20}, 'ALT': {'allele': 'C', 'hp': 1, 'count': 17}}

chr3:103727506 --> {'REF': {'allele': 'A', 'hp': 1, 'count': 28}, 'ALT': {'allele': 'G', 'hp': 2, 'count': 19}}

chr3:105011305 --> {'REF': {'allele': 'A', 'hp': 1, 'count': 22}, 'ALT': {'allele': 'G', 'hp': 2, 'count': 21}}

chr3:106076309 --> {'REF': {'allele': 'A', 'hp': 2, 'count': 40}, 'ALT': {'allele': 'T', 'hp': 1, 'count': 33}}

chr3:106293875 --> {'REF': {'allele': 'G', 'hp': 1, 'count': 21}, 'ALT': {'allele': 'G', 'hp': 1, 'count': 21}}

chr3:107284043 --> {'REF': {'allele': 'C', 'hp': 2, 'count': 24}, 'ALT': {'allele': 'T', 'hp': 1, 'count': 16}}

chr3:107574467 --> {'REF': {'allele': 'C', 'hp': 1, 'count': 30}, 'ALT': {'allele': 'A', 'hp': 2, 'count': 20}}

chr3:107820397 --> {'REF': {'allele': 'T', 'hp': 1, 'count': 28}, 'ALT': {'allele': 'A', 'hp': 2, 'count': 21}}

chr3:108293706 --> {'REF': {'allele': 'A', 'hp': 2, 'count': 31}, 'ALT': {'allele': 'G', 'hp': 1, 'count': 22}}

chr3:109026884 --> {'REF': {'allele': 'G', 'hp': 2, 'count': 24}, 'ALT': {'allele': 'G', 'hp': 2, 'count': 24}}

chr3:110706244 --> {'REF': {'allele': 'A', 'hp': 1, 'count': 28}, 'ALT': {'allele': 'C', 'hp': 2, 'count': 15}}

chr3:111173376 --> {'REF': {'allele': 'G', 'hp': 1, 'count': 23}, 'ALT': {'allele': 'T', 'hp': 2, 'count': 15}}

chr3:111567781 --> {'REF': {'allele': 'T', 'hp': 1, 'count': 33}, 'ALT': {'allele': 'C', 'hp': 2, 'count': 28}}

chr3:112978336 --> {'REF': {'allele': 'G', 'hp': 1, 'count': 32}, 'ALT': {'allele': 'A', 'hp': 2, 'count': 21}}

chr3:113614310 --> {'REF': {'allele': 'T', 'hp': 2, 'count': 22}, 'ALT': {'allele': 'C', 'hp': 1, 'count': 18}}

chr3:113999302 --> {'REF': {'allele': 'G', 'hp': 2, 'count': 23}, 'ALT': {'allele': 'G', 'hp': 2, 'count': 23}}

chr3:116519276 --> {'REF': {'allele': 'T', 'hp': 1, 'count': 21}, 'ALT': {'allele': 'C', 'hp': 2, 'count': 14}}

chr3:117498105 --> {'REF': {'allele': 'G', 'hp': 1, 'count': 23}, 'ALT': {'allele': 'A', 'hp': 2, 'count': 18}}

chr3:118354331 --> {'REF': {'allele': 'C', 'hp': 2, 'count': 26}, 'ALT': {'allele': 'T', 'hp': 1, 'count': 21}}

chr3:119296129 --> {'REF': {'allele': 'A', 'hp': 2, 'count': 40}, 'ALT': {'allele': 'G', 'hp': 1, 'count': 25}}

chr3:119899397 --> {'REF': {'allele': 'C', 'hp': 2, 'count': 39}, 'ALT': {'allele': 'T', 'hp': 1, 'count': 21}}

chr3:120748253 --> {'REF': {'allele': 'T', 'hp': 1, 'count': 29}, 'ALT': {'allele': 'G', 'hp': 2, 'count': 27}}

chr3:121152324 --> {'REF': {'allele': 'A', 'hp': 1, 'count': 26}, 'ALT': {'allele': 'C', 'hp': 2, 'count': 22}}

chr3:121814231 --> {'REF': {'allele': 'G', 'hp': 1, 'count': 19}, 'ALT': {'allele': 'A', 'hp': 2, 'count': 18}}

chr3:122146807 --> {'REF': {'allele': 'C', 'hp': 2, 'count': 35}, 'ALT': {'allele': 'T', 'hp': 1, 'count': 25}}

chr3:122413347 --> {'REF': {'allele': 'C', 'hp': 2, 'count': 21}, 'ALT': {'allele': 'C', 'hp': 2, 'count': 21}}

chr3:122950775 --> {'REF': {'allele': 'T', 'hp': 1, 'count': 27}, 'ALT': {'allele': 'C', 'hp': 2, 'count': 17}}

chr3:123515380 --> {'REF': {'allele': 'G', 'hp': 2, 'count': 27}, 'ALT': {'allele': 'A', 'hp': 1, 'count': 24}}

chr3:124945083 --> {'REF': {'allele': 'A', 'hp': 1, 'count': 14}, 'ALT': {'allele': 'C', 'hp': 2, 'count': 13}}

chr3:125371817 --> {'REF': {'allele': 'T', 'hp': 2, 'count': 26}, 'ALT': {'allele': 'A', 'hp': 1, 'count': 13}}

chr3:125740611 --> {'REF': {'allele': 'A', 'hp': 1, 'count': 18}, 'ALT': {'allele': 'G', 'hp': 2, 'count': 17}}

chr3:125860621 --> {'REF': {'allele': 'G', 'hp': 1, 'count': 20}, 'ALT': {'allele': 'A', 'hp': 2, 'count': 13}}

chr3:126459948 --> {'REF': {'allele': 'A', 'hp': 1, 'count': 14}, 'ALT': {'allele': 'G', 'hp': 2, 'count': 11}}

chr3:127041036 --> {'REF': {'allele': 'T', 'hp': 1, 'count': 22}, 'ALT': {'allele': 'G', 'hp': 2, 'count': 15}}

chr3:127409344 --> {'REF': {'allele': 'T', 'hp': 1, 'count': 20}, 'ALT': {'allele': 'C', 'hp': 2, 'count': 9}}

chr3:130564395 --> {'REF': {'allele': 'A', 'hp': 1, 'count': 19}, 'ALT': {'allele': 'G', 'hp': 2, 'count': 13}}

chr3:134469750 --> {'REF': {'allele': 'C', 'hp': 2, 'count': 17}, 'ALT': {'allele': 'T', 'hp': 1, 'count': 16}}

chr3:134687436 --> {'REF': {'allele': 'A', 'hp': 1, 'count': 33}, 'ALT': {'allele': 'G', 'hp': 2, 'count': 17}}

chr3:135010665 --> {'REF': {'allele': 'T', 'hp': 1, 'count': 21}, 'ALT': {'allele': 'T', 'hp': 1, 'count': 21}}

chr3:135997570 --> {'REF': {'allele': 'G', 'hp': 2, 'count': 23}, 'ALT': {'allele': 'G', 'hp': 2, 'count': 23}}

chr3:137249379 --> {'REF': {'allele': 'G', 'hp': 2, 'count': 30}, 'ALT': {'allele': 'C', 'hp': 1, 'count': 16}}

chr3:138260614 --> {'REF': {'allele': 'C', 'hp': 1, 'count': 36}, 'ALT': {'allele': 'T', 'hp': 2, 'count': 22}}

chr3:138652247 --> {'REF': {'allele': 'G', 'hp': 2, 'count': 15}, 'ALT': {'allele': 'T', 'hp': 1, 'count': 13}}

chr3:139023848 --> {'REF': {'allele': 'A', 'hp': 1, 'count': 17}, 'ALT': {'allele': 'T', 'hp': 2, 'count': 12}}

chr3:140440139 --> {'REF': {'allele': 'G', 'hp': 1, 'count': 30}, 'ALT': {'allele': 'A', 'hp': 2, 'count': 27}}

chr3:141213918 --> {'REF': {'allele': 'T', 'hp': 2, 'count': 17}, 'ALT': {'allele': 'C', 'hp': 1, 'count': 14}}

chr3:141671778 --> {'REF': {'allele': 'A', 'hp': 2, 'count': 17}, 'ALT': {'allele': 'C', 'hp': 1, 'count': 11}}

chr3:142518014 --> {'REF': {'allele': 'G', 'hp': 2, 'count': 17}, 'ALT': {'allele': 'A', 'hp': 1, 'count': 14}}

chr3:143148506 --> {'REF': {'allele': 'G', 'hp': 1, 'count': 22}, 'ALT': {'allele': 'A', 'hp': 2, 'count': 18}}

chr3:143438575 --> {'REF': {'allele': 'G', 'hp': 2, 'count': 29}, 'ALT': {'allele': 'A', 'hp': 1, 'count': 15}}

chr3:145628653 --> {'REF': {'allele': 'G', 'hp': 2, 'count': 21}, 'ALT': {'allele': 'A', 'hp': 1, 'count': 15}}

chr3:146382077 --> {'REF': {'allele': 'A', 'hp': 1, 'count': 27}, 'ALT': {'allele': 'T', 'hp': 2, 'count': 19}}

chr3:146535994 --> {'REF': {'allele': 'T', 'hp': 1, 'count': 28}, 'ALT': {'allele': 'C', 'hp': 2, 'count': 19}}

chr3:147396465 --> {'REF': {'allele': 'T', 'hp': 2, 'count': 29}, 'ALT': {'allele': 'C', 'hp': 1, 'count': 25}}

chr3:147829341 --> {'REF': {'allele': 'C', 'hp': 2, 'count': 27}, 'ALT': {'allele': 'T', 'hp': 1, 'count': 21}}

chr3:148338258 --> {'REF': {'allele': 'A', 'hp': 2, 'count': 30}, 'ALT': {'allele': 'A', 'hp': 2, 'count': 30}}

chr3:148592150 --> {'REF': {'allele': 'C', 'hp': 1, 'count': 25}, 'ALT': {'allele': 'A', 'hp': 2, 'count': 24}}

chr3:150305069 --> {'REF': {'allele': 'T', 'hp': 2, 'count': 37}, 'ALT': {'allele': 'C', 'hp': 1, 'count': 31}}

chr3:150641332 --> {'REF': {'allele': 'C', 'hp': 1, 'count': 25}, 'ALT': {'allele': 'T', 'hp': 2, 'count': 18}}

chr3:151588494 --> {'REF': {'allele': 'G', 'hp': 2, 'count': 30}, 'ALT': {'allele': 'A', 'hp': 1, 'count': 16}}

chr3:153610678 --> {'REF': {'allele': 'A', 'hp': 2, 'count': 21}, 'ALT': {'allele': 'G', 'hp': 1, 'count': 20}}

chr3:154980436 --> {'REF': {'allele': 'T', 'hp': 2, 'count': 41}, 'ALT': {'allele': 'C', 'hp': 1, 'count': 27}}

chr3:155451896 --> {'REF': {'allele': 'T', 'hp': 2, 'count': 25}, 'ALT': {'allele': 'G', 'hp': 1, 'count': 20}}

chr3:156448022 --> {'REF': {'allele': 'T', 'hp': 1, 'count': 23}, 'ALT': {'allele': 'A', 'hp': 2, 'count': 22}}

chr3:157739317 --> {'REF': {'allele': 'T', 'hp': 1, 'count': 22}, 'ALT': {'allele': 'A', 'hp': 2, 'count': 19}}

chr3:159026684 --> {'REF': {'allele': 'G', 'hp': 1, 'count': 19}, 'ALT': {'allele': 'C', 'hp': 2, 'count': 18}}

chr3:160980420 --> {'REF': {'allele': 'G', 'hp': 2, 'count': 38}, 'ALT': {'allele': 'A', 'hp': 1, 'count': 25}}

chr3:161327624 --> {'REF': {'allele': 'T', 'hp': 2, 'count': 23}, 'ALT': {'allele': 'C', 'hp': 1, 'count': 21}}

chr3:162718017 --> {'REF': {'allele': 'C', 'hp': 2, 'count': 24}, 'ALT': {'allele': 'G', 'hp': 1, 'count': 12}}

chr3:162993095 --> {'REF': {'allele': 'T', 'hp': 1, 'count': 23}, 'ALT': {'allele': 'T', 'hp': 1, 'count': 23}}

chr3:164005332 --> {'REF': {'allele': 'G', 'hp': 1, 'count': 24}, 'ALT': {'allele': 'T', 'hp': 2, 'count': 20}}

chr3:165075080 --> {'REF': {'allele': 'A', 'hp': 2, 'count': 33}, 'ALT': {'allele': 'G', 'hp': 1, 'count': 27}}

chr3:167919527 --> {'REF': {'allele': 'T', 'hp': 2, 'count': 23}, 'ALT': {'allele': 'C', 'hp': 1, 'count': 21}}

chr3:168330422 --> {'REF': {'allele': 'T', 'hp': 2, 'count': 37}, 'ALT': {'allele': 'C', 'hp': 1, 'count': 23}}

chr3:171336946 --> {'REF': {'allele': 'C', 'hp': 1, 'count': 29}, 'ALT': {'allele': 'A', 'hp': 2, 'count': 18}}

chr3:171804036 --> {'REF': {'allele': 'G', 'hp': 2, 'count': 23}, 'ALT': {'allele': 'G', 'hp': 2, 'count': 23}}

chr3:172792875 --> {'REF': {'allele': 'G', 'hp': 1, 'count': 24}, 'ALT': {'allele': 'C', 'hp': 2, 'count': 16}}

chr3:173784678 --> {'REF': {'allele': 'T', 'hp': 2, 'count': 29}, 'ALT': {'allele': 'C', 'hp': 1, 'count': 21}}

chr3:174267395 --> {'REF': {'allele': 'T', 'hp': 1, 'count': 20}, 'ALT': {'allele': 'G', 'hp': 2, 'count': 15}}

chr3:174761170 --> {'REF': {'allele': 'T', 'hp': 1, 'count': 22}, 'ALT': {'allele': 'C', 'hp': 2, 'count': 14}}

chr3:175175681 --> {'REF': {'allele': 'C', 'hp': 2, 'count': 22}, 'ALT': {'allele': 'T', 'hp': 1, 'count': 21}}

chr3:175599626 --> {'REF': {'allele': 'A', 'hp': 2, 'count': 26}, 'ALT': {'allele': 'G', 'hp': 1, 'count': 19}}

chr3:175933458 --> {'REF': {'allele': 'T', 'hp': 2, 'count': 20}, 'ALT': {'allele': 'G', 'hp': 1, 'count': 19}}

chr3:177114946 --> {'REF': {'allele': 'G', 'hp': 2, 'count': 29}, 'ALT': {'allele': 'A', 'hp': 1, 'count': 27}}

chr3:177227828 --> {'REF': {'allele': 'T', 'hp': 1, 'count': 25}, 'ALT': {'allele': 'C', 'hp': 2, 'count': 17}}

chr3:180465595 --> {'REF': {'allele': 'A', 'hp': 1, 'count': 23}, 'ALT': {'allele': 'G', 'hp': 2, 'count': 22}}

chr3:180911828 --> {'REF': {'allele': 'G', 'hp': 2, 'count': 27}, 'ALT': {'allele': 'T', 'hp': 1, 'count': 22}}

chr3:181291257 --> {'REF': {'allele': 'C', 'hp': 2, 'count': 27}, 'ALT': {'allele': 'A', 'hp': 1, 'count': 23}}

chr3:181996804 --> {'REF': {'allele': 'C', 'hp': 1, 'count': 29}, 'ALT': {'allele': 'T', 'hp': 2, 'count': 26}}

chr3:182749286 --> {'REF': {'allele': 'C', 'hp': 1, 'count': 20}, 'ALT': {'allele': 'G', 'hp': 2, 'count': 17}}

chr3:183418696 --> {'REF': {'allele': 'C', 'hp': 2, 'count': 30}, 'ALT': {'allele': 'T', 'hp': 1, 'count': 28}}

chr3:183933597 --> {'REF': {'allele': 'A', 'hp': 1, 'count': 21}, 'ALT': {'allele': 'G', 'hp': 2, 'count': 16}}

chr3:184586919 --> {'REF': {'allele': 'C', 'hp': 1, 'count': 10}, 'ALT': {'allele': 'A', 'hp': 2, 'count': 9}}

chr3:185706096 --> {'REF': {'allele': 'G', 'hp': 1, 'count': 25}, 'ALT': {'allele': 'A', 'hp': 2, 'count': 18}}

chr3:185957771 --> {'REF': {'allele': 'T', 'hp': 1, 'count': 13}, 'ALT': {'allele': 'C', 'hp': 2, 'count': 9}}

chr3:186104366 --> {'REF': {'allele': 'T', 'hp': 1, 'count': 17}, 'ALT': {'allele': 'A', 'hp': 2, 'count': 12}}

chr3:187928894 --> {'REF': {'allele': 'T', 'hp': 1, 'count': 20}, 'ALT': {'allele': 'C', 'hp': 2, 'count': 19}}

chr3:188253776 --> {'REF': {'allele': 'T', 'hp': 2, 'count': 19}, 'ALT': {'allele': 'G', 'hp': 1, 'count': 17}}

chr3:189089841 --> {'REF': {'allele': 'T', 'hp': 1, 'count': 18}, 'ALT': {'allele': 'G', 'hp': 2, 'count': 14}}

chr3:189528460 --> {'REF': {'allele': 'C', 'hp': 2, 'count': 20}, 'ALT': {'allele': 'A', 'hp': 1, 'count': 16}}

chr3:190285385 --> {'REF': {'allele': 'A', 'hp': 1, 'count': 31}, 'ALT': {'allele': 'G', 'hp': 2, 'count': 12}}

chr3:191329165 --> {'REF': {'allele': 'C', 'hp': 2, 'count': 20}, 'ALT': {'allele': 'C', 'hp': 2, 'count': 20}}

chr3:191597760 --> {'REF': {'allele': 'C', 'hp': 1, 'count': 16}, 'ALT': {'allele': 'A', 'hp': 2, 'count': 11}}

chr3:192158395 --> {'REF': {'allele': 'G', 'hp': 1, 'count': 26}, 'ALT': {'allele': 'T', 'hp': 2, 'count': 24}}

chr3:192499581 --> {'REF': {'allele': 'T', 'hp': 1, 'count': 19}, 'ALT': {'allele': 'C', 'hp': 2, 'count': 18}}

chr3:192632458 --> {'REF': {'allele': 'G', 'hp': 2, 'count': 31}, 'ALT': {'allele': 'A', 'hp': 1, 'count': 27}}

chr3:193135913 --> {'REF': {'allele': 'A', 'hp': 1, 'count': 34}, 'ALT': {'allele': 'G', 'hp': 2, 'count': 14}}

chr3:193947304 --> {'REF': {'allele': 'T', 'hp': 2, 'count': 21}, 'ALT': {'allele': 'G', 'hp': 1, 'count': 19}}

chr3:194769201 --> {'REF': {'allele': 'T', 'hp': 2, 'count': 25}, 'ALT': {'allele': 'A', 'hp': 1, 'count': 21}}

chr3:194977204 --> {'REF': {'allele': 'A', 'hp': 2, 'count': 28}, 'ALT': {'allele': 'G', 'hp': 1, 'count': 23}}

chr3:195566038 --> {'REF': {'allele': 'C', 'hp': 2, 'count': 19}, 'ALT': {'allele': 'T', 'hp': 1, 'count': 14}}

chr3:195900265 --> {'REF': {'allele': 'C', 'hp': 1, 'count': 20}, 'ALT': {'allele': 'T', 'hp': 2, 'count': 19}}

chr3:196899800 --> {'REF': {'allele': 'A', 'hp': 1, 'count': 16}, 'ALT': {'allele': 'G', 'hp': 2, 'count': 9}}

chr3:200315225 --> {'REF': {'allele': 'A', 'hp': 1, 'count': 18}, 'ALT': {'allele': 'C', 'hp': 2, 'count': 12}}

chr3:200704822 --> {'REF': {'allele': 'G', 'hp': 2, 'count': 17}, 'ALT': {'allele': 'A', 'hp': 1, 'count': 15}}

chr2:228760 --> {'REF': {'allele': 'C', 'hp': 2, 'count': 30}, 'ALT': {'allele': 'T', 'hp': 1, 'count': 24}}

chr2:937613 --> {'REF': {'allele': 'A', 'hp': 1, 'count': 17}, 'ALT': {'allele': 'A', 'hp': 1, 'count': 17}}

chr2:2445129 --> {'REF': {'allele': 'C', 'hp': 2, 'count': 21}, 'ALT': {'allele': 'A', 'hp': 1, 'count': 20}}

chr2:3512561 --> {'REF': {'allele': 'G', 'hp': 1, 'count': 16}, 'ALT': {'allele': 'A', 'hp': 2, 'count': 10}}

chr2:3761325 --> {'REF': {'allele': 'T', 'hp': 2, 'count': 14}, 'ALT': {'allele': 'C', 'hp': 1, 'count': 10}}

chr2:3872069 --> {'REF': {'allele': 'A', 'hp': 1, 'count': 18}, 'ALT': {'allele': 'G', 'hp': 2, 'count': 17}}

chr2:4175474 --> {'REF': {'allele': 'C', 'hp': 2, 'count': 27}, 'ALT': {'allele': 'T', 'hp': 1, 'count': 20}}

chr2:4498529 --> {'REF': {'allele': 'T', 'hp': 1, 'count': 21}, 'ALT': {'allele': 'C', 'hp': 2, 'count': 18}}

chr2:4759883 --> {'REF': {'allele': 'T', 'hp': 1, 'count': 30}, 'ALT': {'allele': 'C', 'hp': 2, 'count': 22}}

chr2:5891823 --> {'REF': {'allele': 'C', 'hp': 1, 'count': 23}, 'ALT': {'allele': 'T', 'hp': 2, 'count': 14}}

chr2:6042768 --> {'REF': {'allele': 'G', 'hp': 1, 'count': 29}, 'ALT': {'allele': 'A', 'hp': 2, 'count': 20}}

chr2:6497529 --> {'REF': {'allele': 'G', 'hp': 1, 'count': 20}, 'ALT': {'allele': 'A', 'hp': 2, 'count': 19}}

chr2:7216398 --> {'REF': {'allele': 'C', 'hp': 2, 'count': 19}, 'ALT': {'allele': 'T', 'hp': 1, 'count': 18}}

chr2:7991426 --> {'REF': {'allele': 'A', 'hp': 2, 'count': 23}, 'ALT': {'allele': 'G', 'hp': 1, 'count': 17}}

chr2:8042697 --> {'REF': {'allele': 'A', 'hp': 2, 'count': 16}, 'ALT': {'allele': 'G', 'hp': 1, 'count': 15}}

chr2:8599715 --> {'REF': {'allele': 'A', 'hp': 1, 'count': 12}, 'ALT': {'allele': 'G', 'hp': 2, 'count': 10}}

chr2:8880501 --> {'REF': {'allele': 'T', 'hp': 1, 'count': 26}, 'ALT': {'allele': 'A', 'hp': 2, 'count': 17}}

chr2:9155343 --> {'REF': {'allele': 'A', 'hp': 1, 'count': 12}, 'ALT': {'allele': 'A', 'hp': 1, 'count': 12}}

chr2:11584053 --> {'REF': {'allele': 'T', 'hp': 2, 'count': 12}, 'ALT': {'allele': 'T', 'hp': 2, 'count': 12}}

chr2:12954926 --> {'REF': {'allele': 'C', 'hp': 1, 'count': 23}, 'ALT': {'allele': 'G', 'hp': 2, 'count': 21}}

chr2:13230421 --> {'REF': {'allele': 'T', 'hp': 1, 'count': 28}, 'ALT': {'allele': 'C', 'hp': 2, 'count': 24}}

chr2:13791305 --> {'REF': {'allele': 'A', 'hp': 1, 'count': 34}, 'ALT': {'allele': 'G', 'hp': 2, 'count': 29}}

chr2:15165942 --> {'REF': {'allele': 'A', 'hp': 1, 'count': 18}, 'ALT': {'allele': 'G', 'hp': 2, 'count': 13}}

chr2:16172716 --> {'REF': {'allele': 'A', 'hp': 1, 'count': 22}, 'ALT': {'allele': 'T', 'hp': 2, 'count': 15}}

chr2:17229205 --> {'REF': {'allele': 'A', 'hp': 1, 'count': 23}, 'ALT': {'allele': 'G', 'hp': 2, 'count': 21}}

chr2:18136989 --> {'REF': {'allele': 'A', 'hp': 2, 'count': 19}, 'ALT': {'allele': 'G', 'hp': 1, 'count': 15}}

chr2:19214711 --> {'REF': {'allele': 'T', 'hp': 1, 'count': 31}, 'ALT': {'allele': 'C', 'hp': 2, 'count': 26}}

chr2:20128665 --> {'REF': {'allele': 'G', 'hp': 2, 'count': 23}, 'ALT': {'allele': 'T', 'hp': 1, 'count': 12}}

chr2:20833000 --> {'REF': {'allele': 'A', 'hp': 2, 'count': 21}, 'ALT': {'allele': 'T', 'hp': 1, 'count': 19}}

chr2:21303797 --> {'REF': {'allele': 'C', 'hp': 1, 'count': 15}, 'ALT': {'allele': 'T', 'hp': 2, 'count': 14}}

chr2:21417645 --> {'REF': {'allele': 'A', 'hp': 2, 'count': 18}, 'ALT': {'allele': 'C', 'hp': 1, 'count': 16}}

chr2:21604436 --> {'REF': {'allele': 'A', 'hp': 2, 'count': 28}, 'ALT': {'allele': 'G', 'hp': 1, 'count': 18}}

chr2:22470952 --> {'REF': {'allele': 'C', 'hp': 1, 'count': 34}, 'ALT': {'allele': 'T', 'hp': 2, 'count': 28}}

chr2:25122277 --> {'REF': {'allele': 'G', 'hp': 2, 'count': 14}, 'ALT': {'allele': 'A', 'hp': 1, 'count': 13}}

chr2:25578910 --> {'REF': {'allele': 'C', 'hp': 2, 'count': 22}, 'ALT': {'allele': 'G', 'hp': 1, 'count': 17}}

chr2:26664301 --> {'REF': {'allele': 'T', 'hp': 2, 'count': 14}, 'ALT': {'allele': 'C', 'hp': 1, 'count': 12}}

chr2:28260221 --> {'REF': {'allele': 'A', 'hp': 1, 'count': 17}, 'ALT': {'allele': 'G', 'hp': 2, 'count': 14}}

chr2:29063243 --> {'REF': {'allele': 'A', 'hp': 2, 'count': 9}, 'ALT': {'allele': 'A', 'hp': 2, 'count': 9}}

chr2:29341200 --> {'REF': {'allele': 'C', 'hp': 2, 'count': 19}, 'ALT': {'allele': 'T', 'hp': 1, 'count': 18}}

chr2:30048648 --> {'REF': {'allele': 'C', 'hp': 2, 'count': 22}, 'ALT': {'allele': 'G', 'hp': 1, 'count': 19}}

chr2:31144594 --> {'REF': {'allele': 'C', 'hp': 2, 'count': 17}, 'ALT': {'allele': 'T', 'hp': 1, 'count': 12}}

chr2:35624916 --> {'REF': {'allele': 'A', 'hp': 1, 'count': 31}, 'ALT': {'allele': 'G', 'hp': 2, 'count': 26}}

chr2:35907039 --> {'REF': {'allele': 'T', 'hp': 2, 'count': 31}, 'ALT': {'allele': 'G', 'hp': 1, 'count': 25}}

chr2:36146518 --> {'REF': {'allele': 'A', 'hp': 1, 'count': 28}, 'ALT': {'allele': 'T', 'hp': 2, 'count': 19}}

chr2:36706149 --> {'REF': {'allele': 'C', 'hp': 1, 'count': 15}, 'ALT': {'allele': 'T', 'hp': 2, 'count': 14}}

chr2:37641927 --> {'REF': {'allele': 'T', 'hp': 1, 'count': 20}, 'ALT': {'allele': 'C', 'hp': 2, 'count': 16}}

chr2:37668307 --> {'REF': {'allele': 'C', 'hp': 1, 'count': 21}, 'ALT': {'allele': 'T', 'hp': 2, 'count': 13}}

chr2:38055607 --> {'REF': {'allele': 'A', 'hp': 1, 'count': 29}, 'ALT': {'allele': 'C', 'hp': 2, 'count': 17}}

chr2:38160699 --> {'REF': {'allele': 'C', 'hp': 1, 'count': 20}, 'ALT': {'allele': 'G', 'hp': 2, 'count': 15}}

chr2:38291135 --> {'REF': {'allele': 'C', 'hp': 1, 'count': 24}, 'ALT': {'allele': 'T', 'hp': 2, 'count': 16}}

chr2:38795752 --> {'REF': {'allele': 'T', 'hp': 1, 'count': 16}, 'ALT': {'allele': 'T', 'hp': 1, 'count': 16}}

chr2:39752439 --> {'REF': {'allele': 'C', 'hp': 1, 'count': 26}, 'ALT': {'allele': 'G', 'hp': 2, 'count': 21}}

chr2:40484374 --> {'REF': {'allele': 'A', 'hp': 2, 'count': 24}, 'ALT': {'allele': 'G', 'hp': 1, 'count': 22}}

chr2:41228682 --> {'REF': {'allele': 'T', 'hp': 1, 'count': 29}, 'ALT': {'allele': 'G', 'hp': 2, 'count': 25}}

chr2:41620804 --> {'REF': {'allele': 'A', 'hp': 2, 'count': 33}, 'ALT': {'allele': 'G', 'hp': 1, 'count': 28}}

chr2:43003869 --> {'REF': {'allele': 'G', 'hp': 1, 'count': 13}, 'ALT': {'allele': 'A', 'hp': 2, 'count': 12}}

chr2:43403626 --> {'REF': {'allele': 'C', 'hp': 1, 'count': 26}, 'ALT': {'allele': 'T', 'hp': 2, 'count': 19}}

chr2:43523084 --> {'REF': {'allele': 'T', 'hp': 2, 'count': 20}, 'ALT': {'allele': 'T', 'hp': 2, 'count': 20}}

chr2:44102074 --> {'REF': {'allele': 'G', 'hp': 2, 'count': 15}, 'ALT': {'allele': 'A', 'hp': 1, 'count': 12}}

chr2:44758141 --> {'REF': {'allele': 'G', 'hp': 2, 'count': 21}, 'ALT': {'allele': 'A', 'hp': 1, 'count': 16}}

chr2:44982943 --> {'REF': {'allele': 'G', 'hp': 2, 'count': 14}, 'ALT': {'allele': 'T', 'hp': 1, 'count': 10}}

chr2:45680027 --> {'REF': {'allele': 'G', 'hp': 2, 'count': 17}, 'ALT': {'allele': 'A', 'hp': 1, 'count': 16}}

chr2:47455517 --> {'REF': {'allele': 'A', 'hp': 1, 'count': 27}, 'ALT': {'allele': 'G', 'hp': 2, 'count': 19}}

chr2:48168159 --> {'REF': {'allele': 'A', 'hp': 2, 'count': 21}, 'ALT': {'allele': 'G', 'hp': 1, 'count': 15}}

chr2:49093365 --> {'REF': {'allele': 'A', 'hp': 1, 'count': 29}, 'ALT': {'allele': 'G', 'hp': 2, 'count': 25}}

chr2:49317129 --> {'REF': {'allele': 'G', 'hp': 1, 'count': 23}, 'ALT': {'allele': 'A', 'hp': 2, 'count': 19}}

chr2:50101297 --> {'REF': {'allele': 'T', 'hp': 2, 'count': 28}, 'ALT': {'allele': 'T', 'hp': 2, 'count': 28}}

chr2:51854072 --> {'REF': {'allele': 'G', 'hp': 2, 'count': 30}, 'ALT': {'allele': 'T', 'hp': 1, 'count': 27}}

chr2:52101674 --> {'REF': {'allele': 'C', 'hp': 2, 'count': 33}, 'ALT': {'allele': 'G', 'hp': 1, 'count': 29}}

chr2:52297474 --> {'REF': {'allele': 'G', 'hp': 2, 'count': 31}, 'ALT': {'allele': 'A', 'hp': 1, 'count': 22}}

chr2:52792202 --> {'REF': {'allele': 'G', 'hp': 1, 'count': 41}, 'ALT': {'allele': 'T', 'hp': 2, 'count': 21}}

chr2:53296052 --> {'REF': {'allele': 'C', 'hp': 1, 'count': 24}, 'ALT': {'allele': 'T', 'hp': 2, 'count': 14}}

chr2:54259451 --> {'REF': {'allele': 'G', 'hp': 2, 'count': 17}, 'ALT': {'allele': 'C', 'hp': 1, 'count': 15}}

chr2:56354876 --> {'REF': {'allele': 'A', 'hp': 1, 'count': 30}, 'ALT': {'allele': 'G', 'hp': 2, 'count': 22}}

chr2:58184239 --> {'REF': {'allele': 'G', 'hp': 2, 'count': 22}, 'ALT': {'allele': 'A', 'hp': 1, 'count': 21}}

chr2:58534431 --> {'REF': {'allele': 'T', 'hp': 1, 'count': 31}, 'ALT': {'allele': 'C', 'hp': 2, 'count': 21}}

chr2:59094984 --> {'REF': {'allele': 'T', 'hp': 1, 'count': 19}, 'ALT': {'allele': 'C', 'hp': 2, 'count': 16}}

chr2:59393451 --> {'REF': {'allele': 'G', 'hp': 1, 'count': 23}, 'ALT': {'allele': 'A', 'hp': 2, 'count': 22}}

chr2:59495291 --> {'REF': {'allele': 'G', 'hp': 2, 'count': 29}, 'ALT': {'allele': 'A', 'hp': 1, 'count': 24}}

chr2:60792239 --> {'REF': {'allele': 'G', 'hp': 1, 'count': 19}, 'ALT': {'allele': 'A', 'hp': 2, 'count': 14}}

chr2:62661343 --> {'REF': {'allele': 'T', 'hp': 1, 'count': 13}, 'ALT': {'allele': 'C', 'hp': 2, 'count': 11}}

chr2:63480018 --> {'REF': {'allele': 'C', 'hp': 2, 'count': 27}, 'ALT': {'allele': 'T', 'hp': 1, 'count': 23}}

chr2:64749493 --> {'REF': {'allele': 'A', 'hp': 1, 'count': 23}, 'ALT': {'allele': 'G', 'hp': 2, 'count': 19}}

chr2:66184465 --> {'REF': {'allele': 'T', 'hp': 2, 'count': 23}, 'ALT': {'allele': 'T', 'hp': 2, 'count': 23}}

chr2:67029882 --> {'REF': {'allele': 'C', 'hp': 1, 'count': 26}, 'ALT': {'allele': 'T', 'hp': 2, 'count': 25}}

chr2:67250571 --> {'REF': {'allele': 'C', 'hp': 2, 'count': 26}, 'ALT': {'allele': 'T', 'hp': 1, 'count': 22}}

chr2:67814111 --> {'REF': {'allele': 'G', 'hp': 1, 'count': 19}, 'ALT': {'allele': 'A', 'hp': 2, 'count': 18}}

chr2:68833149 --> {'REF': {'allele': 'T', 'hp': 1, 'count': 15}, 'ALT': {'allele': 'C', 'hp': 2, 'count': 14}}

chr2:69721786 --> {'REF': {'allele': 'T', 'hp': 1, 'count': 15}, 'ALT': {'allele': 'C', 'hp': 2, 'count': 13}}

chr2:70813975 --> {'REF': {'allele': 'G', 'hp': 1, 'count': 20}, 'ALT': {'allele': 'A', 'hp': 2, 'count': 16}}

chr2:71808840 --> {'REF': {'allele': 'G', 'hp': 2, 'count': 15}, 'ALT': {'allele': 'A', 'hp': 1, 'count': 12}}

chr2:73599909 --> {'REF': {'allele': 'A', 'hp': 2, 'count': 27}, 'ALT': {'allele': 'G', 'hp': 1, 'count': 26}}

chr2:73836757 --> {'REF': {'allele': 'C', 'hp': 2, 'count': 13}, 'ALT': {'allele': 'T', 'hp': 1, 'count': 12}}

chr2:75049854 --> {'REF': {'allele': 'A', 'hp': 1, 'count': 21}, 'ALT': {'allele': 'T', 'hp': 2, 'count': 19}}

chr2:78966610 --> {'REF': {'allele': 'A', 'hp': 1, 'count': 34}, 'ALT': {'allele': 'G', 'hp': 2, 'count': 21}}

chr2:79283432 --> {'REF': {'allele': 'G', 'hp': 1, 'count': 25}, 'ALT': {'allele': 'T', 'hp': 2, 'count': 15}}

chr2:79737963 --> {'REF': {'allele': 'G', 'hp': 1, 'count': 26}, 'ALT': {'allele': 'G', 'hp': 1, 'count': 26}}

chr2:79821975 --> {'REF': {'allele': 'C', 'hp': 2, 'count': 28}, 'ALT': {'allele': 'G', 'hp': 1, 'count': 22}}

chr2:79929420 --> {'REF': {'allele': 'A', 'hp': 2, 'count': 31}, 'ALT': {'allele': 'G', 'hp': 1, 'count': 25}}

chr2:80208146 --> {'REF': {'allele': 'G', 'hp': 2, 'count': 28}, 'ALT': {'allele': 'A', 'hp': 1, 'count': 17}}

chr2:80508006 --> {'REF': {'allele': 'C', 'hp': 2, 'count': 29}, 'ALT': {'allele': 'G', 'hp': 1, 'count': 24}}

chr2:83805595 --> {'REF': {'allele': 'T', 'hp': 1, 'count': 29}, 'ALT': {'allele': 'C', 'hp': 2, 'count': 21}}

chr2:84323581 --> {'REF': {'allele': 'C', 'hp': 1, 'count': 29}, 'ALT': {'allele': 'A', 'hp': 2, 'count': 25}}

chr2:84546130 --> {'REF': {'allele': 'A', 'hp': 1, 'count': 36}, 'ALT': {'allele': 'G', 'hp': 2, 'count': 20}}

chr2:85563412 --> {'REF': {'allele': 'T', 'hp': 1, 'count': 16}, 'ALT': {'allele': 'A', 'hp': 2, 'count': 13}}

chr2:85884698 --> {'REF': {'allele': 'A', 'hp': 2, 'count': 16}, 'ALT': {'allele': 'G', 'hp': 1, 'count': 12}}

chr2:88028144 --> {'REF': {'allele': 'A', 'hp': 2, 'count': 12}, 'ALT': {'allele': 'G', 'hp': 1, 'count': 9}}

chr2:88887600 --> {'REF': {'allele': 'T', 'hp': 1, 'count': 25}, 'ALT': {'allele': 'G', 'hp': 2, 'count': 18}}

chr2:90550319 --> {'REF': {'allele': 'A', 'hp': 1, 'count': 27}, 'ALT': {'allele': 'G', 'hp': 2, 'count': 23}}

chr2:91415741 --> {'REF': {'allele': 'T', 'hp': 1, 'count': 17}, 'ALT': {'allele': 'C', 'hp': 2, 'count': 16}}

chr2:92199094 --> {'REF': {'allele': 'A', 'hp': 1, 'count': 13}, 'ALT': {'allele': 'A', 'hp': 1, 'count': 13}}

chr2:95394448 --> {'REF': {'allele': 'A', 'hp': 2, 'count': 14}, 'ALT': {'allele': 'G', 'hp': 1, 'count': 13}}

chr2:96412945 --> {'REF': {'allele': 'A', 'hp': 1, 'count': 31}, 'ALT': {'allele': 'G', 'hp': 2, 'count': 29}}

chr2:96734059 --> {'REF': {'allele': 'T', 'hp': 2, 'count': 14}, 'ALT': {'allele': 'A', 'hp': 1, 'count': 11}}

chr2:98809124 --> {'REF': {'allele': 'C', 'hp': 2, 'count': 20}, 'ALT': {'allele': 'T', 'hp': 1, 'count': 13}}

chr2:99327645 --> {'REF': {'allele': 'C', 'hp': 1, 'count': 16}, 'ALT': {'allele': 'T', 'hp': 2, 'count': 14}}

chr2:100029541 --> {'REF': {'allele': 'C', 'hp': 1, 'count': 19}, 'ALT': {'allele': 'T', 'hp': 2, 'count': 14}}

chr2:100518464 --> {'REF': {'allele': 'T', 'hp': 1, 'count': 23}, 'ALT': {'allele': 'C', 'hp': 2, 'count': 15}}

chr2:101029291 --> {'REF': {'allele': 'G', 'hp': 2, 'count': 18}, 'ALT': {'allele': 'A', 'hp': 1, 'count': 13}}

chr2:101300062 --> {'REF': {'allele': 'C', 'hp': 2, 'count': 14}, 'ALT': {'allele': 'C', 'hp': 2, 'count': 14}}

chr2:101410516 --> {'REF': {'allele': 'C', 'hp': 2, 'count': 16}, 'ALT': {'allele': 'T', 'hp': 1, 'count': 11}}

chr2:101990757 --> {'REF': {'allele': 'G', 'hp': 1, 'count': 21}, 'ALT': {'allele': 'C', 'hp': 2, 'count': 12}}

chr2:102349934 --> {'REF': {'allele': 'A', 'hp': 2, 'count': 25}, 'ALT': {'allele': 'G', 'hp': 1, 'count': 22}}

chr2:103548465 --> {'REF': {'allele': 'G', 'hp': 1, 'count': 28}, 'ALT': {'allele': 'A', 'hp': 2, 'count': 13}}

chr2:105261842 --> {'REF': {'allele': 'A', 'hp': 1, 'count': 23}, 'ALT': {'allele': 'G', 'hp': 2, 'count': 16}}

chr2:105867711 --> {'REF': {'allele': 'C', 'hp': 1, 'count': 14}, 'ALT': {'allele': 'T', 'hp': 2, 'count': 11}}

chr2:106519551 --> {'REF': {'allele': 'A', 'hp': 2, 'count': 15}, 'ALT': {'allele': 'G', 'hp': 1, 'count': 12}}

chr2:106812183 --> {'REF': {'allele': 'G', 'hp': 1, 'count': 25}, 'ALT': {'allele': 'A', 'hp': 2, 'count': 19}}

chr2:108399064 --> {'REF': {'allele': 'G', 'hp': 1, 'count': 20}, 'ALT': {'allele': 'A', 'hp': 2, 'count': 13}}

chr2:110029942 --> {'REF': {'allele': 'C', 'hp': 2, 'count': 18}, 'ALT': {'allele': 'T', 'hp': 1, 'count': 11}}

chr2:112438360 --> {'REF': {'allele': 'G', 'hp': 1, 'count': 15}, 'ALT': {'allele': 'G', 'hp': 1, 'count': 15}}

chr2:113250295 --> {'REF': {'allele': 'T', 'hp': 2, 'count': 19}, 'ALT': {'allele': 'C', 'hp': 1, 'count': 14}}

chr2:113736560 --> {'REF': {'allele': 'T', 'hp': 2, 'count': 20}, 'ALT': {'allele': 'G', 'hp': 1, 'count': 16}}

chr2:114243416 --> {'REF': {'allele': 'T', 'hp': 1, 'count': 12}, 'ALT': {'allele': 'C', 'hp': 2, 'count': 11}}

chr2:115708468 --> {'REF': {'allele': 'G', 'hp': 2, 'count': 25}, 'ALT': {'allele': 'T', 'hp': 1, 'count': 23}}

chr2:116058496 --> {'REF': {'allele': 'A', 'hp': 1, 'count': 34}, 'ALT': {'allele': 'T', 'hp': 2, 'count': 18}}

chr2:117073470 --> {'REF': {'allele': 'C', 'hp': 2, 'count': 29}, 'ALT': {'allele': 'T', 'hp': 1, 'count': 23}}

chr2:118364801 --> {'REF': {'allele': 'A', 'hp': 2, 'count': 19}, 'ALT': {'allele': 'G', 'hp': 1, 'count': 14}}

chr2:119407754 --> {'REF': {'allele': 'T', 'hp': 2, 'count': 18}, 'ALT': {'allele': 'C', 'hp': 1, 'count': 15}}

chr2:119790974 --> {'REF': {'allele': 'C', 'hp': 1, 'count': 15}, 'ALT': {'allele': 'G', 'hp': 2, 'count': 12}}

chr2:120632782 --> {'REF': {'allele': 'A', 'hp': 1, 'count': 14}, 'ALT': {'allele': 'G', 'hp': 2, 'count': 10}}

chr2:121331475 --> {'REF': {'allele': 'G', 'hp': 1, 'count': 15}, 'ALT': {'allele': 'C', 'hp': 2, 'count': 11}}

chr2:121419817 --> {'REF': {'allele': 'A', 'hp': 1, 'count': 16}, 'ALT': {'allele': 'G', 'hp': 2, 'count': 9}}

chr2:122972652 --> {'REF': {'allele': 'C', 'hp': 1, 'count': 31}, 'ALT': {'allele': 'T', 'hp': 2, 'count': 23}}

chr2:124034005 --> {'REF': {'allele': 'T', 'hp': 2, 'count': 32}, 'ALT': {'allele': 'C', 'hp': 1, 'count': 21}}

chr2:124611964 --> {'REF': {'allele': 'T', 'hp': 1, 'count': 29}, 'ALT': {'allele': 'A', 'hp': 2, 'count': 23}}

chr2:125143650 --> {'REF': {'allele': 'A', 'hp': 1, 'count': 20}, 'ALT': {'allele': 'G', 'hp': 2, 'count': 13}}

chr2:125456447 --> {'REF': {'allele': 'T', 'hp': 1, 'count': 38}, 'ALT': {'allele': 'G', 'hp': 2, 'count': 21}}

chr2:126380672 --> {'REF': {'allele': 'C', 'hp': 2, 'count': 19}, 'ALT': {'allele': 'A', 'hp': 1, 'count': 17}}

chr2:129202912 --> {'REF': {'allele': 'T', 'hp': 2, 'count': 17}, 'ALT': {'allele': 'C', 'hp': 1, 'count': 12}}

chr2:129734940 --> {'REF': {'allele': 'G', 'hp': 1, 'count': 26}, 'ALT': {'allele': 'A', 'hp': 2, 'count': 20}}

chr2:130315438 --> {'REF': {'allele': 'T', 'hp': 2, 'count': 16}, 'ALT': {'allele': 'C', 'hp': 1, 'count': 15}}

chr2:130665750 --> {'REF': {'allele': 'G', 'hp': 2, 'count': 16}, 'ALT': {'allele': 'A', 'hp': 1, 'count': 10}}

chr2:131441862 --> {'REF': {'allele': 'A', 'hp': 1, 'count': 13}, 'ALT': {'allele': 'G', 'hp': 2, 'count': 11}}

chr2:131840208 --> {'REF': {'allele': 'G', 'hp': 2, 'count': 19}, 'ALT': {'allele': 'A', 'hp': 1, 'count': 14}}

chr2:132161019 --> {'REF': {'allele': 'T', 'hp': 1, 'count': 27}, 'ALT': {'allele': 'G', 'hp': 2, 'count': 23}}

chr2:132411201 --> {'REF': {'allele': 'C', 'hp': 1, 'count': 27}, 'ALT': {'allele': 'T', 'hp': 2, 'count': 25}}

chr2:132722183 --> {'REF': {'allele': 'T', 'hp': 2, 'count': 18}, 'ALT': {'allele': 'C', 'hp': 1, 'count': 11}}

chr2:133015958 --> {'REF': {'allele': 'T', 'hp': 1, 'count': 27}, 'ALT': {'allele': 'C', 'hp': 2, 'count': 22}}

chr2:133412649 --> {'REF': {'allele': 'G', 'hp': 2, 'count': 25}, 'ALT': {'allele': 'G', 'hp': 2, 'count': 25}}

chr2:134560774 --> {'REF': {'allele': 'T', 'hp': 2, 'count': 14}, 'ALT': {'allele': 'C', 'hp': 1, 'count': 12}}

chr2:137301519 --> {'REF': {'allele': 'A', 'hp': 1, 'count': 24}, 'ALT': {'allele': 'G', 'hp': 2, 'count': 20}}

chr2:137558998 --> {'REF': {'allele': 'T', 'hp': 2, 'count': 24}, 'ALT': {'allele': 'C', 'hp': 1, 'count': 16}}

chr2:138089002 --> {'REF': {'allele': 'C', 'hp': 1, 'count': 19}, 'ALT': {'allele': 'T', 'hp': 2, 'count': 11}}

chr2:138382126 --> {'REF': {'allele': 'G', 'hp': 2, 'count': 31}, 'ALT': {'allele': 'A', 'hp': 1, 'count': 19}}

chr2:138577099 --> {'REF': {'allele': 'T', 'hp': 1, 'count': 27}, 'ALT': {'allele': 'G', 'hp': 2, 'count': 19}}

chr2:139168019 --> {'REF': {'allele': 'A', 'hp': 1, 'count': 24}, 'ALT': {'allele': 'G', 'hp': 2, 'count': 21}}

chr2:139498058 --> {'REF': {'allele': 'T', 'hp': 2, 'count': 30}, 'ALT': {'allele': 'C', 'hp': 1, 'count': 25}}

chr2:140479521 --> {'REF': {'allele': 'T', 'hp': 1, 'count': 23}, 'ALT': {'allele': 'A', 'hp': 2, 'count': 21}}

chr2:141040065 --> {'REF': {'allele': 'A', 'hp': 2, 'count': 30}, 'ALT': {'allele': 'T', 'hp': 1, 'count': 29}}

chr2:141888146 --> {'REF': {'allele': 'A', 'hp': 2, 'count': 34}, 'ALT': {'allele': 'C', 'hp': 1, 'count': 29}}

chr2:142481434 --> {'REF': {'allele': 'G', 'hp': 2, 'count': 29}, 'ALT': {'allele': 'C', 'hp': 1, 'count': 20}}

chr2:142941782 --> {'REF': {'allele': 'A', 'hp': 1, 'count': 30}, 'ALT': {'allele': 'G', 'hp': 2, 'count': 16}}

chr2:145281316 --> {'REF': {'allele': 'A', 'hp': 2, 'count': 32}, 'ALT': {'allele': 'G', 'hp': 1, 'count': 25}}

chr2:145847169 --> {'REF': {'allele': 'A', 'hp': 1, 'count': 35}, 'ALT': {'allele': 'G', 'hp': 2, 'count': 22}}

chr2:147002915 --> {'REF': {'allele': 'C', 'hp': 2, 'count': 28}, 'ALT': {'allele': 'T', 'hp': 1, 'count': 24}}

chr2:147615042 --> {'REF': {'allele': 'T', 'hp': 1, 'count': 29}, 'ALT': {'allele': 'G', 'hp': 2, 'count': 19}}

chr2:147906727 --> {'REF': {'allele': 'T', 'hp': 2, 'count': 24}, 'ALT': {'allele': 'C', 'hp': 1, 'count': 18}}

chr2:149254362 --> {'REF': {'allele': 'T', 'hp': 2, 'count': 18}, 'ALT': {'allele': 'A', 'hp': 1, 'count': 14}}

chr2:149903364 --> {'REF': {'allele': 'T', 'hp': 1, 'count': 26}, 'ALT': {'allele': 'G', 'hp': 2, 'count': 22}}

chr2:150617904 --> {'REF': {'allele': 'T', 'hp': 1, 'count': 28}, 'ALT': {'allele': 'C', 'hp': 2, 'count': 26}}

chr2:150847165 --> {'REF': {'allele': 'C', 'hp': 1, 'count': 25}, 'ALT': {'allele': 'T', 'hp': 2, 'count': 20}}

chr2:151160512 --> {'REF': {'allele': 'C', 'hp': 1, 'count': 32}, 'ALT': {'allele': 'G', 'hp': 2, 'count': 24}}

chr2:151684009 --> {'REF': {'allele': 'G', 'hp': 1, 'count': 29}, 'ALT': {'allele': 'A', 'hp': 2, 'count': 18}}

chr2:152299970 --> {'REF': {'allele': 'T', 'hp': 1, 'count': 25}, 'ALT': {'allele': 'C', 'hp': 2, 'count': 23}}

chr2:154533495 --> {'REF': {'allele': 'G', 'hp': 2, 'count': 30}, 'ALT': {'allele': 'G', 'hp': 2, 'count': 30}}

chr2:155048123 --> {'REF': {'allele': 'C', 'hp': 2, 'count': 23}, 'ALT': {'allele': 'T', 'hp': 1, 'count': 19}}

chr2:155544739 --> {'REF': {'allele': 'G', 'hp': 1, 'count': 37}, 'ALT': {'allele': 'A', 'hp': 2, 'count': 32}}

chr2:156148053 --> {'REF': {'allele': 'G', 'hp': 1, 'count': 32}, 'ALT': {'allele': 'T', 'hp': 2, 'count': 28}}

chr2:157067096 --> {'REF': {'allele': 'G', 'hp': 2, 'count': 25}, 'ALT': {'allele': 'A', 'hp': 1, 'count': 21}}

chr2:157995957 --> {'REF': {'allele': 'C', 'hp': 2, 'count': 21}, 'ALT': {'allele': 'C', 'hp': 2, 'count': 21}}

chr2:158811949 --> {'REF': {'allele': 'G', 'hp': 1, 'count': 25}, 'ALT': {'allele': 'C', 'hp': 2, 'count': 16}}

chr2:161288481 --> {'REF': {'allele': 'A', 'hp': 1, 'count': 23}, 'ALT': {'allele': 'T', 'hp': 2, 'count': 19}}

chr2:162386386 --> {'REF': {'allele': 'C', 'hp': 2, 'count': 29}, 'ALT': {'allele': 'T', 'hp': 1, 'count': 21}}

chr2:162513904 --> {'REF': {'allele': 'C', 'hp': 2, 'count': 14}, 'ALT': {'allele': 'A', 'hp': 1, 'count': 10}}

chr2:162596431 --> {'REF': {'allele': 'A', 'hp': 2, 'count': 21}, 'ALT': {'allele': 'C', 'hp': 1, 'count': 19}}

chr2:163347493 --> {'REF': {'allele': 'C', 'hp': 2, 'count': 25}, 'ALT': {'allele': 'C', 'hp': 2, 'count': 25}}

chr2:163808787 --> {'REF': {'allele': 'T', 'hp': 1, 'count': 30}, 'ALT': {'allele': 'C', 'hp': 2, 'count': 27}}

chr2:164190486 --> {'REF': {'allele': 'A', 'hp': 1, 'count': 28}, 'ALT': {'allele': 'G', 'hp': 2, 'count': 20}}

chr2:164696949 --> {'REF': {'allele': 'G', 'hp': 2, 'count': 33}, 'ALT': {'allele': 'A', 'hp': 1, 'count': 26}}

chr2:165536143 --> {'REF': {'allele': 'T', 'hp': 2, 'count': 26}, 'ALT': {'allele': 'C', 'hp': 1, 'count': 16}}

chr2:165927670 --> {'REF': {'allele': 'A', 'hp': 1, 'count': 31}, 'ALT': {'allele': 'G', 'hp': 2, 'count': 26}}

chr2:166305289 --> {'REF': {'allele': 'G', 'hp': 2, 'count': 13}, 'ALT': {'allele': 'T', 'hp': 1, 'count': 11}}

chr2:166971197 --> {'REF': {'allele': 'T', 'hp': 1, 'count': 23}, 'ALT': {'allele': 'C', 'hp': 2, 'count': 13}}

chr2:168283718 --> {'REF': {'allele': 'T', 'hp': 1, 'count': 17}, 'ALT': {'allele': 'G', 'hp': 2, 'count': 13}}

chr2:168615518 --> {'REF': {'allele': 'A', 'hp': 1, 'count': 18}, 'ALT': {'allele': 'C', 'hp': 2, 'count': 17}}

chr2:169439631 --> {'REF': {'allele': 'G', 'hp': 2, 'count': 35}, 'ALT': {'allele': 'A', 'hp': 1, 'count': 26}}

chr2:169699249 --> {'REF': {'allele': 'C', 'hp': 1, 'count': 24}, 'ALT': {'allele': 'T', 'hp': 2, 'count': 16}}

chr2:172630606 --> {'REF': {'allele': 'G', 'hp': 2, 'count': 17}, 'ALT': {'allele': 'T', 'hp': 1, 'count': 13}}

chr2:173206478 --> {'REF': {'allele': 'T', 'hp': 1, 'count': 28}, 'ALT': {'allele': 'A', 'hp': 2, 'count': 25}}

chr2:173959539 --> {'REF': {'allele': 'T', 'hp': 2, 'count': 25}, 'ALT': {'allele': 'C', 'hp': 1, 'count': 16}}

chr2:174397294 --> {'REF': {'allele': 'A', 'hp': 2, 'count': 25}, 'ALT': {'allele': 'G', 'hp': 1, 'count': 24}}

chr2:176504328 --> {'REF': {'allele': 'G', 'hp': 1, 'count': 20}, 'ALT': {'allele': 'A', 'hp': 2, 'count': 16}}

chr2:177000642 --> {'REF': {'allele': 'T', 'hp': 1, 'count': 23}, 'ALT': {'allele': 'G', 'hp': 2, 'count': 21}}

chr2:177222806 --> {'REF': {'allele': 'C', 'hp': 1, 'count': 26}, 'ALT': {'allele': 'G', 'hp': 2, 'count': 16}}

chr2:178709962 --> {'REF': {'allele': 'T', 'hp': 2, 'count': 20}, 'ALT': {'allele': 'C', 'hp': 1, 'count': 14}}

chr2:179364689 --> {'REF': {'allele': 'A', 'hp': 1, 'count': 29}, 'ALT': {'allele': 'G', 'hp': 2, 'count': 21}}

chr2:179528270 --> {'REF': {'allele': 'A', 'hp': 2, 'count': 25}, 'ALT': {'allele': 'G', 'hp': 1, 'count': 20}}

chr2:179952626 --> {'REF': {'allele': 'A', 'hp': 1, 'count': 27}, 'ALT': {'allele': 'G', 'hp': 2, 'count': 15}}

chr2:180412574 --> {'REF': {'allele': 'T', 'hp': 1, 'count': 21}, 'ALT': {'allele': 'C', 'hp': 2, 'count': 18}}

chr2:182780283 --> {'REF': {'allele': 'T', 'hp': 1, 'count': 28}, 'ALT': {'allele': 'C', 'hp': 2, 'count': 26}}

chr2:183292314 --> {'REF': {'allele': 'C', 'hp': 1, 'count': 22}, 'ALT': {'allele': 'C', 'hp': 1, 'count': 22}}

chr2:184317018 --> {'REF': {'allele': 'G', 'hp': 2, 'count': 19}, 'ALT': {'allele': 'A', 'hp': 1, 'count': 14}}

chr2:185019353 --> {'REF': {'allele': 'T', 'hp': 2, 'count': 19}, 'ALT': {'allele': 'A', 'hp': 1, 'count': 16}}

chr2:185156887 --> {'REF': {'allele': 'A', 'hp': 2, 'count': 28}, 'ALT': {'allele': 'G', 'hp': 1, 'count': 26}}

chr2:185889729 --> {'REF': {'allele': 'G', 'hp': 1, 'count': 24}, 'ALT': {'allele': 'A', 'hp': 2, 'count': 23}}

chr2:187337277 --> {'REF': {'allele': 'T', 'hp': 2, 'count': 29}, 'ALT': {'allele': 'A', 'hp': 1, 'count': 26}}

chr2:188406104 --> {'REF': {'allele': 'A', 'hp': 2, 'count': 30}, 'ALT': {'allele': 'G', 'hp': 1, 'count': 27}}

chr2:188745714 --> {'REF': {'allele': 'A', 'hp': 2, 'count': 26}, 'ALT': {'allele': 'G', 'hp': 1, 'count': 25}}

chr2:190865699 --> {'REF': {'allele': 'T', 'hp': 2, 'count': 25}, 'ALT': {'allele': 'C', 'hp': 1, 'count': 16}}

chr2:191317930 --> {'REF': {'allele': 'A', 'hp': 1, 'count': 23}, 'ALT': {'allele': 'G', 'hp': 2, 'count': 19}}

chr2:192117978 --> {'REF': {'allele': 'A', 'hp': 1, 'count': 20}, 'ALT': {'allele': 'T', 'hp': 2, 'count': 17}}

chr2:192338305 --> {'REF': {'allele': 'T', 'hp': 2, 'count': 31}, 'ALT': {'allele': 'C', 'hp': 1, 'count': 13}}

chr2:193439713 --> {'REF': {'allele': 'C', 'hp': 2, 'count': 27}, 'ALT': {'allele': 'T', 'hp': 1, 'count': 18}}

chr2:194621609 --> {'REF': {'allele': 'A', 'hp': 1, 'count': 29}, 'ALT': {'allele': 'T', 'hp': 2, 'count': 27}}

chr2:195699525 --> {'REF': {'allele': 'T', 'hp': 2, 'count': 25}, 'ALT': {'allele': 'C', 'hp': 1, 'count': 22}}

chr2:196204343 --> {'REF': {'allele': 'A', 'hp': 1, 'count': 27}, 'ALT': {'allele': 'C', 'hp': 2, 'count': 18}}

chr2:198609641 --> {'REF': {'allele': 'G', 'hp': 1, 'count': 24}, 'ALT': {'allele': 'A', 'hp': 2, 'count': 16}}

chr2:199745340 --> {'REF': {'allele': 'A', 'hp': 1, 'count': 24}, 'ALT': {'allele': 'T', 'hp': 2, 'count': 17}}

chr2:200181688 --> {'REF': {'allele': 'G', 'hp': 2, 'count': 27}, 'ALT': {'allele': 'A', 'hp': 1, 'count': 19}}

chr2:201256810 --> {'REF': {'allele': 'A', 'hp': 2, 'count': 19}, 'ALT': {'allele': 'G', 'hp': 1, 'count': 18}}

chr2:201534076 --> {'REF': {'allele': 'C', 'hp': 1, 'count': 17}, 'ALT': {'allele': 'G', 'hp': 2, 'count': 15}}

chr2:202343795 --> {'REF': {'allele': 'A', 'hp': 1, 'count': 19}, 'ALT': {'allele': 'G', 'hp': 2, 'count': 14}}

chr2:203727534 --> {'REF': {'allele': 'A', 'hp': 2, 'count': 20}, 'ALT': {'allele': 'G', 'hp': 1, 'count': 14}}

chr2:204922074 --> {'REF': {'allele': 'G', 'hp': 1, 'count': 24}, 'ALT': {'allele': 'A', 'hp': 2, 'count': 22}}

chr2:205348287 --> {'REF': {'allele': 'A', 'hp': 1, 'count': 21}, 'ALT': {'allele': 'G', 'hp': 2, 'count': 18}}

chr2:206002501 --> {'REF': {'allele': 'A', 'hp': 1, 'count': 24}, 'ALT': {'allele': 'G', 'hp': 2, 'count': 13}}

chr2:206383204 --> {'REF': {'allele': 'A', 'hp': 1, 'count': 20}, 'ALT': {'allele': 'G', 'hp': 2, 'count': 14}}

chr2:206935253 --> {'REF': {'allele': 'C', 'hp': 2, 'count': 24}, 'ALT': {'allele': 'T', 'hp': 1, 'count': 17}}

chr2:207494288 --> {'REF': {'allele': 'C', 'hp': 1, 'count': 19}, 'ALT': {'allele': 'T', 'hp': 2, 'count': 14}}

chr2:208160982 --> {'REF': {'allele': 'T', 'hp': 2, 'count': 13}, 'ALT': {'allele': 'T', 'hp': 2, 'count': 13}}

chr2:209816028 --> {'REF': {'allele': 'A', 'hp': 1, 'count': 34}, 'ALT': {'allele': 'C', 'hp': 2, 'count': 19}}

chr2:210457954 --> {'REF': {'allele': 'C', 'hp': 2, 'count': 30}, 'ALT': {'allele': 'A', 'hp': 1, 'count': 24}}

chr2:210801538 --> {'REF': {'allele': 'T', 'hp': 2, 'count': 24}, 'ALT': {'allele': 'A', 'hp': 1, 'count': 21}}

chr2:211076874 --> {'REF': {'allele': 'G', 'hp': 1, 'count': 36}, 'ALT': {'allele': 'A', 'hp': 2, 'count': 30}}

chr2:212197286 --> {'REF': {'allele': 'A', 'hp': 2, 'count': 19}, 'ALT': {'allele': 'T', 'hp': 1, 'count': 14}}

chr2:213078470 --> {'REF': {'allele': 'A', 'hp': 2, 'count': 31}, 'ALT': {'allele': 'G', 'hp': 1, 'count': 29}}

chr2:215287609 --> {'REF': {'allele': 'C', 'hp': 1, 'count': 20}, 'ALT': {'allele': 'G', 'hp': 2, 'count': 14}}

chr2:215550271 --> {'REF': {'allele': 'A', 'hp': 2, 'count': 26}, 'ALT': {'allele': 'T', 'hp': 1, 'count': 25}}

chr2:216033399 --> {'REF': {'allele': 'A', 'hp': 1, 'count': 30}, 'ALT': {'allele': 'G', 'hp': 2, 'count': 17}}

chr2:216423029 --> {'REF': {'allele': 'G', 'hp': 1, 'count': 21}, 'ALT': {'allele': 'A', 'hp': 2, 'count': 13}}

chr2:216848401 --> {'REF': {'allele': 'C', 'hp': 2, 'count': 15}, 'ALT': {'allele': 'T', 'hp': 1, 'count': 13}}

chr2:217203025 --> {'REF': {'allele': 'T', 'hp': 1, 'count': 12}, 'ALT': {'allele': 'A', 'hp': 2, 'count': 9}}

chr2:217506231 --> {'REF': {'allele': 'C', 'hp': 1, 'count': 20}, 'ALT': {'allele': 'G', 'hp': 2, 'count': 16}}

chr2:217857538 --> {'REF': {'allele': 'G', 'hp': 1, 'count': 23}, 'ALT': {'allele': 'A', 'hp': 2, 'count': 17}}

chr2:218272544 --> {'REF': {'allele': 'T', 'hp': 2, 'count': 13}, 'ALT': {'allele': 'C', 'hp': 1, 'count': 12}}

chr2:220211363 --> {'REF': {'allele': 'T', 'hp': 1, 'count': 20}, 'ALT': {'allele': 'C', 'hp': 2, 'count': 11}}

chr2:220532225 --> {'REF': {'allele': 'G', 'hp': 1, 'count': 22}, 'ALT': {'allele': 'A', 'hp': 2, 'count': 20}}

chr2:220692930 --> {'REF': {'allele': 'C', 'hp': 2, 'count': 20}, 'ALT': {'allele': 'T', 'hp': 1, 'count': 9}}

chr2:220948661 --> {'REF': {'allele': 'A', 'hp': 2, 'count': 20}, 'ALT': {'allele': 'A', 'hp': 2, 'count': 20}}

chr2:221598100 --> {'REF': {'allele': 'G', 'hp': 2, 'count': 21}, 'ALT': {'allele': 'A', 'hp': 1, 'count': 20}}

chr2:222195644 --> {'REF': {'allele': 'A', 'hp': 1, 'count': 22}, 'ALT': {'allele': 'G', 'hp': 2, 'count': 14}}

chr2:222581154 --> {'REF': {'allele': 'A', 'hp': 2, 'count': 31}, 'ALT': {'allele': 'T', 'hp': 1, 'count': 23}}

chr2:222883100 --> {'REF': {'allele': 'A', 'hp': 2, 'count': 24}, 'ALT': {'allele': 'G', 'hp': 1, 'count': 22}}

chr2:223863435 --> {'REF': {'allele': 'T', 'hp': 2, 'count': 38}, 'ALT': {'allele': 'G', 'hp': 1, 'count': 31}}

chr2:224580625 --> {'REF': {'allele': 'T', 'hp': 2, 'count': 19}, 'ALT': {'allele': 'C', 'hp': 1, 'count': 17}}

chr2:224929465 --> {'REF': {'allele': 'C', 'hp': 2, 'count': 17}, 'ALT': {'allele': 'T', 'hp': 1, 'count': 12}}

chr2:225442454 --> {'REF': {'allele': 'C', 'hp': 2, 'count': 19}, 'ALT': {'allele': 'T', 'hp': 1, 'count': 18}}

chr2:225678830 --> {'REF': {'allele': 'A', 'hp': 2, 'count': 32}, 'ALT': {'allele': 'G', 'hp': 1, 'count': 21}}

chr2:225981550 --> {'REF': {'allele': 'G', 'hp': 2, 'count': 28}, 'ALT': {'allele': 'A', 'hp': 1, 'count': 24}}

chr2:226449478 --> {'REF': {'allele': 'G', 'hp': 1, 'count': 24}, 'ALT': {'allele': 'A', 'hp': 2, 'count': 23}}

chr2:226899329 --> {'REF': {'allele': 'T', 'hp': 1, 'count': 27}, 'ALT': {'allele': 'A', 'hp': 2, 'count': 25}}

chr2:227587476 --> {'REF': {'allele': 'T', 'hp': 1, 'count': 23}, 'ALT': {'allele': 'C', 'hp': 2, 'count': 15}}

chr2:228601018 --> {'REF': {'allele': 'T', 'hp': 2, 'count': 23}, 'ALT': {'allele': 'G', 'hp': 1, 'count': 22}}

chr2:228915035 --> {'REF': {'allele': 'A', 'hp': 1, 'count': 17}, 'ALT': {'allele': 'A', 'hp': 1, 'count': 17}}

chr2:230069190 --> {'REF': {'allele': 'C', 'hp': 1, 'count': 12}, 'ALT': {'allele': 'T', 'hp': 2, 'count': 11}}

chr2:230224714 --> {'REF': {'allele': 'C', 'hp': 2, 'count': 13}, 'ALT': {'allele': 'G', 'hp': 1, 'count': 11}}

chr2:230640031 --> {'REF': {'allele': 'G', 'hp': 1, 'count': 16}, 'ALT': {'allele': 'C', 'hp': 2, 'count': 10}}

chr2:231978221 --> {'REF': {'allele': 'T', 'hp': 1, 'count': 15}, 'ALT': {'allele': 'C', 'hp': 2, 'count': 12}}

chr2:233474079 --> {'REF': {'allele': 'C', 'hp': 1, 'count': 12}, 'ALT': {'allele': 'T', 'hp': 2, 'count': 9}}

chr2:234991077 --> {'REF': {'allele': 'T', 'hp': 1, 'count': 15}, 'ALT': {'allele': 'C', 'hp': 2, 'count': 13}}

chr2:235678746 --> {'REF': {'allele': 'C', 'hp': 1, 'count': 17}, 'ALT': {'allele': 'T', 'hp': 2, 'count': 15}}

chr2:235918994 --> {'REF': {'allele': 'A', 'hp': 1, 'count': 16}, 'ALT': {'allele': 'G', 'hp': 2, 'count': 15}}

chr2:236367194 --> {'REF': {'allele': 'T', 'hp': 2, 'count': 16}, 'ALT': {'allele': 'C', 'hp': 1, 'count': 14}}

chr2:236437100 --> {'REF': {'allele': 'A', 'hp': 1, 'count': 14}, 'ALT': {'allele': 'G', 'hp': 2, 'count': 13}}

chr2:236782758 --> {'REF': {'allele': 'A', 'hp': 1, 'count': 15}, 'ALT': {'allele': 'G', 'hp': 2, 'count': 10}}

chr2:237431924 --> {'REF': {'allele': 'A', 'hp': 1, 'count': 25}, 'ALT': {'allele': 'C', 'hp': 2, 'count': 12}}

chr2:237800934 --> {'REF': {'allele': 'A', 'hp': 2, 'count': 16}, 'ALT': {'allele': 'G', 'hp': 1, 'count': 9}}

chr2:238149712 --> {'REF': {'allele': 'T', 'hp': 1, 'count': 14}, 'ALT': {'allele': 'C', 'hp': 2, 'count': 13}}

chr2:238885481 --> {'REF': {'allele': 'G', 'hp': 1, 'count': 12}, 'ALT': {'allele': 'A', 'hp': 2, 'count': 10}}

chr2:239382181 --> {'REF': {'allele': 'C', 'hp': 2, 'count': 15}, 'ALT': {'allele': 'T', 'hp': 1, 'count': 12}}

chr2:239771059 --> {'REF': {'allele': 'T', 'hp': 1, 'count': 12}, 'ALT': {'allele': 'C', 'hp': 2, 'count': 11}}

chr2:240534269 --> {'REF': {'allele': 'T', 'hp': 1, 'count': 24}, 'ALT': {'allele': 'C', 'hp': 2, 'count': 13}}

chr10:72002 --> {'REF': {'allele': 'C', 'hp': 1, 'count': 15}, 'ALT': {'allele': 'G', 'hp': 2, 'count': 12}}

chr10:2524104 --> {'REF': {'allele': 'G', 'hp': 1, 'count': 16}, 'ALT': {'allele': 'T', 'hp': 2, 'count': 13}}

chr10:4638124 --> {'REF': {'allele': 'A', 'hp': 1, 'count': 26}, 'ALT': {'allele': 'G', 'hp': 2, 'count': 20}}

chr10:5223493 --> {'REF': {'allele': 'A', 'hp': 2, 'count': 19}, 'ALT': {'allele': 'A', 'hp': 2, 'count': 19}}

chr10:5747358 --> {'REF': {'allele': 'T', 'hp': 2, 'count': 19}, 'ALT': {'allele': 'C', 'hp': 1, 'count': 18}}

chr10:6033934 --> {'REF': {'allele': 'A', 'hp': 1, 'count': 20}, 'ALT': {'allele': 'G', 'hp': 2, 'count': 9}}

chr10:7196858 --> {'REF': {'allele': 'C', 'hp': 1, 'count': 22}, 'ALT': {'allele': 'G', 'hp': 2, 'count': 18}}

chr10:8783188 --> {'REF': {'allele': 'A', 'hp': 2, 'count': 30}, 'ALT': {'allele': 'G', 'hp': 1, 'count': 29}}

chr10:8998510 --> {'REF': {'allele': 'A', 'hp': 1, 'count': 26}, 'ALT': {'allele': 'G', 'hp': 2, 'count': 25}}

chr10:9595238 --> {'REF': {'allele': 'A', 'hp': 1, 'count': 26}, 'ALT': {'allele': 'C', 'hp': 2, 'count': 24}}

chr10:10217412 --> {'REF': {'allele': 'C', 'hp': 1, 'count': 17}, 'ALT': {'allele': 'T', 'hp': 2, 'count': 15}}

chr10:10937997 --> {'REF': {'allele': 'C', 'hp': 2, 'count': 17}, 'ALT': {'allele': 'A', 'hp': 1, 'count': 16}}

chr10:11798196 --> {'REF': {'allele': 'G', 'hp': 2, 'count': 13}, 'ALT': {'allele': 'T', 'hp': 1, 'count': 12}}

chr10:12942697 --> {'REF': {'allele': 'C', 'hp': 2, 'count': 15}, 'ALT': {'allele': 'T', 'hp': 1, 'count': 14}}

chr10:13179897 --> {'REF': {'allele': 'G', 'hp': 2, 'count': 20}, 'ALT': {'allele': 'C', 'hp': 1, 'count': 10}}

chr10:13350450 --> {'REF': {'allele': 'C', 'hp': 1, 'count': 12}, 'ALT': {'allele': 'A', 'hp': 2, 'count': 9}}

chr10:14298736 --> {'REF': {'allele': 'A', 'hp': 2, 'count': 20}, 'ALT': {'allele': 'G', 'hp': 1, 'count': 19}}

chr10:14657564 --> {'REF': {'allele': 'C', 'hp': 1, 'count': 13}, 'ALT': {'allele': 'T', 'hp': 2, 'count': 12}}

chr10:14793026 --> {'REF': {'allele': 'C', 'hp': 1, 'count': 16}, 'ALT': {'allele': 'A', 'hp': 2, 'count': 15}}

chr10:14986406 --> {'REF': {'allele': 'A', 'hp': 2, 'count': 14}, 'ALT': {'allele': 'G', 'hp': 1, 'count': 10}}

chr10:15476156 --> {'REF': {'allele': 'A', 'hp': 1, 'count': 20}, 'ALT': {'allele': 'T', 'hp': 2, 'count': 10}}

chr10:15957173 --> {'REF': {'allele': 'A', 'hp': 1, 'count': 29}, 'ALT': {'allele': 'G', 'hp': 2, 'count': 23}}

chr10:16179270 --> {'REF': {'allele': 'T', 'hp': 2, 'count': 23}, 'ALT': {'allele': 'G', 'hp': 1, 'count': 22}}

chr10:16571868 --> {'REF': {'allele': 'A', 'hp': 2, 'count': 20}, 'ALT': {'allele': 'G', 'hp': 1, 'count': 16}}

chr10:16931709 --> {'REF': {'allele': 'T', 'hp': 1, 'count': 20}, 'ALT': {'allele': 'G', 'hp': 2, 'count': 15}}

chr10:17219659 --> {'REF': {'allele': 'T', 'hp': 1, 'count': 25}, 'ALT': {'allele': 'C', 'hp': 2, 'count': 15}}

chr10:17580931 --> {'REF': {'allele': 'A', 'hp': 1, 'count': 20}, 'ALT': {'allele': 'G', 'hp': 2, 'count': 15}}

chr10:19290447 --> {'REF': {'allele': 'T', 'hp': 1, 'count': 34}, 'ALT': {'allele': 'C', 'hp': 2, 'count': 27}}

chr10:19870987 --> {'REF': {'allele': 'C', 'hp': 2, 'count': 27}, 'ALT': {'allele': 'T', 'hp': 1, 'count': 26}}

chr10:20612652 --> {'REF': {'allele': 'A', 'hp': 2, 'count': 22}, 'ALT': {'allele': 'G', 'hp': 1, 'count': 16}}

chr10:21021275 --> {'REF': {'allele': 'G', 'hp': 2, 'count': 21}, 'ALT': {'allele': 'A', 'hp': 1, 'count': 14}}

chr10:21130748 --> {'REF': {'allele': 'T', 'hp': 2, 'count': 24}, 'ALT': {'allele': 'C', 'hp': 1, 'count': 23}}

chr10:22197257 --> {'REF': {'allele': 'T', 'hp': 2, 'count': 18}, 'ALT': {'allele': 'T', 'hp': 2, 'count': 18}}

chr10:23003572 --> {'REF': {'allele': 'A', 'hp': 1, 'count': 19}, 'ALT': {'allele': 'T', 'hp': 2, 'count': 18}}

chr10:23094927 --> {'REF': {'allele': 'A', 'hp': 1, 'count': 25}, 'ALT': {'allele': 'G', 'hp': 2, 'count': 19}}

chr10:23770024 --> {'REF': {'allele': 'C', 'hp': 1, 'count': 25}, 'ALT': {'allele': 'T', 'hp': 2, 'count': 13}}

chr10:24152093 --> {'REF': {'allele': 'G', 'hp': 1, 'count': 17}, 'ALT': {'allele': 'C', 'hp': 2, 'count': 15}}

chr10:24946768 --> {'REF': {'allele': 'C', 'hp': 1, 'count': 19}, 'ALT': {'allele': 'T', 'hp': 2, 'count': 17}}

chr10:26837732 --> {'REF': {'allele': 'T', 'hp': 2, 'count': 27}, 'ALT': {'allele': 'C', 'hp': 1, 'count': 18}}

chr10:28388948 --> {'REF': {'allele': 'T', 'hp': 2, 'count': 17}, 'ALT': {'allele': 'C', 'hp': 1, 'count': 15}}

chr10:28643666 --> {'REF': {'allele': 'C', 'hp': 2, 'count': 23}, 'ALT': {'allele': 'T', 'hp': 1, 'count': 20}}

chr10:28825738 --> {'REF': {'allele': 'T', 'hp': 1, 'count': 15}, 'ALT': {'allele': 'C', 'hp': 2, 'count': 14}}

chr10:28944971 --> {'REF': {'allele': 'G', 'hp': 2, 'count': 23}, 'ALT': {'allele': 'A', 'hp': 1, 'count': 21}}

chr10:34318289 --> {'REF': {'allele': 'T', 'hp': 1, 'count': 27}, 'ALT': {'allele': 'C', 'hp': 2, 'count': 24}}

chr10:35629730 --> {'REF': {'allele': 'C', 'hp': 2, 'count': 10}, 'ALT': {'allele': 'T', 'hp': 1, 'count': 9}}

chr10:36105235 --> {'REF': {'allele': 'G', 'hp': 1, 'count': 23}, 'ALT': {'allele': 'A', 'hp': 2, 'count': 14}}

chr10:36284766 --> {'REF': {'allele': 'T', 'hp': 1, 'count': 34}, 'ALT': {'allele': 'G', 'hp': 2, 'count': 29}}

chr10:37398098 --> {'REF': {'allele': 'G', 'hp': 2, 'count': 30}, 'ALT': {'allele': 'A', 'hp': 1, 'count': 27}}

chr10:42967752 --> {'REF': {'allele': 'C', 'hp': 1, 'count': 17}, 'ALT': {'allele': 'T', 'hp': 2, 'count': 16}}

chr10:43962257 --> {'REF': {'allele': 'A', 'hp': 1, 'count': 10}, 'ALT': {'allele': 'G', 'hp': 2, 'count': 9}}

chr10:44707518 --> {'REF': {'allele': 'T', 'hp': 1, 'count': 20}, 'ALT': {'allele': 'G', 'hp': 2, 'count': 12}}

chr10:45674670 --> {'REF': {'allele': 'A', 'hp': 1, 'count': 25}, 'ALT': {'allele': 'G', 'hp': 2, 'count': 21}}

chr10:46215371 --> {'REF': {'allele': 'G', 'hp': 2, 'count': 17}, 'ALT': {'allele': 'A', 'hp': 1, 'count': 15}}

chr10:47985397 --> {'REF': {'allele': 'G', 'hp': 2, 'count': 25}, 'ALT': {'allele': 'C', 'hp': 1, 'count': 13}}

chr10:49030636 --> {'REF': {'allele': 'T', 'hp': 1, 'count': 22}, 'ALT': {'allele': 'A', 'hp': 2, 'count': 17}}

chr10:49720824 --> {'REF': {'allele': 'A', 'hp': 1, 'count': 20}, 'ALT': {'allele': 'T', 'hp': 2, 'count': 19}}

chr10:50020726 --> {'REF': {'allele': 'T', 'hp': 2, 'count': 18}, 'ALT': {'allele': 'C', 'hp': 1, 'count': 14}}

chr10:50215409 --> {'REF': {'allele': 'T', 'hp': 2, 'count': 20}, 'ALT': {'allele': 'G', 'hp': 1, 'count': 16}}

chr10:51417743 --> {'REF': {'allele': 'A', 'hp': 1, 'count': 23}, 'ALT': {'allele': 'A', 'hp': 1, 'count': 23}}

chr10:51694404 --> {'REF': {'allele': 'G', 'hp': 2, 'count': 25}, 'ALT': {'allele': 'A', 'hp': 1, 'count': 24}}

chr10:51842856 --> {'REF': {'allele': 'C', 'hp': 2, 'count': 20}, 'ALT': {'allele': 'T', 'hp': 1, 'count': 19}}

chr10:52857392 --> {'REF': {'allele': 'G', 'hp': 1, 'count': 31}, 'ALT': {'allele': 'A', 'hp': 2, 'count': 22}}

chr10:53555272 --> {'REF': {'allele': 'C', 'hp': 1, 'count': 35}, 'ALT': {'allele': 'A', 'hp': 2, 'count': 19}}

chr10:53796639 --> {'REF': {'allele': 'C', 'hp': 1, 'count': 26}, 'ALT': {'allele': 'A', 'hp': 2, 'count': 21}}

chr10:53955224 --> {'REF': {'allele': 'C', 'hp': 2, 'count': 25}, 'ALT': {'allele': 'G', 'hp': 1, 'count': 17}}

chr10:54750472 --> {'REF': {'allele': 'T', 'hp': 2, 'count': 26}, 'ALT': {'allele': 'C', 'hp': 1, 'count': 18}}

chr10:55413320 --> {'REF': {'allele': 'C', 'hp': 2, 'count': 32}, 'ALT': {'allele': 'T', 'hp': 1, 'count': 30}}

chr10:55977297 --> {'REF': {'allele': 'G', 'hp': 1, 'count': 34}, 'ALT': {'allele': 'A', 'hp': 2, 'count': 19}}

chr10:56601851 --> {'REF': {'allele': 'C', 'hp': 2, 'count': 39}, 'ALT': {'allele': 'T', 'hp': 1, 'count': 25}}

chr10:56931265 --> {'REF': {'allele': 'G', 'hp': 1, 'count': 23}, 'ALT': {'allele': 'G', 'hp': 1, 'count': 23}}

chr10:57846119 --> {'REF': {'allele': 'G', 'hp': 1, 'count': 27}, 'ALT': {'allele': 'A', 'hp': 2, 'count': 23}}

chr10:58521791 --> {'REF': {'allele': 'T', 'hp': 2, 'count': 31}, 'ALT': {'allele': 'C', 'hp': 1, 'count': 29}}

chr10:58905846 --> {'REF': {'allele': 'A', 'hp': 2, 'count': 23}, 'ALT': {'allele': 'G', 'hp': 1, 'count': 21}}

chr10:60544223 --> {'REF': {'allele': 'C', 'hp': 1, 'count': 18}, 'ALT': {'allele': 'T', 'hp': 2, 'count': 11}}

chr10:61484165 --> {'REF': {'allele': 'A', 'hp': 2, 'count': 24}, 'ALT': {'allele': 'G', 'hp': 1, 'count': 17}}

chr10:61897894 --> {'REF': {'allele': 'T', 'hp': 1, 'count': 18}, 'ALT': {'allele': 'A', 'hp': 2, 'count': 10}}

chr10:62214349 --> {'REF': {'allele': 'T', 'hp': 2, 'count': 35}, 'ALT': {'allele': 'C', 'hp': 1, 'count': 16}}

chr10:62635031 --> {'REF': {'allele': 'C', 'hp': 1, 'count': 22}, 'ALT': {'allele': 'A', 'hp': 2, 'count': 16}}

chr10:63078696 --> {'REF': {'allele': 'G', 'hp': 1, 'count': 38}, 'ALT': {'allele': 'A', 'hp': 2, 'count': 29}}

chr10:64086966 --> {'REF': {'allele': 'T', 'hp': 2, 'count': 19}, 'ALT': {'allele': 'C', 'hp': 1, 'count': 11}}

chr10:65589961 --> {'REF': {'allele': 'T', 'hp': 1, 'count': 22}, 'ALT': {'allele': 'C', 'hp': 2, 'count': 19}}

chr10:66173264 --> {'REF': {'allele': 'A', 'hp': 2, 'count': 32}, 'ALT': {'allele': 'G', 'hp': 1, 'count': 29}}

chr10:67635304 --> {'REF': {'allele': 'G', 'hp': 1, 'count': 30}, 'ALT': {'allele': 'A', 'hp': 2, 'count': 27}}

chr10:67722645 --> {'REF': {'allele': 'T', 'hp': 1, 'count': 29}, 'ALT': {'allele': 'C', 'hp': 2, 'count': 20}}

chr10:68442222 --> {'REF': {'allele': 'G', 'hp': 2, 'count': 17}, 'ALT': {'allele': 'A', 'hp': 1, 'count': 12}}

chr10:69043672 --> {'REF': {'allele': 'G', 'hp': 2, 'count': 15}, 'ALT': {'allele': 'T', 'hp': 1, 'count': 12}}

chr10:70226872 --> {'REF': {'allele': 'T', 'hp': 1, 'count': 13}, 'ALT': {'allele': 'T', 'hp': 1, 'count': 13}}

chr10:70632909 --> {'REF': {'allele': 'A', 'hp': 1, 'count': 16}, 'ALT': {'allele': 'C', 'hp': 2, 'count': 14}}

chr10:71165009 --> {'REF': {'allele': 'T', 'hp': 1, 'count': 18}, 'ALT': {'allele': 'C', 'hp': 2, 'count': 14}}

chr10:72640317 --> {'REF': {'allele': 'C', 'hp': 2, 'count': 10}, 'ALT': {'allele': 'T', 'hp': 1, 'count': 9}}

chr10:76522715 --> {'REF': {'allele': 'T', 'hp': 1, 'count': 24}, 'ALT': {'allele': 'C', 'hp': 2, 'count': 17}}

chr10:77889482 --> {'REF': {'allele': 'A', 'hp': 2, 'count': 20}, 'ALT': {'allele': 'G', 'hp': 1, 'count': 19}}

chr10:78017317 --> {'REF': {'allele': 'G', 'hp': 1, 'count': 21}, 'ALT': {'allele': 'C', 'hp': 2, 'count': 19}}

chr10:78136809 --> {'REF': {'allele': 'T', 'hp': 2, 'count': 22}, 'ALT': {'allele': 'C', 'hp': 1, 'count': 17}}

chr10:78544171 --> {'REF': {'allele': 'G', 'hp': 2, 'count': 14}, 'ALT': {'allele': 'T', 'hp': 1, 'count': 10}}

chr10:78847518 --> {'REF': {'allele': 'A', 'hp': 1, 'count': 11}, 'ALT': {'allele': 'G', 'hp': 2, 'count': 9}}

chr10:80278773 --> {'REF': {'allele': 'G', 'hp': 2, 'count': 9}, 'ALT': {'allele': 'G', 'hp': 2, 'count': 9}}

chr10:80514480 --> {'REF': {'allele': 'G', 'hp': 2, 'count': 39}, 'ALT': {'allele': 'A', 'hp': 1, 'count': 15}}

chr10:82943247 --> {'REF': {'allele': 'G', 'hp': 1, 'count': 19}, 'ALT': {'allele': 'T', 'hp': 2, 'count': 17}}

chr10:83786412 --> {'REF': {'allele': 'A', 'hp': 1, 'count': 30}, 'ALT': {'allele': 'G', 'hp': 2, 'count': 24}}

chr10:84163003 --> {'REF': {'allele': 'G', 'hp': 1, 'count': 28}, 'ALT': {'allele': 'A', 'hp': 2, 'count': 14}}

chr10:87728880 --> {'REF': {'allele': 'C', 'hp': 2, 'count': 19}, 'ALT': {'allele': 'T', 'hp': 1, 'count': 18}}

chr10:88210553 --> {'REF': {'allele': 'C', 'hp': 2, 'count': 19}, 'ALT': {'allele': 'T', 'hp': 1, 'count': 13}}

chr10:90652505 --> {'REF': {'allele': 'T', 'hp': 2, 'count': 36}, 'ALT': {'allele': 'C', 'hp': 1, 'count': 30}}

chr10:91079293 --> {'REF': {'allele': 'C', 'hp': 1, 'count': 24}, 'ALT': {'allele': 'A', 'hp': 2, 'count': 18}}

chr10:91137231 --> {'REF': {'allele': 'G', 'hp': 1, 'count': 20}, 'ALT': {'allele': 'A', 'hp': 2, 'count': 18}}

chr10:92388239 --> {'REF': {'allele': 'G', 'hp': 1, 'count': 23}, 'ALT': {'allele': 'A', 'hp': 2, 'count': 22}}

chr10:93535813 --> {'REF': {'allele': 'G', 'hp': 1, 'count': 20}, 'ALT': {'allele': 'T', 'hp': 2, 'count': 13}}

chr10:94242918 --> {'REF': {'allele': 'T', 'hp': 2, 'count': 24}, 'ALT': {'allele': 'A', 'hp': 1, 'count': 20}}

chr10:94508047 --> {'REF': {'allele': 'T', 'hp': 2, 'count': 21}, 'ALT': {'allele': 'T', 'hp': 2, 'count': 21}}

chr10:94947646 --> {'REF': {'allele': 'A', 'hp': 2, 'count': 18}, 'ALT': {'allele': 'G', 'hp': 1, 'count': 9}}

chr10:95355416 --> {'REF': {'allele': 'T', 'hp': 2, 'count': 16}, 'ALT': {'allele': 'T', 'hp': 2, 'count': 16}}

chr10:96322920 --> {'REF': {'allele': 'C', 'hp': 2, 'count': 19}, 'ALT': {'allele': 'G', 'hp': 1, 'count': 18}}

chr10:97377669 --> {'REF': {'allele': 'C', 'hp': 2, 'count': 15}, 'ALT': {'allele': 'G', 'hp': 1, 'count': 13}}

chr10:98052772 --> {'REF': {'allele': 'G', 'hp': 1, 'count': 14}, 'ALT': {'allele': 'A', 'hp': 2, 'count': 10}}

chr10:98603830 --> {'REF': {'allele': 'A', 'hp': 2, 'count': 10}, 'ALT': {'allele': 'G', 'hp': 1, 'count': 9}}

chr10:99130164 --> {'REF': {'allele': 'A', 'hp': 1, 'count': 16}, 'ALT': {'allele': 'G', 'hp': 2, 'count': 15}}

chr10:99359798 --> {'REF': {'allele': 'T', 'hp': 2, 'count': 16}, 'ALT': {'allele': 'C', 'hp': 1, 'count': 11}}

chr10:99575706 --> {'REF': {'allele': 'C', 'hp': 1, 'count': 25}, 'ALT': {'allele': 'T', 'hp': 2, 'count': 24}}

chr10:101459144 --> {'REF': {'allele': 'G', 'hp': 1, 'count': 15}, 'ALT': {'allele': 'T', 'hp': 2, 'count': 12}}

chr10:102493870 --> {'REF': {'allele': 'A', 'hp': 1, 'count': 14}, 'ALT': {'allele': 'C', 'hp': 2, 'count': 13}}

chr10:105496960 --> {'REF': {'allele': 'G', 'hp': 2, 'count': 22}, 'ALT': {'allele': 'T', 'hp': 1, 'count': 16}}

chr10:105810376 --> {'REF': {'allele': 'G', 'hp': 1, 'count': 22}, 'ALT': {'allele': 'T', 'hp': 2, 'count': 17}}

chr10:106469075 --> {'REF': {'allele': 'C', 'hp': 1, 'count': 32}, 'ALT': {'allele': 'T', 'hp': 2, 'count': 14}}

chr10:107105317 --> {'REF': {'allele': 'C', 'hp': 2, 'count': 24}, 'ALT': {'allele': 'T', 'hp': 1, 'count': 23}}

chr10:107507410 --> {'REF': {'allele': 'G', 'hp': 1, 'count': 20}, 'ALT': {'allele': 'A', 'hp': 2, 'count': 13}}

chr10:107751718 --> {'REF': {'allele': 'T', 'hp': 1, 'count': 23}, 'ALT': {'allele': 'G', 'hp': 2, 'count': 10}}

chr10:108474889 --> {'REF': {'allele': 'C', 'hp': 1, 'count': 29}, 'ALT': {'allele': 'T', 'hp': 2, 'count': 22}}

chr10:108961972 --> {'REF': {'allele': 'A', 'hp': 1, 'count': 36}, 'ALT': {'allele': 'T', 'hp': 2, 'count': 22}}

chr10:109941887 --> {'REF': {'allele': 'G', 'hp': 2, 'count': 20}, 'ALT': {'allele': 'C', 'hp': 1, 'count': 13}}

chr10:110899638 --> {'REF': {'allele': 'G', 'hp': 1, 'count': 19}, 'ALT': {'allele': 'T', 'hp': 2, 'count': 15}}

chr10:111808669 --> {'REF': {'allele': 'A', 'hp': 2, 'count': 28}, 'ALT': {'allele': 'C', 'hp': 1, 'count': 21}}

chr10:112226131 --> {'REF': {'allele': 'C', 'hp': 2, 'count': 33}, 'ALT': {'allele': 'A', 'hp': 1, 'count': 24}}

chr10:113610338 --> {'REF': {'allele': 'G', 'hp': 1, 'count': 22}, 'ALT': {'allele': 'A', 'hp': 2, 'count': 16}}

chr10:114642274 --> {'REF': {'allele': 'C', 'hp': 1, 'count': 17}, 'ALT': {'allele': 'A', 'hp': 2, 'count': 12}}

chr10:115481229 --> {'REF': {'allele': 'T', 'hp': 1, 'count': 22}, 'ALT': {'allele': 'C', 'hp': 2, 'count': 19}}

chr10:116752026 --> {'REF': {'allele': 'G', 'hp': 2, 'count': 24}, 'ALT': {'allele': 'C', 'hp': 1, 'count': 19}}

chr10:116991558 --> {'REF': {'allele': 'T', 'hp': 2, 'count': 18}, 'ALT': {'allele': 'C', 'hp': 1, 'count': 14}}

chr10:117265357 --> {'REF': {'allele': 'C', 'hp': 1, 'count': 35}, 'ALT': {'allele': 'T', 'hp': 2, 'count': 30}}

chr10:118300987 --> {'REF': {'allele': 'T', 'hp': 1, 'count': 16}, 'ALT': {'allele': 'C', 'hp': 2, 'count': 12}}

chr10:118467195 --> {'REF': {'allele': 'T', 'hp': 2, 'count': 15}, 'ALT': {'allele': 'C', 'hp': 1, 'count': 14}}

chr10:118581886 --> {'REF': {'allele': 'C', 'hp': 1, 'count': 12}, 'ALT': {'allele': 'G', 'hp': 2, 'count': 11}}

chr10:120289861 --> {'REF': {'allele': 'A', 'hp': 2, 'count': 11}, 'ALT': {'allele': 'G', 'hp': 1, 'count': 10}}

chr10:120884094 --> {'REF': {'allele': 'T', 'hp': 2, 'count': 17}, 'ALT': {'allele': 'C', 'hp': 1, 'count': 13}}

chr10:121202229 --> {'REF': {'allele': 'G', 'hp': 2, 'count': 21}, 'ALT': {'allele': 'A', 'hp': 1, 'count': 19}}

chr10:121484951 --> {'REF': {'allele': 'G', 'hp': 2, 'count': 15}, 'ALT': {'allele': 'A', 'hp': 1, 'count': 14}}

chr10:121766425 --> {'REF': {'allele': 'C', 'hp': 1, 'count': 26}, 'ALT': {'allele': 'T', 'hp': 2, 'count': 23}}

chr10:122646304 --> {'REF': {'allele': 'A', 'hp': 1, 'count': 23}, 'ALT': {'allele': 'G', 'hp': 2, 'count': 19}}

chr10:123059644 --> {'REF': {'allele': 'T', 'hp': 2, 'count': 12}, 'ALT': {'allele': 'C', 'hp': 1, 'count': 11}}

chr10:123917441 --> {'REF': {'allele': 'G', 'hp': 2, 'count': 18}, 'ALT': {'allele': 'A', 'hp': 1, 'count': 16}}

chr10:124237288 --> {'REF': {'allele': 'G', 'hp': 1, 'count': 18}, 'ALT': {'allele': 'A', 'hp': 2, 'count': 14}}

chr10:126025529 --> {'REF': {'allele': 'A', 'hp': 1, 'count': 13}, 'ALT': {'allele': 'G', 'hp': 2, 'count': 11}}

chr10:127291693 --> {'REF': {'allele': 'C', 'hp': 1, 'count': 21}, 'ALT': {'allele': 'T', 'hp': 2, 'count': 18}}

chr10:127636963 --> {'REF': {'allele': 'G', 'hp': 1, 'count': 21}, 'ALT': {'allele': 'A', 'hp': 2, 'count': 16}}

chr10:127946163 --> {'REF': {'allele': 'C', 'hp': 1, 'count': 15}, 'ALT': {'allele': 'T', 'hp': 2, 'count': 14}}

chr10:128355528 --> {'REF': {'allele': 'G', 'hp': 1, 'count': 17}, 'ALT': {'allele': 'A', 'hp': 2, 'count': 10}}

chr10:129321353 --> {'REF': {'allele': 'C', 'hp': 1, 'count': 21}, 'ALT': {'allele': 'A', 'hp': 2, 'count': 16}}

chr10:129437234 --> {'REF': {'allele': 'T', 'hp': 1, 'count': 21}, 'ALT': {'allele': 'C', 'hp': 2, 'count': 10}}

chr10:130082939 --> {'REF': {'allele': 'G', 'hp': 1, 'count': 19}, 'ALT': {'allele': 'A', 'hp': 2, 'count': 16}}

chr10:130267886 --> {'REF': {'allele': 'T', 'hp': 1, 'count': 18}, 'ALT': {'allele': 'C', 'hp': 2, 'count': 15}}

chr10:131552797 --> {'REF': {'allele': 'C', 'hp': 2, 'count': 16}, 'ALT': {'allele': 'T', 'hp': 1, 'count': 13}}

chr10:133293003 --> {'REF': {'allele': 'T', 'hp': 1, 'count': 10}, 'ALT': {'allele': 'T', 'hp': 1, 'count': 10}}

chr10:133455781 --> {'REF': {'allele': 'G', 'hp': 2, 'count': 13}, 'ALT': {'allele': 'T', 'hp': 1, 'count': 10}}

chr10:134351729 --> {'REF': {'allele': 'G', 'hp': 2, 'count': 12}, 'ALT': {'allele': 'A', 'hp': 1, 'count': 11}}

chr1:3573610 --> {'REF': {'allele': 'T', 'hp': 1, 'count': 12}, 'ALT': {'allele': 'C', 'hp': 2, 'count': 10}}

chr1:4055082 --> {'REF': {'allele': 'T', 'hp': 1, 'count': 16}, 'ALT': {'allele': 'T', 'hp': 1, 'count': 16}}

chr1:4343733 --> {'REF': {'allele': 'C', 'hp': 2, 'count': 17}, 'ALT': {'allele': 'A', 'hp': 1, 'count': 13}}

chr1:5782598 --> {'REF': {'allele': 'T', 'hp': 2, 'count': 11}, 'ALT': {'allele': 'A', 'hp': 1, 'count': 9}}

chr1:6798843 --> {'REF': {'allele': 'A', 'hp': 1, 'count': 20}, 'ALT': {'allele': 'G', 'hp': 2, 'count': 16}}

chr1:7662615 --> {'REF': {'allele': 'T', 'hp': 1, 'count': 11}, 'ALT': {'allele': 'G', 'hp': 2, 'count': 10}}

chr1:11033072 --> {'REF': {'allele': 'T', 'hp': 2, 'count': 16}, 'ALT': {'allele': 'C', 'hp': 1, 'count': 10}}

chr1:11751336 --> {'REF': {'allele': 'A', 'hp': 2, 'count': 13}, 'ALT': {'allele': 'G', 'hp': 1, 'count': 11}}

chr1:12359876 --> {'REF': {'allele': 'C', 'hp': 2, 'count': 17}, 'ALT': {'allele': 'A', 'hp': 1, 'count': 15}}

chr1:13006371 --> {'REF': {'allele': 'A', 'hp': 1, 'count': 19}, 'ALT': {'allele': 'T', 'hp': 2, 'count': 14}}

chr1:14299648 --> {'REF': {'allele': 'G', 'hp': 2, 'count': 15}, 'ALT': {'allele': 'A', 'hp': 1, 'count': 10}}

chr1:14630163 --> {'REF': {'allele': 'C', 'hp': 1, 'count': 9}, 'ALT': {'allele': 'C', 'hp': 1, 'count': 9}}

chr1:14816709 --> {'REF': {'allele': 'G', 'hp': 2, 'count': 12}, 'ALT': {'allele': 'C', 'hp': 1, 'count': 10}}

chr1:15853790 --> {'REF': {'allele': 'G', 'hp': 2, 'count': 13}, 'ALT': {'allele': 'T', 'hp': 1, 'count': 11}}

chr1:17621492 --> {'REF': {'allele': 'T', 'hp': 1, 'count': 15}, 'ALT': {'allele': 'C', 'hp': 2, 'count': 11}}

chr1:18163078 --> {'REF': {'allele': 'G', 'hp': 1, 'count': 13}, 'ALT': {'allele': 'A', 'hp': 2, 'count': 11}}

chr1:18261291 --> {'REF': {'allele': 'T', 'hp': 2, 'count': 17}, 'ALT': {'allele': 'C', 'hp': 1, 'count': 13}}

chr1:18689346 --> {'REF': {'allele': 'A', 'hp': 1, 'count': 10}, 'ALT': {'allele': 'A', 'hp': 1, 'count': 10}}

chr1:19212463 --> {'REF': {'allele': 'G', 'hp': 1, 'count': 14}, 'ALT': {'allele': 'C', 'hp': 2, 'count': 13}}

chr1:19827844 --> {'REF': {'allele': 'T', 'hp': 1, 'count': 25}, 'ALT': {'allele': 'C', 'hp': 2, 'count': 18}}

chr1:20763475 --> {'REF': {'allele': 'C', 'hp': 1, 'count': 30}, 'ALT': {'allele': 'T', 'hp': 2, 'count': 22}}

chr1:21168140 --> {'REF': {'allele': 'C', 'hp': 1, 'count': 14}, 'ALT': {'allele': 'T', 'hp': 2, 'count': 10}}

chr1:22134813 --> {'REF': {'allele': 'C', 'hp': 2, 'count': 15}, 'ALT': {'allele': 'G', 'hp': 1, 'count': 13}}

chr1:22461417 --> {'REF': {'allele': 'T', 'hp': 1, 'count': 16}, 'ALT': {'allele': 'G', 'hp': 2, 'count': 13}}

chr1:24027896 --> {'REF': {'allele': 'A', 'hp': 1, 'count': 12}, 'ALT': {'allele': 'G', 'hp': 2, 'count': 11}}

chr1:24155111 --> {'REF': {'allele': 'G', 'hp': 2, 'count': 14}, 'ALT': {'allele': 'A', 'hp': 1, 'count': 12}}

chr1:24619730 --> {'REF': {'allele': 'G', 'hp': 1, 'count': 22}, 'ALT': {'allele': 'A', 'hp': 2, 'count': 20}}

chr1:25506245 --> {'REF': {'allele': 'G', 'hp': 2, 'count': 12}, 'ALT': {'allele': 'A', 'hp': 1, 'count': 11}}

chr1:25985430 --> {'REF': {'allele': 'G', 'hp': 2, 'count': 17}, 'ALT': {'allele': 'A', 'hp': 1, 'count': 10}}

chr1:26222921 --> {'REF': {'allele': 'T', 'hp': 1, 'count': 12}, 'ALT': {'allele': 'C', 'hp': 2, 'count': 9}}

chr1:26253998 --> {'REF': {'allele': 'T', 'hp': 2, 'count': 16}, 'ALT': {'allele': 'A', 'hp': 1, 'count': 15}}

chr1:26509387 --> {'REF': {'allele': 'C', 'hp': 2, 'count': 11}, 'ALT': {'allele': 'A', 'hp': 1, 'count': 10}}

chr1:29252370 --> {'REF': {'allele': 'T', 'hp': 1, 'count': 16}, 'ALT': {'allele': 'C', 'hp': 2, 'count': 12}}

chr1:29335079 --> {'REF': {'allele': 'C', 'hp': 1, 'count': 16}, 'ALT': {'allele': 'T', 'hp': 2, 'count': 14}}

chr1:29451871 --> {'REF': {'allele': 'G', 'hp': 2, 'count': 12}, 'ALT': {'allele': 'A', 'hp': 1, 'count': 11}}

chr1:29744594 --> {'REF': {'allele': 'G', 'hp': 1, 'count': 16}, 'ALT': {'allele': 'A', 'hp': 2, 'count': 15}}

chr1:29908624 --> {'REF': {'allele': 'G', 'hp': 1, 'count': 16}, 'ALT': {'allele': 'A', 'hp': 2, 'count': 13}}

chr1:30103108 --> {'REF': {'allele': 'C', 'hp': 1, 'count': 17}, 'ALT': {'allele': 'T', 'hp': 2, 'count': 10}}

chr1:31023930 --> {'REF': {'allele': 'G', 'hp': 2, 'count': 14}, 'ALT': {'allele': 'A', 'hp': 1, 'count': 10}}

chr1:32645160 --> {'REF': {'allele': 'A', 'hp': 1, 'count': 19}, 'ALT': {'allele': 'G', 'hp': 2, 'count': 15}}

chr1:33401833 --> {'REF': {'allele': 'A', 'hp': 2, 'count': 21}, 'ALT': {'allele': 'G', 'hp': 1, 'count': 9}}

chr1:33550471 --> {'REF': {'allele': 'A', 'hp': 2, 'count': 18}, 'ALT': {'allele': 'G', 'hp': 1, 'count': 17}}

chr1:33692452 --> {'REF': {'allele': 'T', 'hp': 1, 'count': 18}, 'ALT': {'allele': 'C', 'hp': 2, 'count': 11}}

chr1:34514330 --> {'REF': {'allele': 'A', 'hp': 2, 'count': 17}, 'ALT': {'allele': 'G', 'hp': 1, 'count': 10}}

chr1:36059512 --> {'REF': {'allele': 'A', 'hp': 2, 'count': 11}, 'ALT': {'allele': 'G', 'hp': 1, 'count': 10}}

chr1:36848695 --> {'REF': {'allele': 'G', 'hp': 2, 'count': 13}, 'ALT': {'allele': 'T', 'hp': 1, 'count': 10}}

chr1:38074779 --> {'REF': {'allele': 'A', 'hp': 2, 'count': 17}, 'ALT': {'allele': 'G', 'hp': 1, 'count': 16}}

chr1:38245739 --> {'REF': {'allele': 'C', 'hp': 2, 'count': 25}, 'ALT': {'allele': 'T', 'hp': 1, 'count': 21}}

chr1:40314760 --> {'REF': {'allele': 'G', 'hp': 2, 'count': 18}, 'ALT': {'allele': 'A', 'hp': 1, 'count': 13}}

chr1:40657828 --> {'REF': {'allele': 'A', 'hp': 1, 'count': 9}, 'ALT': {'allele': 'A', 'hp': 1, 'count': 9}}

chr1:41447286 --> {'REF': {'allele': 'C', 'hp': 2, 'count': 15}, 'ALT': {'allele': 'T', 'hp': 1, 'count': 12}}

chr1:42469191 --> {'REF': {'allele': 'G', 'hp': 1, 'count': 23}, 'ALT': {'allele': 'G', 'hp': 1, 'count': 23}}

chr1:42683052 --> {'REF': {'allele': 'C', 'hp': 2, 'count': 18}, 'ALT': {'allele': 'T', 'hp': 1, 'count': 14}}

chr1:43197686 --> {'REF': {'allele': 'C', 'hp': 2, 'count': 12}, 'ALT': {'allele': 'T', 'hp': 1, 'count': 11}}

chr1:47124514 --> {'REF': {'allele': 'G', 'hp': 1, 'count': 15}, 'ALT': {'allele': 'A', 'hp': 2, 'count': 11}}

chr1:47871062 --> {'REF': {'allele': 'T', 'hp': 1, 'count': 18}, 'ALT': {'allele': 'C', 'hp': 2, 'count': 12}}

chr1:48116214 --> {'REF': {'allele': 'G', 'hp': 2, 'count': 14}, 'ALT': {'allele': 'A', 'hp': 1, 'count': 10}}

chr1:48466699 --> {'REF': {'allele': 'A', 'hp': 1, 'count': 13}, 'ALT': {'allele': 'G', 'hp': 2, 'count': 11}}

chr1:50720194 --> {'REF': {'allele': 'A', 'hp': 2, 'count': 28}, 'ALT': {'allele': 'G', 'hp': 1, 'count': 25}}

chr1:52321150 --> {'REF': {'allele': 'G', 'hp': 1, 'count': 19}, 'ALT': {'allele': 'A', 'hp': 2, 'count': 17}}

chr1:53244206 --> {'REF': {'allele': 'C', 'hp': 2, 'count': 22}, 'ALT': {'allele': 'T', 'hp': 1, 'count': 10}}

chr1:54797816 --> {'REF': {'allele': 'G', 'hp': 1, 'count': 14}, 'ALT': {'allele': 'T', 'hp': 2, 'count': 11}}

chr1:56148792 --> {'REF': {'allele': 'C', 'hp': 1, 'count': 33}, 'ALT': {'allele': 'T', 'hp': 2, 'count': 16}}

chr1:56500039 --> {'REF': {'allele': 'C', 'hp': 1, 'count': 26}, 'ALT': {'allele': 'A', 'hp': 2, 'count': 24}}

chr1:56923834 --> {'REF': {'allele': 'A', 'hp': 1, 'count': 18}, 'ALT': {'allele': 'C', 'hp': 2, 'count': 12}}

chr1:57293801 --> {'REF': {'allele': 'A', 'hp': 2, 'count': 26}, 'ALT': {'allele': 'G', 'hp': 1, 'count': 15}}

chr1:57374861 --> {'REF': {'allele': 'A', 'hp': 1, 'count': 21}, 'ALT': {'allele': 'T', 'hp': 2, 'count': 19}}

chr1:57522909 --> {'REF': {'allele': 'G', 'hp': 1, 'count': 24}, 'ALT': {'allele': 'A', 'hp': 2, 'count': 20}}

chr1:58806896 --> {'REF': {'allele': 'C', 'hp': 2, 'count': 20}, 'ALT': {'allele': 'T', 'hp': 1, 'count': 13}}

chr1:58983103 --> {'REF': {'allele': 'A', 'hp': 1, 'count': 33}, 'ALT': {'allele': 'G', 'hp': 2, 'count': 16}}

chr1:60125095 --> {'REF': {'allele': 'T', 'hp': 1, 'count': 27}, 'ALT': {'allele': 'C', 'hp': 2, 'count': 26}}

chr1:61085353 --> {'REF': {'allele': 'G', 'hp': 1, 'count': 18}, 'ALT': {'allele': 'A', 'hp': 2, 'count': 15}}

chr1:61916947 --> {'REF': {'allele': 'T', 'hp': 1, 'count': 16}, 'ALT': {'allele': 'C', 'hp': 2, 'count': 14}}

chr1:62217384 --> {'REF': {'allele': 'T', 'hp': 2, 'count': 12}, 'ALT': {'allele': 'G', 'hp': 1, 'count': 10}}

chr1:62959507 --> {'REF': {'allele': 'A', 'hp': 2, 'count': 18}, 'ALT': {'allele': 'G', 'hp': 1, 'count': 17}}

chr1:63905998 --> {'REF': {'allele': 'C', 'hp': 2, 'count': 31}, 'ALT': {'allele': 'T', 'hp': 1, 'count': 18}}

chr1:64035823 --> {'REF': {'allele': 'C', 'hp': 2, 'count': 27}, 'ALT': {'allele': 'T', 'hp': 1, 'count': 13}}

chr1:65609017 --> {'REF': {'allele': 'T', 'hp': 2, 'count': 26}, 'ALT': {'allele': 'C', 'hp': 1, 'count': 23}}

chr1:67357775 --> {'REF': {'allele': 'A', 'hp': 1, 'count': 18}, 'ALT': {'allele': 'T', 'hp': 2, 'count': 13}}

chr1:67443975 --> {'REF': {'allele': 'G', 'hp': 1, 'count': 21}, 'ALT': {'allele': 'A', 'hp': 2, 'count': 14}}

chr1:67630247 --> {'REF': {'allele': 'T', 'hp': 1, 'count': 17}, 'ALT': {'allele': 'C', 'hp': 2, 'count': 13}}

chr1:67980331 --> {'REF': {'allele': 'G', 'hp': 2, 'count': 21}, 'ALT': {'allele': 'A', 'hp': 1, 'count': 15}}

chr1:68345445 --> {'REF': {'allele': 'A', 'hp': 1, 'count': 26}, 'ALT': {'allele': 'G', 'hp': 2, 'count': 21}}

chr1:69350527 --> {'REF': {'allele': 'C', 'hp': 2, 'count': 39}, 'ALT': {'allele': 'T', 'hp': 1, 'count': 25}}

chr1:69692001 --> {'REF': {'allele': 'A', 'hp': 2, 'count': 25}, 'ALT': {'allele': 'G', 'hp': 1, 'count': 18}}

chr1:70009773 --> {'REF': {'allele': 'G', 'hp': 2, 'count': 24}, 'ALT': {'allele': 'A', 'hp': 1, 'count': 20}}

chr1:70347631 --> {'REF': {'allele': 'T', 'hp': 2, 'count': 24}, 'ALT': {'allele': 'C', 'hp': 1, 'count': 13}}

chr1:72105640 --> {'REF': {'allele': 'C', 'hp': 1, 'count': 27}, 'ALT': {'allele': 'T', 'hp': 2, 'count': 26}}

chr1:73440260 --> {'REF': {'allele': 'T', 'hp': 2, 'count': 40}, 'ALT': {'allele': 'C', 'hp': 1, 'count': 26}}

chr1:75912575 --> {'REF': {'allele': 'G', 'hp': 1, 'count': 21}, 'ALT': {'allele': 'G', 'hp': 1, 'count': 21}}

chr1:76156013 --> {'REF': {'allele': 'T', 'hp': 1, 'count': 27}, 'ALT': {'allele': 'A', 'hp': 2, 'count': 26}}

chr1:76247889 --> {'REF': {'allele': 'T', 'hp': 2, 'count': 35}, 'ALT': {'allele': 'C', 'hp': 1, 'count': 19}}

chr1:76557273 --> {'REF': {'allele': 'T', 'hp': 2, 'count': 24}, 'ALT': {'allele': 'G', 'hp': 1, 'count': 17}}

chr1:76710811 --> {'REF': {'allele': 'A', 'hp': 1, 'count': 23}, 'ALT': {'allele': 'C', 'hp': 2, 'count': 17}}

chr1:77941784 --> {'REF': {'allele': 'T', 'hp': 2, 'count': 16}, 'ALT': {'allele': 'C', 'hp': 1, 'count': 14}}

chr1:78293163 --> {'REF': {'allele': 'C', 'hp': 1, 'count': 26}, 'ALT': {'allele': 'C', 'hp': 1, 'count': 26}}

chr1:78649133 --> {'REF': {'allele': 'G', 'hp': 2, 'count': 22}, 'ALT': {'allele': 'A', 'hp': 1, 'count': 19}}

chr1:79103126 --> {'REF': {'allele': 'T', 'hp': 2, 'count': 26}, 'ALT': {'allele': 'C', 'hp': 1, 'count': 23}}

chr1:79415300 --> {'REF': {'allele': 'A', 'hp': 2, 'count': 29}, 'ALT': {'allele': 'G', 'hp': 1, 'count': 26}}

chr1:79550727 --> {'REF': {'allele': 'A', 'hp': 1, 'count': 29}, 'ALT': {'allele': 'T', 'hp': 2, 'count': 25}}

chr1:80509986 --> {'REF': {'allele': 'T', 'hp': 2, 'count': 31}, 'ALT': {'allele': 'C', 'hp': 1, 'count': 27}}

chr1:81754587 --> {'REF': {'allele': 'C', 'hp': 2, 'count': 28}, 'ALT': {'allele': 'T', 'hp': 1, 'count': 27}}

chr1:82539818 --> {'REF': {'allele': 'A', 'hp': 2, 'count': 27}, 'ALT': {'allele': 'G', 'hp': 1, 'count': 24}}

chr1:83025123 --> {'REF': {'allele': 'C', 'hp': 1, 'count': 30}, 'ALT': {'allele': 'G', 'hp': 2, 'count': 20}}

chr1:84230477 --> {'REF': {'allele': 'T', 'hp': 2, 'count': 15}, 'ALT': {'allele': 'T', 'hp': 2, 'count': 15}}

chr1:85078112 --> {'REF': {'allele': 'G', 'hp': 2, 'count': 21}, 'ALT': {'allele': 'A', 'hp': 1, 'count': 16}}

chr1:85847412 --> {'REF': {'allele': 'C', 'hp': 1, 'count': 33}, 'ALT': {'allele': 'A', 'hp': 2, 'count': 26}}

chr1:86180728 --> {'REF': {'allele': 'G', 'hp': 1, 'count': 26}, 'ALT': {'allele': 'T', 'hp': 2, 'count': 19}}

chr1:87238343 --> {'REF': {'allele': 'A', 'hp': 2, 'count': 24}, 'ALT': {'allele': 'G', 'hp': 1, 'count': 19}}

chr1:87482112 --> {'REF': {'allele': 'G', 'hp': 1, 'count': 22}, 'ALT': {'allele': 'T', 'hp': 2, 'count': 16}}

chr1:87612057 --> {'REF': {'allele': 'C', 'hp': 1, 'count': 29}, 'ALT': {'allele': 'A', 'hp': 2, 'count': 26}}

chr1:88874067 --> {'REF': {'allele': 'A', 'hp': 1, 'count': 26}, 'ALT': {'allele': 'G', 'hp': 2, 'count': 20}}

chr1:89514765 --> {'REF': {'allele': 'A', 'hp': 1, 'count': 25}, 'ALT': {'allele': 'G', 'hp': 2, 'count': 20}}

chr1:89715131 --> {'REF': {'allele': 'A', 'hp': 1, 'count': 29}, 'ALT': {'allele': 'T', 'hp': 2, 'count': 19}}

chr1:90258069 --> {'REF': {'allele': 'G', 'hp': 1, 'count': 23}, 'ALT': {'allele': 'T', 'hp': 2, 'count': 22}}

chr1:90480466 --> {'REF': {'allele': 'C', 'hp': 2, 'count': 30}, 'ALT': {'allele': 'G', 'hp': 1, 'count': 16}}

chr1:91843905 --> {'REF': {'allele': 'A', 'hp': 2, 'count': 21}, 'ALT': {'allele': 'G', 'hp': 1, 'count': 11}}

chr1:92401205 --> {'REF': {'allele': 'C', 'hp': 1, 'count': 23}, 'ALT': {'allele': 'T', 'hp': 2, 'count': 16}}

chr1:93386474 --> {'REF': {'allele': 'T', 'hp': 2, 'count': 23}, 'ALT': {'allele': 'T', 'hp': 2, 'count': 23}}

chr1:94146993 --> {'REF': {'allele': 'A', 'hp': 1, 'count': 25}, 'ALT': {'allele': 'G', 'hp': 2, 'count': 23}}

chr1:94684053 --> {'REF': {'allele': 'G', 'hp': 2, 'count': 23}, 'ALT': {'allele': 'A', 'hp': 1, 'count': 16}}

chr1:95261944 --> {'REF': {'allele': 'T', 'hp': 1, 'count': 19}, 'ALT': {'allele': 'A', 'hp': 2, 'count': 13}}

chr1:95543497 --> {'REF': {'allele': 'C', 'hp': 2, 'count': 29}, 'ALT': {'allele': 'G', 'hp': 1, 'count': 27}}

chr1:95656442 --> {'REF': {'allele': 'C', 'hp': 2, 'count': 18}, 'ALT': {'allele': 'T', 'hp': 1, 'count': 17}}

chr1:96843968 --> {'REF': {'allele': 'C', 'hp': 1, 'count': 19}, 'ALT': {'allele': 'G', 'hp': 2, 'count': 15}}

chr1:96958822 --> {'REF': {'allele': 'T', 'hp': 1, 'count': 33}, 'ALT': {'allele': 'C', 'hp': 2, 'count': 25}}

chr1:97203614 --> {'REF': {'allele': 'G', 'hp': 1, 'count': 31}, 'ALT': {'allele': 'A', 'hp': 2, 'count': 27}}

chr1:98255858 --> {'REF': {'allele': 'C', 'hp': 2, 'count': 29}, 'ALT': {'allele': 'T', 'hp': 1, 'count': 19}}

chr1:98527047 --> {'REF': {'allele': 'T', 'hp': 2, 'count': 25}, 'ALT': {'allele': 'A', 'hp': 1, 'count': 22}}

chr1:100886600 --> {'REF': {'allele': 'G', 'hp': 2, 'count': 24}, 'ALT': {'allele': 'A', 'hp': 1, 'count': 22}}

chr1:101568133 --> {'REF': {'allele': 'T', 'hp': 1, 'count': 22}, 'ALT': {'allele': 'C', 'hp': 2, 'count': 21}}

chr1:103411311 --> {'REF': {'allele': 'G', 'hp': 1, 'count': 30}, 'ALT': {'allele': 'C', 'hp': 2, 'count': 27}}

chr1:104245540 --> {'REF': {'allele': 'A', 'hp': 2, 'count': 31}, 'ALT': {'allele': 'G', 'hp': 1, 'count': 20}}

chr1:104722054 --> {'REF': {'allele': 'C', 'hp': 1, 'count': 36}, 'ALT': {'allele': 'T', 'hp': 2, 'count': 29}}

chr1:105267232 --> {'REF': {'allele': 'A', 'hp': 2, 'count': 35}, 'ALT': {'allele': 'C', 'hp': 1, 'count': 25}}

chr1:105622861 --> {'REF': {'allele': 'G', 'hp': 1, 'count': 29}, 'ALT': {'allele': 'A', 'hp': 2, 'count': 23}}

chr1:106312473 --> {'REF': {'allele': 'G', 'hp': 1, 'count': 32}, 'ALT': {'allele': 'A', 'hp': 2, 'count': 18}}

chr1:106875345 --> {'REF': {'allele': 'T', 'hp': 2, 'count': 27}, 'ALT': {'allele': 'C', 'hp': 1, 'count': 24}}

chr1:106986426 --> {'REF': {'allele': 'A', 'hp': 2, 'count': 22}, 'ALT': {'allele': 'C', 'hp': 1, 'count': 20}}

chr1:107263627 --> {'REF': {'allele': 'A', 'hp': 2, 'count': 22}, 'ALT': {'allele': 'G', 'hp': 1, 'count': 21}}

chr1:107840696 --> {'REF': {'allele': 'C', 'hp': 1, 'count': 33}, 'ALT': {'allele': 'T', 'hp': 2, 'count': 27}}

chr1:108855397 --> {'REF': {'allele': 'T', 'hp': 2, 'count': 20}, 'ALT': {'allele': 'C', 'hp': 1, 'count': 11}}

chr1:109112123 --> {'REF': {'allele': 'C', 'hp': 1, 'count': 17}, 'ALT': {'allele': 'A', 'hp': 2, 'count': 13}}

chr1:109960309 --> {'REF': {'allele': 'T', 'hp': 2, 'count': 23}, 'ALT': {'allele': 'G', 'hp': 1, 'count': 19}}

chr1:111097469 --> {'REF': {'allele': 'C', 'hp': 2, 'count': 24}, 'ALT': {'allele': 'T', 'hp': 1, 'count': 17}}

chr1:111596193 --> {'REF': {'allele': 'A', 'hp': 2, 'count': 21}, 'ALT': {'allele': 'C', 'hp': 1, 'count': 19}}

chr1:112767683 --> {'REF': {'allele': 'A', 'hp': 1, 'count': 13}, 'ALT': {'allele': 'C', 'hp': 2, 'count': 9}}

chr1:113388764 --> {'REF': {'allele': 'G', 'hp': 2, 'count': 27}, 'ALT': {'allele': 'A', 'hp': 1, 'count': 22}}

chr1:113991324 --> {'REF': {'allele': 'G', 'hp': 1, 'count': 23}, 'ALT': {'allele': 'A', 'hp': 2, 'count': 16}}

chr1:114043644 --> {'REF': {'allele': 'G', 'hp': 2, 'count': 15}, 'ALT': {'allele': 'A', 'hp': 1, 'count': 9}}

chr1:115505362 --> {'REF': {'allele': 'G', 'hp': 2, 'count': 18}, 'ALT': {'allele': 'A', 'hp': 1, 'count': 16}}

chr1:115717003 --> {'REF': {'allele': 'C', 'hp': 1, 'count': 12}, 'ALT': {'allele': 'A', 'hp': 2, 'count': 11}}

chr1:116233180 --> {'REF': {'allele': 'C', 'hp': 1, 'count': 18}, 'ALT': {'allele': 'C', 'hp': 1, 'count': 18}}

chr1:116614525 --> {'REF': {'allele': 'A', 'hp': 1, 'count': 19}, 'ALT': {'allele': 'G', 'hp': 2, 'count': 16}}

chr1:116993630 --> {'REF': {'allele': 'T', 'hp': 2, 'count': 21}, 'ALT': {'allele': 'C', 'hp': 1, 'count': 16}}

chr1:117143161 --> {'REF': {'allele': 'G', 'hp': 1, 'count': 14}, 'ALT': {'allele': 'T', 'hp': 2, 'count': 13}}

chr1:118436332 --> {'REF': {'allele': 'C', 'hp': 2, 'count': 26}, 'ALT': {'allele': 'T', 'hp': 1, 'count': 21}}

chr1:118652694 --> {'REF': {'allele': 'T', 'hp': 1, 'count': 21}, 'ALT': {'allele': 'C', 'hp': 2, 'count': 20}}

chr1:119179245 --> {'REF': {'allele': 'A', 'hp': 2, 'count': 17}, 'ALT': {'allele': 'G', 'hp': 1, 'count': 10}}

chr1:119493270 --> {'REF': {'allele': 'T', 'hp': 2, 'count': 20}, 'ALT': {'allele': 'C', 'hp': 1, 'count': 14}}

chr1:126798841 --> {'REF': {'allele': 'T', 'hp': 1, 'count': 20}, 'ALT': {'allele': 'G', 'hp': 2, 'count': 18}}

chr1:142797321 --> {'REF': {'allele': 'G', 'hp': 1, 'count': 11}, 'ALT': {'allele': 'G', 'hp': 1, 'count': 11}}

chr1:146498542 --> {'REF': {'allele': 'A', 'hp': 1, 'count': 14}, 'ALT': {'allele': 'A', 'hp': 1, 'count': 14}}

chr1:147338166 --> {'REF': {'allele': 'C', 'hp': 2, 'count': 22}, 'ALT': {'allele': 'T', 'hp': 1, 'count': 19}}

chr1:149140318 --> {'REF': {'allele': 'C', 'hp': 1, 'count': 19}, 'ALT': {'allele': 'T', 'hp': 2, 'count': 14}}

chr1:151144348 --> {'REF': {'allele': 'C', 'hp': 2, 'count': 18}, 'ALT': {'allele': 'T', 'hp': 1, 'count': 13}}

chr1:151807614 --> {'REF': {'allele': 'C', 'hp': 1, 'count': 20}, 'ALT': {'allele': 'A', 'hp': 2, 'count': 13}}

chr1:152387727 --> {'REF': {'allele': 'A', 'hp': 1, 'count': 14}, 'ALT': {'allele': 'T', 'hp': 2, 'count': 13}}

chr1:153781458 --> {'REF': {'allele': 'G', 'hp': 2, 'count': 26}, 'ALT': {'allele': 'A', 'hp': 1, 'count': 15}}

chr1:154194682 --> {'REF': {'allele': 'G', 'hp': 2, 'count': 13}, 'ALT': {'allele': 'A', 'hp': 1, 'count': 12}}

chr1:156733265 --> {'REF': {'allele': 'G', 'hp': 1, 'count': 17}, 'ALT': {'allele': 'A', 'hp': 2, 'count': 15}}

chr1:157144794 --> {'REF': {'allele': 'C', 'hp': 2, 'count': 14}, 'ALT': {'allele': 'T', 'hp': 1, 'count': 11}}

chr1:158175599 --> {'REF': {'allele': 'C', 'hp': 1, 'count': 32}, 'ALT': {'allele': 'T', 'hp': 2, 'count': 22}}

chr1:158591550 --> {'REF': {'allele': 'C', 'hp': 2, 'count': 24}, 'ALT': {'allele': 'G', 'hp': 1, 'count': 19}}

chr1:159169515 --> {'REF': {'allele': 'C', 'hp': 2, 'count': 21}, 'ALT': {'allele': 'G', 'hp': 1, 'count': 17}}

chr1:159811613 --> {'REF': {'allele': 'G', 'hp': 2, 'count': 20}, 'ALT': {'allele': 'T', 'hp': 1, 'count': 15}}

chr1:160397155 --> {'REF': {'allele': 'T', 'hp': 2, 'count': 14}, 'ALT': {'allele': 'C', 'hp': 1, 'count': 11}}

chr1:161330174 --> {'REF': {'allele': 'G', 'hp': 2, 'count': 16}, 'ALT': {'allele': 'A', 'hp': 1, 'count': 13}}

chr1:161655495 --> {'REF': {'allele': 'G', 'hp': 2, 'count': 18}, 'ALT': {'allele': 'A', 'hp': 1, 'count': 17}}

chr1:162011830 --> {'REF': {'allele': 'A', 'hp': 2, 'count': 23}, 'ALT': {'allele': 'G', 'hp': 1, 'count': 18}}

chr1:162196909 --> {'REF': {'allele': 'A', 'hp': 1, 'count': 27}, 'ALT': {'allele': 'G', 'hp': 2, 'count': 22}}

chr1:162697697 --> {'REF': {'allele': 'A', 'hp': 2, 'count': 34}, 'ALT': {'allele': 'G', 'hp': 1, 'count': 22}}

chr1:163471549 --> {'REF': {'allele': 'T', 'hp': 2, 'count': 26}, 'ALT': {'allele': 'C', 'hp': 1, 'count': 20}}

chr1:163885691 --> {'REF': {'allele': 'A', 'hp': 1, 'count': 23}, 'ALT': {'allele': 'G', 'hp': 2, 'count': 17}}

chr1:165034978 --> {'REF': {'allele': 'C', 'hp': 2, 'count': 18}, 'ALT': {'allele': 'T', 'hp': 1, 'count': 15}}

chr1:165375581 --> {'REF': {'allele': 'G', 'hp': 2, 'count': 26}, 'ALT': {'allele': 'A', 'hp': 1, 'count': 10}}

chr1:166386783 --> {'REF': {'allele': 'T', 'hp': 2, 'count': 29}, 'ALT': {'allele': 'C', 'hp': 1, 'count': 13}}

chr1:166475967 --> {'REF': {'allele': 'C', 'hp': 2, 'count': 17}, 'ALT': {'allele': 'C', 'hp': 2, 'count': 17}}

chr1:166855642 --> {'REF': {'allele': 'T', 'hp': 1, 'count': 16}, 'ALT': {'allele': 'A', 'hp': 2, 'count': 14}}

chr1:167808130 --> {'REF': {'allele': 'G', 'hp': 1, 'count': 18}, 'ALT': {'allele': 'A', 'hp': 2, 'count': 9}}

chr1:168236194 --> {'REF': {'allele': 'T', 'hp': 1, 'count': 22}, 'ALT': {'allele': 'T', 'hp': 1, 'count': 22}}

chr1:169658450 --> {'REF': {'allele': 'G', 'hp': 2, 'count': 28}, 'ALT': {'allele': 'A', 'hp': 1, 'count': 24}}

chr1:172726522 --> {'REF': {'allele': 'A', 'hp': 1, 'count': 18}, 'ALT': {'allele': 'A', 'hp': 1, 'count': 18}}

chr1:174517537 --> {'REF': {'allele': 'T', 'hp': 2, 'count': 23}, 'ALT': {'allele': 'G', 'hp': 1, 'count': 16}}

chr1:174805615 --> {'REF': {'allele': 'C', 'hp': 1, 'count': 16}, 'ALT': {'allele': 'C', 'hp': 1, 'count': 16}}

chr1:176544134 --> {'REF': {'allele': 'A', 'hp': 2, 'count': 19}, 'ALT': {'allele': 'G', 'hp': 1, 'count': 16}}

chr1:176988780 --> {'REF': {'allele': 'C', 'hp': 2, 'count': 23}, 'ALT': {'allele': 'T', 'hp': 1, 'count': 22}}

chr1:177350521 --> {'REF': {'allele': 'C', 'hp': 2, 'count': 19}, 'ALT': {'allele': 'A', 'hp': 1, 'count': 12}}

chr1:179019645 --> {'REF': {'allele': 'C', 'hp': 2, 'count': 29}, 'ALT': {'allele': 'T', 'hp': 1, 'count': 27}}

chr1:180451720 --> {'REF': {'allele': 'G', 'hp': 2, 'count': 17}, 'ALT': {'allele': 'A', 'hp': 1, 'count': 14}}

chr1:180587336 --> {'REF': {'allele': 'C', 'hp': 1, 'count': 14}, 'ALT': {'allele': 'T', 'hp': 2, 'count': 13}}

chr1:180638516 --> {'REF': {'allele': 'G', 'hp': 2, 'count': 22}, 'ALT': {'allele': 'A', 'hp': 1, 'count': 19}}

chr1:181696373 --> {'REF': {'allele': 'A', 'hp': 2, 'count': 14}, 'ALT': {'allele': 'G', 'hp': 1, 'count': 11}}

chr1:182700530 --> {'REF': {'allele': 'A', 'hp': 2, 'count': 15}, 'ALT': {'allele': 'C', 'hp': 1, 'count': 11}}

chr1:183214667 --> {'REF': {'allele': 'A', 'hp': 2, 'count': 17}, 'ALT': {'allele': 'G', 'hp': 1, 'count': 14}}

chr1:183394906 --> {'REF': {'allele': 'C', 'hp': 2, 'count': 22}, 'ALT': {'allele': 'T', 'hp': 1, 'count': 20}}

chr1:183772343 --> {'REF': {'allele': 'T', 'hp': 1, 'count': 25}, 'ALT': {'allele': 'C', 'hp': 2, 'count': 19}}

chr1:184177602 --> {'REF': {'allele': 'T', 'hp': 2, 'count': 23}, 'ALT': {'allele': 'C', 'hp': 1, 'count': 16}}

chr1:184998323 --> {'REF': {'allele': 'C', 'hp': 2, 'count': 26}, 'ALT': {'allele': 'T', 'hp': 1, 'count': 25}}

chr1:185351942 --> {'REF': {'allele': 'A', 'hp': 1, 'count': 40}, 'ALT': {'allele': 'G', 'hp': 2, 'count': 35}}

chr1:187551861 --> {'REF': {'allele': 'T', 'hp': 1, 'count': 32}, 'ALT': {'allele': 'A', 'hp': 2, 'count': 21}}

chr1:188112277 --> {'REF': {'allele': 'G', 'hp': 1, 'count': 25}, 'ALT': {'allele': 'A', 'hp': 2, 'count': 18}}

chr1:189862744 --> {'REF': {'allele': 'C', 'hp': 2, 'count': 33}, 'ALT': {'allele': 'T', 'hp': 1, 'count': 18}}

chr1:190657120 --> {'REF': {'allele': 'A', 'hp': 1, 'count': 32}, 'ALT': {'allele': 'C', 'hp': 2, 'count': 18}}

chr1:192828593 --> {'REF': {'allele': 'G', 'hp': 1, 'count': 23}, 'ALT': {'allele': 'A', 'hp': 2, 'count': 20}}

chr1:193089355 --> {'REF': {'allele': 'T', 'hp': 1, 'count': 24}, 'ALT': {'allele': 'C', 'hp': 2, 'count': 23}}

chr1:193628575 --> {'REF': {'allele': 'A', 'hp': 2, 'count': 18}, 'ALT': {'allele': 'G', 'hp': 1, 'count': 14}}

chr1:195019045 --> {'REF': {'allele': 'T', 'hp': 1, 'count': 38}, 'ALT': {'allele': 'C', 'hp': 2, 'count': 27}}

chr1:195410000 --> {'REF': {'allele': 'T', 'hp': 1, 'count': 26}, 'ALT': {'allele': 'G', 'hp': 2, 'count': 25}}

chr1:196058758 --> {'REF': {'allele': 'G', 'hp': 2, 'count': 25}, 'ALT': {'allele': 'A', 'hp': 1, 'count': 19}}

chr1:196284435 --> {'REF': {'allele': 'G', 'hp': 2, 'count': 35}, 'ALT': {'allele': 'A', 'hp': 1, 'count': 24}}

chr1:197341619 --> {'REF': {'allele': 'C', 'hp': 1, 'count': 22}, 'ALT': {'allele': 'G', 'hp': 2, 'count': 15}}

chr1:198375597 --> {'REF': {'allele': 'C', 'hp': 2, 'count': 26}, 'ALT': {'allele': 'T', 'hp': 1, 'count': 25}}

chr1:198533445 --> {'REF': {'allele': 'T', 'hp': 2, 'count': 25}, 'ALT': {'allele': 'C', 'hp': 1, 'count': 20}}

chr1:198980465 --> {'REF': {'allele': 'G', 'hp': 2, 'count': 21}, 'ALT': {'allele': 'A', 'hp': 1, 'count': 15}}

chr1:200356524 --> {'REF': {'allele': 'A', 'hp': 1, 'count': 14}, 'ALT': {'allele': 'G', 'hp': 2, 'count': 10}}

chr1:202136858 --> {'REF': {'allele': 'C', 'hp': 2, 'count': 20}, 'ALT': {'allele': 'G', 'hp': 1, 'count': 12}}

chr1:202462113 --> {'REF': {'allele': 'A', 'hp': 2, 'count': 14}, 'ALT': {'allele': 'T', 'hp': 1, 'count': 10}}

chr1:204121366 --> {'REF': {'allele': 'A', 'hp': 2, 'count': 19}, 'ALT': {'allele': 'G', 'hp': 1, 'count': 15}}

chr1:204953105 --> {'REF': {'allele': 'G', 'hp': 1, 'count': 14}, 'ALT': {'allele': 'A', 'hp': 2, 'count': 10}}

chr1:205243867 --> {'REF': {'allele': 'C', 'hp': 1, 'count': 13}, 'ALT': {'allele': 'T', 'hp': 2, 'count': 10}}

chr1:206254737 --> {'REF': {'allele': 'A', 'hp': 1, 'count': 28}, 'ALT': {'allele': 'G', 'hp': 2, 'count': 19}}

chr1:206569420 --> {'REF': {'allele': 'C', 'hp': 1, 'count': 25}, 'ALT': {'allele': 'T', 'hp': 2, 'count': 21}}

chr1:207258711 --> {'REF': {'allele': 'A', 'hp': 2, 'count': 13}, 'ALT': {'allele': 'G', 'hp': 1, 'count': 9}}

chr1:207740088 --> {'REF': {'allele': 'A', 'hp': 1, 'count': 23}, 'ALT': {'allele': 'G', 'hp': 2, 'count': 19}}

chr1:208183802 --> {'REF': {'allele': 'T', 'hp': 2, 'count': 25}, 'ALT': {'allele': 'G', 'hp': 1, 'count': 22}}

chr1:210145503 --> {'REF': {'allele': 'T', 'hp': 2, 'count': 23}, 'ALT': {'allele': 'G', 'hp': 1, 'count': 18}}

chr1:210447307 --> {'REF': {'allele': 'A', 'hp': 2, 'count': 13}, 'ALT': {'allele': 'T', 'hp': 1, 'count': 10}}

chr1:211250540 --> {'REF': {'allele': 'T', 'hp': 1, 'count': 23}, 'ALT': {'allele': 'C', 'hp': 2, 'count': 20}}

chr1:211765410 --> {'REF': {'allele': 'A', 'hp': 2, 'count': 17}, 'ALT': {'allele': 'G', 'hp': 1, 'count': 9}}

chr1:212525332 --> {'REF': {'allele': 'A', 'hp': 2, 'count': 32}, 'ALT': {'allele': 'G', 'hp': 1, 'count': 17}}

chr1:212651002 --> {'REF': {'allele': 'C', 'hp': 1, 'count': 20}, 'ALT': {'allele': 'T', 'hp': 2, 'count': 10}}

chr1:212883667 --> {'REF': {'allele': 'A', 'hp': 2, 'count': 21}, 'ALT': {'allele': 'G', 'hp': 1, 'count': 19}}

chr1:213712076 --> {'REF': {'allele': 'C', 'hp': 1, 'count': 21}, 'ALT': {'allele': 'T', 'hp': 2, 'count': 19}}

chr1:214400502 --> {'REF': {'allele': 'C', 'hp': 2, 'count': 30}, 'ALT': {'allele': 'T', 'hp': 1, 'count': 23}}

chr1:215063666 --> {'REF': {'allele': 'C', 'hp': 2, 'count': 32}, 'ALT': {'allele': 'T', 'hp': 1, 'count': 26}}

chr1:215700463 --> {'REF': {'allele': 'T', 'hp': 1, 'count': 28}, 'ALT': {'allele': 'C', 'hp': 2, 'count': 24}}

chr1:215828869 --> {'REF': {'allele': 'G', 'hp': 2, 'count': 32}, 'ALT': {'allele': 'A', 'hp': 1, 'count': 28}}

chr1:216230936 --> {'REF': {'allele': 'C', 'hp': 1, 'count': 24}, 'ALT': {'allele': 'T', 'hp': 2, 'count': 22}}

chr1:219178107 --> {'REF': {'allele': 'A', 'hp': 1, 'count': 14}, 'ALT': {'allele': 'G', 'hp': 2, 'count': 12}}

chr1:220009944 --> {'REF': {'allele': 'G', 'hp': 1, 'count': 16}, 'ALT': {'allele': 'A', 'hp': 2, 'count': 11}}

chr1:220294727 --> {'REF': {'allele': 'T', 'hp': 2, 'count': 26}, 'ALT': {'allele': 'G', 'hp': 1, 'count': 19}}

chr1:221171730 --> {'REF': {'allele': 'T', 'hp': 2, 'count': 29}, 'ALT': {'allele': 'C', 'hp': 1, 'count': 16}}

chr1:221484741 --> {'REF': {'allele': 'A', 'hp': 2, 'count': 26}, 'ALT': {'allele': 'G', 'hp': 1, 'count': 23}}

chr1:222117194 --> {'REF': {'allele': 'G', 'hp': 1, 'count': 24}, 'ALT': {'allele': 'T', 'hp': 2, 'count': 20}}

chr1:222744824 --> {'REF': {'allele': 'T', 'hp': 1, 'count': 14}, 'ALT': {'allele': 'C', 'hp': 2, 'count': 9}}

chr1:223175979 --> {'REF': {'allele': 'C', 'hp': 2, 'count': 17}, 'ALT': {'allele': 'A', 'hp': 1, 'count': 16}}

chr1:224328820 --> {'REF': {'allele': 'G', 'hp': 1, 'count': 23}, 'ALT': {'allele': 'C', 'hp': 2, 'count': 19}}

chr1:224690243 --> {'REF': {'allele': 'T', 'hp': 1, 'count': 32}, 'ALT': {'allele': 'C', 'hp': 2, 'count': 27}}

chr1:228458291 --> {'REF': {'allele': 'T', 'hp': 1, 'count': 19}, 'ALT': {'allele': 'C', 'hp': 2, 'count': 15}}

chr1:230519608 --> {'REF': {'allele': 'T', 'hp': 1, 'count': 19}, 'ALT': {'allele': 'C', 'hp': 2, 'count': 13}}

chr1:231257654 --> {'REF': {'allele': 'A', 'hp': 2, 'count': 30}, 'ALT': {'allele': 'G', 'hp': 1, 'count': 23}}

chr1:231618609 --> {'REF': {'allele': 'A', 'hp': 2, 'count': 13}, 'ALT': {'allele': 'G', 'hp': 1, 'count': 12}}

chr1:231719690 --> {'REF': {'allele': 'T', 'hp': 1, 'count': 14}, 'ALT': {'allele': 'C', 'hp': 2, 'count': 13}}

chr1:231921405 --> {'REF': {'allele': 'A', 'hp': 2, 'count': 21}, 'ALT': {'allele': 'G', 'hp': 1, 'count': 12}}

chr1:232481580 --> {'REF': {'allele': 'C', 'hp': 2, 'count': 22}, 'ALT': {'allele': 'G', 'hp': 1, 'count': 18}}

chr1:232762934 --> {'REF': {'allele': 'T', 'hp': 1, 'count': 25}, 'ALT': {'allele': 'C', 'hp': 2, 'count': 14}}

chr1:233532564 --> {'REF': {'allele': 'T', 'hp': 2, 'count': 26}, 'ALT': {'allele': 'A', 'hp': 1, 'count': 18}}

chr1:234037138 --> {'REF': {'allele': 'A', 'hp': 2, 'count': 20}, 'ALT': {'allele': 'G', 'hp': 1, 'count': 19}}

chr1:234534067 --> {'REF': {'allele': 'C', 'hp': 2, 'count': 16}, 'ALT': {'allele': 'T', 'hp': 1, 'count': 13}}

chr1:235590739 --> {'REF': {'allele': 'C', 'hp': 2, 'count': 20}, 'ALT': {'allele': 'T', 'hp': 1, 'count': 10}}

chr1:235721809 --> {'REF': {'allele': 'G', 'hp': 2, 'count': 21}, 'ALT': {'allele': 'A', 'hp': 1, 'count': 16}}

chr1:236190675 --> {'REF': {'allele': 'T', 'hp': 1, 'count': 14}, 'ALT': {'allele': 'T', 'hp': 1, 'count': 14}}

chr1:236531283 --> {'REF': {'allele': 'G', 'hp': 1, 'count': 14}, 'ALT': {'allele': 'A', 'hp': 2, 'count': 10}}

chr1:236925856 --> {'REF': {'allele': 'T', 'hp': 2, 'count': 14}, 'ALT': {'allele': 'C', 'hp': 1, 'count': 12}}

chr1:237429745 --> {'REF': {'allele': 'A', 'hp': 2, 'count': 27}, 'ALT': {'allele': 'G', 'hp': 1, 'count': 22}}

chr1:237619734 --> {'REF': {'allele': 'T', 'hp': 2, 'count': 32}, 'ALT': {'allele': 'C', 'hp': 1, 'count': 23}}

chr1:239234128 --> {'REF': {'allele': 'T', 'hp': 2, 'count': 16}, 'ALT': {'allele': 'C', 'hp': 1, 'count': 13}}

chr1:239608635 --> {'REF': {'allele': 'G', 'hp': 1, 'count': 16}, 'ALT': {'allele': 'A', 'hp': 2, 'count': 14}}

chr1:240641441 --> {'REF': {'allele': 'T', 'hp': 1, 'count': 19}, 'ALT': {'allele': 'C', 'hp': 2, 'count': 13}}

chr1:240833935 --> {'REF': {'allele': 'G', 'hp': 2, 'count': 18}, 'ALT': {'allele': 'A', 'hp': 1, 'count': 16}}

chr1:242044928 --> {'REF': {'allele': 'T', 'hp': 1, 'count': 21}, 'ALT': {'allele': 'G', 'hp': 2, 'count': 14}}

chr1:242168516 --> {'REF': {'allele': 'T', 'hp': 2, 'count': 22}, 'ALT': {'allele': 'C', 'hp': 1, 'count': 20}}

chr1:243508694 --> {'REF': {'allele': 'A', 'hp': 2, 'count': 21}, 'ALT': {'allele': 'G', 'hp': 1, 'count': 14}}

chr1:243705941 --> {'REF': {'allele': 'G', 'hp': 1, 'count': 12}, 'ALT': {'allele': 'A', 'hp': 2, 'count': 11}}

chr1:244045614 --> {'REF': {'allele': 'T', 'hp': 2, 'count': 22}, 'ALT': {'allele': 'C', 'hp': 1, 'count': 9}}

chr1:244933345 --> {'REF': {'allele': 'C', 'hp': 1, 'count': 14}, 'ALT': {'allele': 'T', 'hp': 2, 'count': 11}}

chr1:247260532 --> {'REF': {'allele': 'T', 'hp': 2, 'count': 17}, 'ALT': {'allele': 'G', 'hp': 1, 'count': 16}}

chr1:247621093 --> {'REF': {'allele': 'T', 'hp': 1, 'count': 17}, 'ALT': {'allele': 'C', 'hp': 2, 'count': 16}}

chr1:248120943 --> {'REF': {'allele': 'T', 'hp': 2, 'count': 29}, 'ALT': {'allele': 'C', 'hp': 1, 'count': 23}}

chr9:2273884 --> {'REF': {'allele': 'T', 'hp': 2, 'count': 26}, 'ALT': {'allele': 'C', 'hp': 1, 'count': 13}}

chr9:2735610 --> {'REF': {'allele': 'C', 'hp': 1, 'count': 18}, 'ALT': {'allele': 'T', 'hp': 2, 'count': 16}}

chr9:4212780 --> {'REF': {'allele': 'A', 'hp': 1, 'count': 17}, 'ALT': {'allele': 'G', 'hp': 2, 'count': 13}}

chr9:6410624 --> {'REF': {'allele': 'C', 'hp': 1, 'count': 18}, 'ALT': {'allele': 'T', 'hp': 2, 'count': 15}}

chr9:7280264 --> {'REF': {'allele': 'G', 'hp': 2, 'count': 23}, 'ALT': {'allele': 'G', 'hp': 2, 'count': 23}}

chr9:7459158 --> {'REF': {'allele': 'T', 'hp': 2, 'count': 26}, 'ALT': {'allele': 'A', 'hp': 1, 'count': 23}}

chr9:8066643 --> {'REF': {'allele': 'C', 'hp': 2, 'count': 27}, 'ALT': {'allele': 'T', 'hp': 1, 'count': 17}}

chr9:8836013 --> {'REF': {'allele': 'C', 'hp': 2, 'count': 18}, 'ALT': {'allele': 'T', 'hp': 1, 'count': 14}}

chr9:10174814 --> {'REF': {'allele': 'A', 'hp': 1, 'count': 28}, 'ALT': {'allele': 'G', 'hp': 2, 'count': 27}}

chr9:12042772 --> {'REF': {'allele': 'T', 'hp': 1, 'count': 29}, 'ALT': {'allele': 'C', 'hp': 2, 'count': 24}}

chr9:13162592 --> {'REF': {'allele': 'A', 'hp': 2, 'count': 29}, 'ALT': {'allele': 'G', 'hp': 1, 'count': 27}}

chr9:13551156 --> {'REF': {'allele': 'C', 'hp': 1, 'count': 29}, 'ALT': {'allele': 'T', 'hp': 2, 'count': 22}}

chr9:13854721 --> {'REF': {'allele': 'G', 'hp': 1, 'count': 27}, 'ALT': {'allele': 'C', 'hp': 2, 'count': 25}}

chr9:15382915 --> {'REF': {'allele': 'G', 'hp': 1, 'count': 16}, 'ALT': {'allele': 'A', 'hp': 2, 'count': 15}}

chr9:15975585 --> {'REF': {'allele': 'A', 'hp': 1, 'count': 26}, 'ALT': {'allele': 'A', 'hp': 1, 'count': 26}}

chr9:16147674 --> {'REF': {'allele': 'C', 'hp': 2, 'count': 20}, 'ALT': {'allele': 'G', 'hp': 1, 'count': 16}}

chr9:16939878 --> {'REF': {'allele': 'T', 'hp': 1, 'count': 18}, 'ALT': {'allele': 'C', 'hp': 2, 'count': 12}}

chr9:17511497 --> {'REF': {'allele': 'G', 'hp': 1, 'count': 28}, 'ALT': {'allele': 'A', 'hp': 2, 'count': 15}}

chr9:17684759 --> {'REF': {'allele': 'G', 'hp': 2, 'count': 21}, 'ALT': {'allele': 'A', 'hp': 1, 'count': 19}}

chr9:18911337 --> {'REF': {'allele': 'T', 'hp': 2, 'count': 15}, 'ALT': {'allele': 'C', 'hp': 1, 'count': 14}}

chr9:19326929 --> {'REF': {'allele': 'C', 'hp': 2, 'count': 22}, 'ALT': {'allele': 'G', 'hp': 1, 'count': 18}}

chr9:19715987 --> {'REF': {'allele': 'T', 'hp': 2, 'count': 19}, 'ALT': {'allele': 'C', 'hp': 1, 'count': 16}}

chr9:19859778 --> {'REF': {'allele': 'G', 'hp': 2, 'count': 21}, 'ALT': {'allele': 'G', 'hp': 2, 'count': 21}}

chr9:20086786 --> {'REF': {'allele': 'A', 'hp': 1, 'count': 16}, 'ALT': {'allele': 'G', 'hp': 2, 'count': 10}}

chr9:22230793 --> {'REF': {'allele': 'A', 'hp': 1, 'count': 27}, 'ALT': {'allele': 'G', 'hp': 2, 'count': 17}}

chr9:23719128 --> {'REF': {'allele': 'G', 'hp': 1, 'count': 24}, 'ALT': {'allele': 'C', 'hp': 2, 'count': 17}}

chr9:24087857 --> {'REF': {'allele': 'G', 'hp': 1, 'count': 20}, 'ALT': {'allele': 'T', 'hp': 2, 'count': 18}}

chr9:24721621 --> {'REF': {'allele': 'A', 'hp': 1, 'count': 36}, 'ALT': {'allele': 'G', 'hp': 2, 'count': 25}}

chr9:25515598 --> {'REF': {'allele': 'T', 'hp': 1, 'count': 31}, 'ALT': {'allele': 'G', 'hp': 2, 'count': 23}}

chr9:27057585 --> {'REF': {'allele': 'A', 'hp': 1, 'count': 28}, 'ALT': {'allele': 'G', 'hp': 2, 'count': 20}}

chr9:28956050 --> {'REF': {'allele': 'C', 'hp': 1, 'count': 28}, 'ALT': {'allele': 'G', 'hp': 2, 'count': 21}}

chr9:29563329 --> {'REF': {'allele': 'T', 'hp': 1, 'count': 29}, 'ALT': {'allele': 'C', 'hp': 2, 'count': 24}}

chr9:30860029 --> {'REF': {'allele': 'G', 'hp': 2, 'count': 27}, 'ALT': {'allele': 'T', 'hp': 1, 'count': 24}}

chr9:32205940 --> {'REF': {'allele': 'G', 'hp': 2, 'count': 32}, 'ALT': {'allele': 'A', 'hp': 1, 'count': 19}}

chr9:32780509 --> {'REF': {'allele': 'G', 'hp': 2, 'count': 23}, 'ALT': {'allele': 'A', 'hp': 1, 'count': 15}}

chr9:34782581 --> {'REF': {'allele': 'T', 'hp': 2, 'count': 19}, 'ALT': {'allele': 'G', 'hp': 1, 'count': 18}}

chr9:35506413 --> {'REF': {'allele': 'T', 'hp': 2, 'count': 24}, 'ALT': {'allele': 'C', 'hp': 1, 'count': 14}}

chr9:38104320 --> {'REF': {'allele': 'A', 'hp': 2, 'count': 17}, 'ALT': {'allele': 'G', 'hp': 1, 'count': 16}}

chr9:38215331 --> {'REF': {'allele': 'C', 'hp': 2, 'count': 19}, 'ALT': {'allele': 'A', 'hp': 1, 'count': 13}}

chr9:81296895 --> {'REF': {'allele': 'G', 'hp': 1, 'count': 10}, 'ALT': {'allele': 'G', 'hp': 1, 'count': 10}}

chr9:82035082 --> {'REF': {'allele': 'C', 'hp': 1, 'count': 26}, 'ALT': {'allele': 'C', 'hp': 1, 'count': 26}}

chr9:82857646 --> {'REF': {'allele': 'T', 'hp': 1, 'count': 20}, 'ALT': {'allele': 'C', 'hp': 2, 'count': 14}}

chr9:83400308 --> {'REF': {'allele': 'C', 'hp': 1, 'count': 23}, 'ALT': {'allele': 'T', 'hp': 2, 'count': 22}}

chr9:84249012 --> {'REF': {'allele': 'C', 'hp': 1, 'count': 13}, 'ALT': {'allele': 'T', 'hp': 2, 'count': 12}}

chr9:85140976 --> {'REF': {'allele': 'T', 'hp': 2, 'count': 32}, 'ALT': {'allele': 'G', 'hp': 1, 'count': 23}}

chr9:85325176 --> {'REF': {'allele': 'C', 'hp': 2, 'count': 35}, 'ALT': {'allele': 'T', 'hp': 1, 'count': 22}}

chr9:88718326 --> {'REF': {'allele': 'G', 'hp': 1, 'count': 18}, 'ALT': {'allele': 'A', 'hp': 2, 'count': 15}}

chr9:88845516 --> {'REF': {'allele': 'G', 'hp': 2, 'count': 24}, 'ALT': {'allele': 'A', 'hp': 1, 'count': 9}}

chr9:89695446 --> {'REF': {'allele': 'G', 'hp': 2, 'count': 17}, 'ALT': {'allele': 'A', 'hp': 1, 'count': 16}}

chr9:90686105 --> {'REF': {'allele': 'G', 'hp': 2, 'count': 19}, 'ALT': {'allele': 'C', 'hp': 1, 'count': 14}}

chr9:91104653 --> {'REF': {'allele': 'G', 'hp': 2, 'count': 25}, 'ALT': {'allele': 'A', 'hp': 1, 'count': 23}}

chr9:91851826 --> {'REF': {'allele': 'G', 'hp': 2, 'count': 22}, 'ALT': {'allele': 'A', 'hp': 1, 'count': 15}}

chr9:93272169 --> {'REF': {'allele': 'C', 'hp': 2, 'count': 25}, 'ALT': {'allele': 'A', 'hp': 1, 'count': 18}}

chr9:93904611 --> {'REF': {'allele': 'A', 'hp': 2, 'count': 17}, 'ALT': {'allele': 'G', 'hp': 1, 'count': 15}}

chr9:95128356 --> {'REF': {'allele': 'C', 'hp': 1, 'count': 20}, 'ALT': {'allele': 'T', 'hp': 2, 'count': 18}}

chr9:95789365 --> {'REF': {'allele': 'C', 'hp': 2, 'count': 13}, 'ALT': {'allele': 'T', 'hp': 1, 'count': 9}}

chr9:96383269 --> {'REF': {'allele': 'C', 'hp': 1, 'count': 20}, 'ALT': {'allele': 'G', 'hp': 2, 'count': 17}}

chr9:97218307 --> {'REF': {'allele': 'A', 'hp': 2, 'count': 20}, 'ALT': {'allele': 'C', 'hp': 1, 'count': 15}}

chr9:97734562 --> {'REF': {'allele': 'T', 'hp': 1, 'count': 33}, 'ALT': {'allele': 'C', 'hp': 2, 'count': 27}}

chr9:98457610 --> {'REF': {'allele': 'G', 'hp': 2, 'count': 29}, 'ALT': {'allele': 'A', 'hp': 1, 'count': 18}}

chr9:100874036 --> {'REF': {'allele': 'C', 'hp': 1, 'count': 25}, 'ALT': {'allele': 'G', 'hp': 2, 'count': 14}}

chr9:101213266 --> {'REF': {'allele': 'T', 'hp': 2, 'count': 18}, 'ALT': {'allele': 'C', 'hp': 1, 'count': 14}}

chr9:101702605 --> {'REF': {'allele': 'A', 'hp': 1, 'count': 21}, 'ALT': {'allele': 'G', 'hp': 2, 'count': 12}}

chr9:106331034 --> {'REF': {'allele': 'T', 'hp': 2, 'count': 17}, 'ALT': {'allele': 'A', 'hp': 1, 'count': 12}}

chr9:108364950 --> {'REF': {'allele': 'A', 'hp': 2, 'count': 17}, 'ALT': {'allele': 'C', 'hp': 1, 'count': 12}}

chr9:108503373 --> {'REF': {'allele': 'C', 'hp': 1, 'count': 13}, 'ALT': {'allele': 'T', 'hp': 2, 'count': 12}}

chr9:110567799 --> {'REF': {'allele': 'G', 'hp': 2, 'count': 12}, 'ALT': {'allele': 'A', 'hp': 1, 'count': 9}}

chr9:111258005 --> {'REF': {'allele': 'G', 'hp': 1, 'count': 21}, 'ALT': {'allele': 'A', 'hp': 2, 'count': 18}}

chr9:111439209 --> {'REF': {'allele': 'A', 'hp': 1, 'count': 17}, 'ALT': {'allele': 'G', 'hp': 2, 'count': 10}}

chr9:114861514 --> {'REF': {'allele': 'A', 'hp': 1, 'count': 37}, 'ALT': {'allele': 'C', 'hp': 2, 'count': 29}}

chr9:116983719 --> {'REF': {'allele': 'A', 'hp': 1, 'count': 17}, 'ALT': {'allele': 'G', 'hp': 2, 'count': 13}}

chr9:117021631 --> {'REF': {'allele': 'A', 'hp': 2, 'count': 18}, 'ALT': {'allele': 'C', 'hp': 1, 'count': 9}}

chr9:117831348 --> {'REF': {'allele': 'G', 'hp': 2, 'count': 18}, 'ALT': {'allele': 'T', 'hp': 1, 'count': 17}}

chr9:118269074 --> {'REF': {'allele': 'T', 'hp': 2, 'count': 30}, 'ALT': {'allele': 'C', 'hp': 1, 'count': 24}}

chr9:118947679 --> {'REF': {'allele': 'T', 'hp': 1, 'count': 29}, 'ALT': {'allele': 'C', 'hp': 2, 'count': 22}}

chr9:119518366 --> {'REF': {'allele': 'C', 'hp': 1, 'count': 12}, 'ALT': {'allele': 'T', 'hp': 2, 'count': 10}}

chr9:119650411 --> {'REF': {'allele': 'A', 'hp': 2, 'count': 11}, 'ALT': {'allele': 'G', 'hp': 1, 'count': 9}}

chr9:119766162 --> {'REF': {'allele': 'G', 'hp': 1, 'count': 15}, 'ALT': {'allele': 'A', 'hp': 2, 'count': 13}}

chr9:120277268 --> {'REF': {'allele': 'A', 'hp': 1, 'count': 19}, 'ALT': {'allele': 'G', 'hp': 2, 'count': 17}}

chr9:120573840 --> {'REF': {'allele': 'T', 'hp': 1, 'count': 33}, 'ALT': {'allele': 'C', 'hp': 2, 'count': 23}}

chr9:121016144 --> {'REF': {'allele': 'C', 'hp': 1, 'count': 12}, 'ALT': {'allele': 'G', 'hp': 2, 'count': 10}}

chr9:121796764 --> {'REF': {'allele': 'T', 'hp': 1, 'count': 26}, 'ALT': {'allele': 'C', 'hp': 2, 'count': 20}}

chr9:122049294 --> {'REF': {'allele': 'C', 'hp': 1, 'count': 18}, 'ALT': {'allele': 'A', 'hp': 2, 'count': 16}}

chr9:122408484 --> {'REF': {'allele': 'T', 'hp': 2, 'count': 23}, 'ALT': {'allele': 'C', 'hp': 1, 'count': 14}}

chr9:122742252 --> {'REF': {'allele': 'T', 'hp': 2, 'count': 31}, 'ALT': {'allele': 'A', 'hp': 1, 'count': 19}}

chr9:123550760 --> {'REF': {'allele': 'T', 'hp': 1, 'count': 20}, 'ALT': {'allele': 'G', 'hp': 2, 'count': 15}}

chr9:125118324 --> {'REF': {'allele': 'C', 'hp': 2, 'count': 16}, 'ALT': {'allele': 'T', 'hp': 1, 'count': 14}}

chr9:125701302 --> {'REF': {'allele': 'C', 'hp': 1, 'count': 12}, 'ALT': {'allele': 'A', 'hp': 2, 'count': 11}}

chr9:127210265 --> {'REF': {'allele': 'A', 'hp': 2, 'count': 20}, 'ALT': {'allele': 'G', 'hp': 1, 'count': 19}}

chr9:128074333 --> {'REF': {'allele': 'A', 'hp': 1, 'count': 22}, 'ALT': {'allele': 'G', 'hp': 2, 'count': 15}}

chr9:128831962 --> {'REF': {'allele': 'T', 'hp': 2, 'count': 19}, 'ALT': {'allele': 'C', 'hp': 1, 'count': 15}}

chr9:129661090 --> {'REF': {'allele': 'A', 'hp': 1, 'count': 23}, 'ALT': {'allele': 'G', 'hp': 2, 'count': 18}}

chr9:130066245 --> {'REF': {'allele': 'C', 'hp': 1, 'count': 24}, 'ALT': {'allele': 'T', 'hp': 2, 'count': 15}}

chr9:130801935 --> {'REF': {'allele': 'A', 'hp': 2, 'count': 26}, 'ALT': {'allele': 'A', 'hp': 2, 'count': 26}}

chr9:131669341 --> {'REF': {'allele': 'T', 'hp': 1, 'count': 30}, 'ALT': {'allele': 'C', 'hp': 2, 'count': 23}}

chr9:133320836 --> {'REF': {'allele': 'T', 'hp': 2, 'count': 17}, 'ALT': {'allele': 'T', 'hp': 2, 'count': 17}}

chr9:134041202 --> {'REF': {'allele': 'G', 'hp': 1, 'count': 12}, 'ALT': {'allele': 'A', 'hp': 2, 'count': 10}}

chr9:134902708 --> {'REF': {'allele': 'A', 'hp': 1, 'count': 22}, 'ALT': {'allele': 'G', 'hp': 2, 'count': 15}}

chr9:135632926 --> {'REF': {'allele': 'C', 'hp': 2, 'count': 16}, 'ALT': {'allele': 'T', 'hp': 1, 'count': 10}}

chr9:136772278 --> {'REF': {'allele': 'C', 'hp': 1, 'count': 12}, 'ALT': {'allele': 'A', 'hp': 2, 'count': 11}}

chr9:137719565 --> {'REF': {'allele': 'A', 'hp': 2, 'count': 17}, 'ALT': {'allele': 'A', 'hp': 2, 'count': 17}}

chr9:144141046 --> {'REF': {'allele': 'A', 'hp': 2, 'count': 20}, 'ALT': {'allele': 'G', 'hp': 1, 'count': 16}}

chr9:144811267 --> {'REF': {'allele': 'C', 'hp': 2, 'count': 18}, 'ALT': {'allele': 'T', 'hp': 1, 'count': 13}}

chr9:146244487 --> {'REF': {'allele': 'A', 'hp': 1, 'count': 10}, 'ALT': {'allele': 'A', 'hp': 1, 'count': 10}}

chr9:149342231 --> {'REF': {'allele': 'G', 'hp': 1, 'count': 10}, 'ALT': {'allele': 'G', 'hp': 1, 'count': 10}}

chr7:364550 --> {'REF': {'allele': 'G', 'hp': 2, 'count': 13}, 'ALT': {'allele': 'A', 'hp': 1, 'count': 9}}

chr7:4661125 --> {'REF': {'allele': 'C', 'hp': 2, 'count': 18}, 'ALT': {'allele': 'A', 'hp': 1, 'count': 11}}

chr7:4754307 --> {'REF': {'allele': 'C', 'hp': 2, 'count': 9}, 'ALT': {'allele': 'C', 'hp': 2, 'count': 9}}

chr7:6600961 --> {'REF': {'allele': 'G', 'hp': 1, 'count': 10}, 'ALT': {'allele': 'G', 'hp': 1, 'count': 10}}

chr7:7189885 --> {'REF': {'allele': 'C', 'hp': 1, 'count': 18}, 'ALT': {'allele': 'G', 'hp': 2, 'count': 15}}

chr7:7963008 --> {'REF': {'allele': 'C', 'hp': 1, 'count': 20}, 'ALT': {'allele': 'C', 'hp': 1, 'count': 20}}

chr7:8659081 --> {'REF': {'allele': 'G', 'hp': 2, 'count': 22}, 'ALT': {'allele': 'C', 'hp': 1, 'count': 21}}

chr7:8855422 --> {'REF': {'allele': 'T', 'hp': 1, 'count': 30}, 'ALT': {'allele': 'C', 'hp': 2, 'count': 20}}

chr7:9210231 --> {'REF': {'allele': 'T', 'hp': 1, 'count': 28}, 'ALT': {'allele': 'T', 'hp': 1, 'count': 28}}

chr7:9318571 --> {'REF': {'allele': 'A', 'hp': 1, 'count': 40}, 'ALT': {'allele': 'G', 'hp': 2, 'count': 32}}

chr7:10075028 --> {'REF': {'allele': 'A', 'hp': 2, 'count': 24}, 'ALT': {'allele': 'C', 'hp': 1, 'count': 21}}

chr7:11396678 --> {'REF': {'allele': 'G', 'hp': 2, 'count': 27}, 'ALT': {'allele': 'A', 'hp': 1, 'count': 24}}

chr7:11480680 --> {'REF': {'allele': 'C', 'hp': 2, 'count': 29}, 'ALT': {'allele': 'G', 'hp': 1, 'count': 20}}

chr7:11529268 --> {'REF': {'allele': 'G', 'hp': 1, 'count': 26}, 'ALT': {'allele': 'A', 'hp': 2, 'count': 21}}

chr7:11769630 --> {'REF': {'allele': 'C', 'hp': 1, 'count': 35}, 'ALT': {'allele': 'A', 'hp': 2, 'count': 30}}

chr7:13359125 --> {'REF': {'allele': 'T', 'hp': 1, 'count': 24}, 'ALT': {'allele': 'T', 'hp': 1, 'count': 24}}

chr7:14848238 --> {'REF': {'allele': 'A', 'hp': 2, 'count': 32}, 'ALT': {'allele': 'A', 'hp': 2, 'count': 32}}

chr7:15284400 --> {'REF': {'allele': 'T', 'hp': 2, 'count': 27}, 'ALT': {'allele': 'C', 'hp': 1, 'count': 24}}

chr7:15732901 --> {'REF': {'allele': 'G', 'hp': 2, 'count': 24}, 'ALT': {'allele': 'T', 'hp': 1, 'count': 23}}

chr7:16082092 --> {'REF': {'allele': 'A', 'hp': 2, 'count': 25}, 'ALT': {'allele': 'G', 'hp': 1, 'count': 17}}

chr7:16634161 --> {'REF': {'allele': 'A', 'hp': 1, 'count': 24}, 'ALT': {'allele': 'C', 'hp': 2, 'count': 18}}

chr7:16976421 --> {'REF': {'allele': 'G', 'hp': 1, 'count': 24}, 'ALT': {'allele': 'A', 'hp': 2, 'count': 22}}

chr7:17294281 --> {'REF': {'allele': 'T', 'hp': 2, 'count': 23}, 'ALT': {'allele': 'G', 'hp': 1, 'count': 20}}

chr7:17696065 --> {'REF': {'allele': 'C', 'hp': 2, 'count': 26}, 'ALT': {'allele': 'T', 'hp': 1, 'count': 20}}

chr7:17768303 --> {'REF': {'allele': 'T', 'hp': 2, 'count': 28}, 'ALT': {'allele': 'C', 'hp': 1, 'count': 27}}

chr7:18114612 --> {'REF': {'allele': 'A', 'hp': 1, 'count': 17}, 'ALT': {'allele': 'G', 'hp': 2, 'count': 15}}

chr7:18359262 --> {'REF': {'allele': 'T', 'hp': 1, 'count': 20}, 'ALT': {'allele': 'T', 'hp': 1, 'count': 20}}

chr7:18561327 --> {'REF': {'allele': 'A', 'hp': 1, 'count': 29}, 'ALT': {'allele': 'G', 'hp': 2, 'count': 24}}

chr7:18865735 --> {'REF': {'allele': 'A', 'hp': 2, 'count': 28}, 'ALT': {'allele': 'C', 'hp': 1, 'count': 19}}

chr7:19154666 --> {'REF': {'allele': 'G', 'hp': 1, 'count': 30}, 'ALT': {'allele': 'C', 'hp': 2, 'count': 28}}

chr7:19897571 --> {'REF': {'allele': 'A', 'hp': 1, 'count': 29}, 'ALT': {'allele': 'T', 'hp': 2, 'count': 17}}

chr7:20682484 --> {'REF': {'allele': 'T', 'hp': 1, 'count': 20}, 'ALT': {'allele': 'A', 'hp': 2, 'count': 17}}

chr7:21300298 --> {'REF': {'allele': 'A', 'hp': 2, 'count': 29}, 'ALT': {'allele': 'G', 'hp': 1, 'count': 26}}

chr7:21483982 --> {'REF': {'allele': 'C', 'hp': 1, 'count': 25}, 'ALT': {'allele': 'T', 'hp': 2, 'count': 20}}

chr7:21924708 --> {'REF': {'allele': 'T', 'hp': 2, 'count': 25}, 'ALT': {'allele': 'G', 'hp': 1, 'count': 17}}

chr7:22633095 --> {'REF': {'allele': 'T', 'hp': 1, 'count': 23}, 'ALT': {'allele': 'C', 'hp': 2, 'count': 16}}

chr7:23560287 --> {'REF': {'allele': 'A', 'hp': 2, 'count': 19}, 'ALT': {'allele': 'C', 'hp': 1, 'count': 18}}

chr7:24364138 --> {'REF': {'allele': 'A', 'hp': 1, 'count': 20}, 'ALT': {'allele': 'G', 'hp': 2, 'count': 18}}

chr7:25440205 --> {'REF': {'allele': 'T', 'hp': 1, 'count': 29}, 'ALT': {'allele': 'G', 'hp': 2, 'count': 20}}

chr7:26155503 --> {'REF': {'allele': 'G', 'hp': 2, 'count': 15}, 'ALT': {'allele': 'T', 'hp': 1, 'count': 13}}

chr7:26366916 --> {'REF': {'allele': 'A', 'hp': 1, 'count': 19}, 'ALT': {'allele': 'G', 'hp': 2, 'count': 9}}

chr7:26693282 --> {'REF': {'allele': 'A', 'hp': 1, 'count': 21}, 'ALT': {'allele': 'A', 'hp': 1, 'count': 21}}

chr7:28094712 --> {'REF': {'allele': 'C', 'hp': 2, 'count': 27}, 'ALT': {'allele': 'T', 'hp': 1, 'count': 22}}

chr7:28493634 --> {'REF': {'allele': 'T', 'hp': 2, 'count': 29}, 'ALT': {'allele': 'C', 'hp': 1, 'count': 19}}

chr7:28814427 --> {'REF': {'allele': 'C', 'hp': 2, 'count': 12}, 'ALT': {'allele': 'T', 'hp': 1, 'count': 11}}

chr7:29120413 --> {'REF': {'allele': 'G', 'hp': 1, 'count': 17}, 'ALT': {'allele': 'T', 'hp': 2, 'count': 13}}

chr7:30317822 --> {'REF': {'allele': 'A', 'hp': 2, 'count': 27}, 'ALT': {'allele': 'G', 'hp': 1, 'count': 22}}

chr7:30824745 --> {'REF': {'allele': 'T', 'hp': 1, 'count': 12}, 'ALT': {'allele': 'A', 'hp': 2, 'count': 10}}

chr7:31480156 --> {'REF': {'allele': 'A', 'hp': 1, 'count': 23}, 'ALT': {'allele': 'T', 'hp': 2, 'count': 22}}

chr7:32569474 --> {'REF': {'allele': 'A', 'hp': 1, 'count': 18}, 'ALT': {'allele': 'C', 'hp': 2, 'count': 17}}

chr7:33128573 --> {'REF': {'allele': 'G', 'hp': 1, 'count': 20}, 'ALT': {'allele': 'A', 'hp': 2, 'count': 11}}

chr7:34134535 --> {'REF': {'allele': 'A', 'hp': 1, 'count': 25}, 'ALT': {'allele': 'G', 'hp': 2, 'count': 24}}

chr7:34290281 --> {'REF': {'allele': 'G', 'hp': 1, 'count': 23}, 'ALT': {'allele': 'A', 'hp': 2, 'count': 19}}

chr7:35649470 --> {'REF': {'allele': 'A', 'hp': 1, 'count': 18}, 'ALT': {'allele': 'C', 'hp': 2, 'count': 15}}

chr7:36305539 --> {'REF': {'allele': 'C', 'hp': 1, 'count': 19}, 'ALT': {'allele': 'T', 'hp': 2, 'count': 16}}

chr7:36580306 --> {'REF': {'allele': 'T', 'hp': 1, 'count': 18}, 'ALT': {'allele': 'G', 'hp': 2, 'count': 15}}

chr7:37214763 --> {'REF': {'allele': 'C', 'hp': 1, 'count': 21}, 'ALT': {'allele': 'T', 'hp': 2, 'count': 11}}

chr7:37929649 --> {'REF': {'allele': 'A', 'hp': 2, 'count': 32}, 'ALT': {'allele': 'G', 'hp': 1, 'count': 19}}

chr7:38160537 --> {'REF': {'allele': 'C', 'hp': 2, 'count': 20}, 'ALT': {'allele': 'A', 'hp': 1, 'count': 15}}

chr7:38310470 --> {'REF': {'allele': 'T', 'hp': 2, 'count': 24}, 'ALT': {'allele': 'A', 'hp': 1, 'count': 22}}

chr7:38707465 --> {'REF': {'allele': 'T', 'hp': 1, 'count': 21}, 'ALT': {'allele': 'C', 'hp': 2, 'count': 13}}

chr7:38934797 --> {'REF': {'allele': 'G', 'hp': 2, 'count': 38}, 'ALT': {'allele': 'A', 'hp': 1, 'count': 31}}

chr7:39159967 --> {'REF': {'allele': 'G', 'hp': 2, 'count': 23}, 'ALT': {'allele': 'A', 'hp': 1, 'count': 15}}

chr7:39771761 --> {'REF': {'allele': 'A', 'hp': 1, 'count': 22}, 'ALT': {'allele': 'G', 'hp': 2, 'count': 17}}

chr7:40430398 --> {'REF': {'allele': 'A', 'hp': 1, 'count': 25}, 'ALT': {'allele': 'G', 'hp': 2, 'count': 15}}

chr7:40878687 --> {'REF': {'allele': 'G', 'hp': 2, 'count': 25}, 'ALT': {'allele': 'A', 'hp': 1, 'count': 22}}

chr7:41237447 --> {'REF': {'allele': 'C', 'hp': 2, 'count': 27}, 'ALT': {'allele': 'A', 'hp': 1, 'count': 18}}

chr7:42293333 --> {'REF': {'allele': 'T', 'hp': 2, 'count': 23}, 'ALT': {'allele': 'G', 'hp': 1, 'count': 18}}

chr7:42704412 --> {'REF': {'allele': 'C', 'hp': 1, 'count': 22}, 'ALT': {'allele': 'T', 'hp': 2, 'count': 19}}

chr7:42802446 --> {'REF': {'allele': 'A', 'hp': 1, 'count': 28}, 'ALT': {'allele': 'T', 'hp': 2, 'count': 17}}

chr7:43605856 --> {'REF': {'allele': 'A', 'hp': 2, 'count': 17}, 'ALT': {'allele': 'G', 'hp': 1, 'count': 14}}

chr7:44311157 --> {'REF': {'allele': 'A', 'hp': 1, 'count': 13}, 'ALT': {'allele': 'G', 'hp': 2, 'count': 9}}

chr7:46073297 --> {'REF': {'allele': 'G', 'hp': 1, 'count': 22}, 'ALT': {'allele': 'A', 'hp': 2, 'count': 20}}

chr7:46329770 --> {'REF': {'allele': 'G', 'hp': 1, 'count': 16}, 'ALT': {'allele': 'A', 'hp': 2, 'count': 12}}

chr7:46579083 --> {'REF': {'allele': 'G', 'hp': 2, 'count': 32}, 'ALT': {'allele': 'T', 'hp': 1, 'count': 24}}

chr7:46960587 --> {'REF': {'allele': 'C', 'hp': 1, 'count': 30}, 'ALT': {'allele': 'T', 'hp': 2, 'count': 26}}

chr7:47456958 --> {'REF': {'allele': 'A', 'hp': 1, 'count': 15}, 'ALT': {'allele': 'G', 'hp': 2, 'count': 13}}

chr7:47665142 --> {'REF': {'allele': 'T', 'hp': 1, 'count': 13}, 'ALT': {'allele': 'C', 'hp': 2, 'count': 10}}

chr7:48445561 --> {'REF': {'allele': 'G', 'hp': 2, 'count': 26}, 'ALT': {'allele': 'A', 'hp': 1, 'count': 22}}

chr7:48496590 --> {'REF': {'allele': 'C', 'hp': 2, 'count': 23}, 'ALT': {'allele': 'A', 'hp': 1, 'count': 21}}

chr7:49050405 --> {'REF': {'allele': 'C', 'hp': 2, 'count': 30}, 'ALT': {'allele': 'T', 'hp': 1, 'count': 26}}

chr7:49591007 --> {'REF': {'allele': 'T', 'hp': 1, 'count': 30}, 'ALT': {'allele': 'C', 'hp': 2, 'count': 28}}

chr7:49851960 --> {'REF': {'allele': 'C', 'hp': 1, 'count': 25}, 'ALT': {'allele': 'T', 'hp': 2, 'count': 20}}

chr7:50426398 --> {'REF': {'allele': 'A', 'hp': 1, 'count': 29}, 'ALT': {'allele': 'T', 'hp': 2, 'count': 14}}

chr7:51172316 --> {'REF': {'allele': 'G', 'hp': 1, 'count': 17}, 'ALT': {'allele': 'A', 'hp': 2, 'count': 16}}

chr7:51260180 --> {'REF': {'allele': 'A', 'hp': 1, 'count': 20}, 'ALT': {'allele': 'G', 'hp': 2, 'count': 16}}

chr7:52124669 --> {'REF': {'allele': 'A', 'hp': 1, 'count': 29}, 'ALT': {'allele': 'G', 'hp': 2, 'count': 26}}

chr7:53068678 --> {'REF': {'allele': 'A', 'hp': 2, 'count': 26}, 'ALT': {'allele': 'A', 'hp': 2, 'count': 26}}

chr7:53736954 --> {'REF': {'allele': 'G', 'hp': 2, 'count': 31}, 'ALT': {'allele': 'A', 'hp': 1, 'count': 23}}

chr7:54610294 --> {'REF': {'allele': 'C', 'hp': 2, 'count': 29}, 'ALT': {'allele': 'T', 'hp': 1, 'count': 15}}

chr7:56723600 --> {'REF': {'allele': 'C', 'hp': 2, 'count': 18}, 'ALT': {'allele': 'T', 'hp': 1, 'count': 17}}

chr7:57533754 --> {'REF': {'allele': 'G', 'hp': 2, 'count': 21}, 'ALT': {'allele': 'G', 'hp': 2, 'count': 21}}

chr7:59192189 --> {'REF': {'allele': 'A', 'hp': 1, 'count': 39}, 'ALT': {'allele': 'G', 'hp': 2, 'count': 25}}

chr7:59900111 --> {'REF': {'allele': 'T', 'hp': 1, 'count': 15}, 'ALT': {'allele': 'C', 'hp': 2, 'count': 9}}

chr7:60173827 --> {'REF': {'allele': 'T', 'hp': 1, 'count': 25}, 'ALT': {'allele': 'G', 'hp': 2, 'count': 17}}

chr7:64069358 --> {'REF': {'allele': 'A', 'hp': 2, 'count': 18}, 'ALT': {'allele': 'G', 'hp': 1, 'count': 16}}

chr7:66963391 --> {'REF': {'allele': 'A', 'hp': 1, 'count': 10}, 'ALT': {'allele': 'A', 'hp': 1, 'count': 10}}

chr7:69367052 --> {'REF': {'allele': 'A', 'hp': 2, 'count': 29}, 'ALT': {'allele': 'G', 'hp': 1, 'count': 23}}

chr7:71841587 --> {'REF': {'allele': 'C', 'hp': 2, 'count': 13}, 'ALT': {'allele': 'T', 'hp': 1, 'count': 12}}

chr7:72166984 --> {'REF': {'allele': 'G', 'hp': 2, 'count': 16}, 'ALT': {'allele': 'A', 'hp': 1, 'count': 10}}

chr7:72515614 --> {'REF': {'allele': 'A', 'hp': 1, 'count': 20}, 'ALT': {'allele': 'G', 'hp': 2, 'count': 15}}

chr7:73012698 --> {'REF': {'allele': 'A', 'hp': 1, 'count': 15}, 'ALT': {'allele': 'G', 'hp': 2, 'count': 9}}

chr7:73965919 --> {'REF': {'allele': 'C', 'hp': 2, 'count': 17}, 'ALT': {'allele': 'T', 'hp': 1, 'count': 13}}

chr7:78001933 --> {'REF': {'allele': 'T', 'hp': 2, 'count': 21}, 'ALT': {'allele': 'T', 'hp': 2, 'count': 21}}

chr7:79178149 --> {'REF': {'allele': 'G', 'hp': 1, 'count': 22}, 'ALT': {'allele': 'C', 'hp': 2, 'count': 21}}

chr7:79478547 --> {'REF': {'allele': 'G', 'hp': 2, 'count': 17}, 'ALT': {'allele': 'C', 'hp': 1, 'count': 16}}

chr7:79803886 --> {'REF': {'allele': 'T', 'hp': 1, 'count': 21}, 'ALT': {'allele': 'C', 'hp': 2, 'count': 17}}

chr7:80039747 --> {'REF': {'allele': 'T', 'hp': 1, 'count': 27}, 'ALT': {'allele': 'C', 'hp': 2, 'count': 21}}

chr7:82930267 --> {'REF': {'allele': 'T', 'hp': 1, 'count': 37}, 'ALT': {'allele': 'G', 'hp': 2, 'count': 26}}

chr7:83534751 --> {'REF': {'allele': 'A', 'hp': 1, 'count': 21}, 'ALT': {'allele': 'G', 'hp': 2, 'count': 16}}

chr7:83576796 --> {'REF': {'allele': 'G', 'hp': 2, 'count': 27}, 'ALT': {'allele': 'C', 'hp': 1, 'count': 19}}

chr7:83967499 --> {'REF': {'allele': 'C', 'hp': 2, 'count': 30}, 'ALT': {'allele': 'C', 'hp': 2, 'count': 30}}

chr7:84530851 --> {'REF': {'allele': 'C', 'hp': 1, 'count': 26}, 'ALT': {'allele': 'T', 'hp': 2, 'count': 19}}

chr7:84949770 --> {'REF': {'allele': 'C', 'hp': 2, 'count': 35}, 'ALT': {'allele': 'T', 'hp': 1, 'count': 33}}

chr7:85416338 --> {'REF': {'allele': 'C', 'hp': 1, 'count': 25}, 'ALT': {'allele': 'A', 'hp': 2, 'count': 24}}

chr7:87710184 --> {'REF': {'allele': 'A', 'hp': 1, 'count': 28}, 'ALT': {'allele': 'G', 'hp': 2, 'count': 27}}

chr7:88418103 --> {'REF': {'allele': 'T', 'hp': 1, 'count': 32}, 'ALT': {'allele': 'C', 'hp': 2, 'count': 31}}

chr7:89442699 --> {'REF': {'allele': 'A', 'hp': 1, 'count': 28}, 'ALT': {'allele': 'T', 'hp': 2, 'count': 24}}

chr7:90701000 --> {'REF': {'allele': 'T', 'hp': 1, 'count': 19}, 'ALT': {'allele': 'C', 'hp': 2, 'count': 16}}

chr7:90952881 --> {'REF': {'allele': 'C', 'hp': 1, 'count': 25}, 'ALT': {'allele': 'T', 'hp': 2, 'count': 19}}

chr7:91765112 --> {'REF': {'allele': 'C', 'hp': 1, 'count': 25}, 'ALT': {'allele': 'A', 'hp': 2, 'count': 18}}

chr7:92312390 --> {'REF': {'allele': 'C', 'hp': 2, 'count': 26}, 'ALT': {'allele': 'T', 'hp': 1, 'count': 19}}

chr7:92862536 --> {'REF': {'allele': 'C', 'hp': 2, 'count': 22}, 'ALT': {'allele': 'T', 'hp': 1, 'count': 17}}

chr7:93381520 --> {'REF': {'allele': 'T', 'hp': 2, 'count': 15}, 'ALT': {'allele': 'C', 'hp': 1, 'count': 14}}

chr7:93597053 --> {'REF': {'allele': 'A', 'hp': 1, 'count': 24}, 'ALT': {'allele': 'G', 'hp': 2, 'count': 17}}

chr7:94312231 --> {'REF': {'allele': 'T', 'hp': 2, 'count': 26}, 'ALT': {'allele': 'G', 'hp': 1, 'count': 20}}

chr7:95225559 --> {'REF': {'allele': 'T', 'hp': 1, 'count': 29}, 'ALT': {'allele': 'C', 'hp': 2, 'count': 22}}

chr7:96190698 --> {'REF': {'allele': 'A', 'hp': 1, 'count': 36}, 'ALT': {'allele': 'G', 'hp': 2, 'count': 31}}

chr7:96552504 --> {'REF': {'allele': 'C', 'hp': 2, 'count': 21}, 'ALT': {'allele': 'T', 'hp': 1, 'count': 20}}

chr7:98938683 --> {'REF': {'allele': 'A', 'hp': 2, 'count': 29}, 'ALT': {'allele': 'T', 'hp': 1, 'count': 24}}

chr7:103360507 --> {'REF': {'allele': 'C', 'hp': 1, 'count': 15}, 'ALT': {'allele': 'T', 'hp': 2, 'count': 10}}

chr7:104114410 --> {'REF': {'allele': 'C', 'hp': 2, 'count': 31}, 'ALT': {'allele': 'T', 'hp': 1, 'count': 25}}

chr7:105020160 --> {'REF': {'allele': 'G', 'hp': 2, 'count': 24}, 'ALT': {'allele': 'T', 'hp': 1, 'count': 16}}

chr7:106398124 --> {'REF': {'allele': 'A', 'hp': 1, 'count': 20}, 'ALT': {'allele': 'C', 'hp': 2, 'count': 14}}

chr7:107070058 --> {'REF': {'allele': 'A', 'hp': 2, 'count': 26}, 'ALT': {'allele': 'T', 'hp': 1, 'count': 14}}

chr7:107644215 --> {'REF': {'allele': 'A', 'hp': 1, 'count': 21}, 'ALT': {'allele': 'G', 'hp': 2, 'count': 18}}

chr7:108125924 --> {'REF': {'allele': 'C', 'hp': 2, 'count': 23}, 'ALT': {'allele': 'T', 'hp': 1, 'count': 18}}

chr7:108485491 --> {'REF': {'allele': 'C', 'hp': 1, 'count': 24}, 'ALT': {'allele': 'G', 'hp': 2, 'count': 20}}

chr7:109321567 --> {'REF': {'allele': 'A', 'hp': 2, 'count': 26}, 'ALT': {'allele': 'G', 'hp': 1, 'count': 15}}

chr7:111408677 --> {'REF': {'allele': 'G', 'hp': 2, 'count': 32}, 'ALT': {'allele': 'A', 'hp': 1, 'count': 28}}

chr7:112602834 --> {'REF': {'allele': 'C', 'hp': 1, 'count': 28}, 'ALT': {'allele': 'G', 'hp': 2, 'count': 26}}

chr7:114627047 --> {'REF': {'allele': 'T', 'hp': 1, 'count': 25}, 'ALT': {'allele': 'G', 'hp': 2, 'count': 24}}

chr7:115286208 --> {'REF': {'allele': 'T', 'hp': 2, 'count': 21}, 'ALT': {'allele': 'G', 'hp': 1, 'count': 20}}

chr7:116066024 --> {'REF': {'allele': 'A', 'hp': 1, 'count': 21}, 'ALT': {'allele': 'C', 'hp': 2, 'count': 18}}

chr7:116565812 --> {'REF': {'allele': 'T', 'hp': 1, 'count': 26}, 'ALT': {'allele': 'G', 'hp': 2, 'count': 13}}

chr7:117697490 --> {'REF': {'allele': 'T', 'hp': 2, 'count': 20}, 'ALT': {'allele': 'C', 'hp': 1, 'count': 17}}

chr7:117989460 --> {'REF': {'allele': 'G', 'hp': 2, 'count': 26}, 'ALT': {'allele': 'A', 'hp': 1, 'count': 19}}

chr7:120598759 --> {'REF': {'allele': 'C', 'hp': 1, 'count': 29}, 'ALT': {'allele': 'T', 'hp': 2, 'count': 26}}

chr7:121168948 --> {'REF': {'allele': 'T', 'hp': 1, 'count': 40}, 'ALT': {'allele': 'C', 'hp': 2, 'count': 23}}

chr7:121747527 --> {'REF': {'allele': 'A', 'hp': 2, 'count': 34}, 'ALT': {'allele': 'G', 'hp': 1, 'count': 25}}

chr7:121860781 --> {'REF': {'allele': 'A', 'hp': 1, 'count': 28}, 'ALT': {'allele': 'G', 'hp': 2, 'count': 26}}

chr7:122958478 --> {'REF': {'allele': 'A', 'hp': 2, 'count': 28}, 'ALT': {'allele': 'G', 'hp': 1, 'count': 26}}

chr7:123166305 --> {'REF': {'allele': 'T', 'hp': 2, 'count': 33}, 'ALT': {'allele': 'A', 'hp': 1, 'count': 27}}

chr7:123618754 --> {'REF': {'allele': 'C', 'hp': 2, 'count': 15}, 'ALT': {'allele': 'G', 'hp': 1, 'count': 14}}

chr7:126040089 --> {'REF': {'allele': 'C', 'hp': 1, 'count': 26}, 'ALT': {'allele': 'T', 'hp': 2, 'count': 19}}

chr7:126737377 --> {'REF': {'allele': 'C', 'hp': 1, 'count': 32}, 'ALT': {'allele': 'T', 'hp': 2, 'count': 28}}

chr7:126975074 --> {'REF': {'allele': 'T', 'hp': 2, 'count': 44}, 'ALT': {'allele': 'C', 'hp': 1, 'count': 31}}

chr7:127319504 --> {'REF': {'allele': 'A', 'hp': 1, 'count': 34}, 'ALT': {'allele': 'G', 'hp': 2, 'count': 23}}

chr7:127879402 --> {'REF': {'allele': 'G', 'hp': 1, 'count': 30}, 'ALT': {'allele': 'A', 'hp': 2, 'count': 26}}

chr7:128589404 --> {'REF': {'allele': 'C', 'hp': 2, 'count': 23}, 'ALT': {'allele': 'T', 'hp': 1, 'count': 21}}

chr7:130384044 --> {'REF': {'allele': 'G', 'hp': 1, 'count': 15}, 'ALT': {'allele': 'A', 'hp': 2, 'count': 12}}

chr7:131349466 --> {'REF': {'allele': 'G', 'hp': 1, 'count': 10}, 'ALT': {'allele': 'C', 'hp': 2, 'count': 9}}

chr7:131443659 --> {'REF': {'allele': 'A', 'hp': 2, 'count': 23}, 'ALT': {'allele': 'G', 'hp': 1, 'count': 15}}

chr7:132086596 --> {'REF': {'allele': 'G', 'hp': 1, 'count': 18}, 'ALT': {'allele': 'A', 'hp': 2, 'count': 15}}

chr7:132972948 --> {'REF': {'allele': 'C', 'hp': 2, 'count': 16}, 'ALT': {'allele': 'T', 'hp': 1, 'count': 11}}

chr7:134356123 --> {'REF': {'allele': 'A', 'hp': 1, 'count': 22}, 'ALT': {'allele': 'G', 'hp': 2, 'count': 17}}

chr7:135664496 --> {'REF': {'allele': 'C', 'hp': 2, 'count': 16}, 'ALT': {'allele': 'T', 'hp': 1, 'count': 13}}

chr7:136113838 --> {'REF': {'allele': 'G', 'hp': 2, 'count': 26}, 'ALT': {'allele': 'A', 'hp': 1, 'count': 21}}

chr7:136210994 --> {'REF': {'allele': 'T', 'hp': 1, 'count': 17}, 'ALT': {'allele': 'T', 'hp': 1, 'count': 17}}

chr7:137449033 --> {'REF': {'allele': 'C', 'hp': 2, 'count': 23}, 'ALT': {'allele': 'T', 'hp': 1, 'count': 19}}

chr7:137595312 --> {'REF': {'allele': 'C', 'hp': 2, 'count': 23}, 'ALT': {'allele': 'T', 'hp': 1, 'count': 19}}

chr7:137973403 --> {'REF': {'allele': 'T', 'hp': 1, 'count': 35}, 'ALT': {'allele': 'C', 'hp': 2, 'count': 24}}

chr7:138996440 --> {'REF': {'allele': 'A', 'hp': 2, 'count': 16}, 'ALT': {'allele': 'A', 'hp': 2, 'count': 16}}

chr7:140679544 --> {'REF': {'allele': 'A', 'hp': 2, 'count': 21}, 'ALT': {'allele': 'G', 'hp': 1, 'count': 19}}

chr7:140999663 --> {'REF': {'allele': 'C', 'hp': 2, 'count': 17}, 'ALT': {'allele': 'T', 'hp': 1, 'count': 14}}

chr7:141664216 --> {'REF': {'allele': 'A', 'hp': 1, 'count': 15}, 'ALT': {'allele': 'C', 'hp': 2, 'count': 14}}

chr7:142515069 --> {'REF': {'allele': 'A', 'hp': 2, 'count': 17}, 'ALT': {'allele': 'G', 'hp': 1, 'count': 12}}

chr7:143655414 --> {'REF': {'allele': 'G', 'hp': 2, 'count': 17}, 'ALT': {'allele': 'T', 'hp': 1, 'count': 12}}

chr7:143875662 --> {'REF': {'allele': 'A', 'hp': 2, 'count': 16}, 'ALT': {'allele': 'G', 'hp': 1, 'count': 13}}

chr7:144150548 --> {'REF': {'allele': 'A', 'hp': 1, 'count': 15}, 'ALT': {'allele': 'G', 'hp': 2, 'count': 13}}

chr7:144684322 --> {'REF': {'allele': 'C', 'hp': 1, 'count': 15}, 'ALT': {'allele': 'T', 'hp': 2, 'count': 11}}

chr7:144857335 --> {'REF': {'allele': 'G', 'hp': 1, 'count': 22}, 'ALT': {'allele': 'A', 'hp': 2, 'count': 20}}

chr7:147233524 --> {'REF': {'allele': 'A', 'hp': 1, 'count': 27}, 'ALT': {'allele': 'G', 'hp': 2, 'count': 18}}

chr7:147759946 --> {'REF': {'allele': 'G', 'hp': 2, 'count': 22}, 'ALT': {'allele': 'C', 'hp': 1, 'count': 19}}

chr7:148024620 --> {'REF': {'allele': 'T', 'hp': 2, 'count': 27}, 'ALT': {'allele': 'A', 'hp': 1, 'count': 17}}

chr7:148838552 --> {'REF': {'allele': 'T', 'hp': 1, 'count': 22}, 'ALT': {'allele': 'C', 'hp': 2, 'count': 19}}

chr7:149453880 --> {'REF': {'allele': 'T', 'hp': 2, 'count': 19}, 'ALT': {'allele': 'C', 'hp': 1, 'count': 18}}

chr7:149849083 --> {'REF': {'allele': 'C', 'hp': 1, 'count': 16}, 'ALT': {'allele': 'A', 'hp': 2, 'count': 13}}

chr7:150522867 --> {'REF': {'allele': 'G', 'hp': 2, 'count': 15}, 'ALT': {'allele': 'A', 'hp': 1, 'count': 14}}

chr7:150853800 --> {'REF': {'allele': 'A', 'hp': 2, 'count': 23}, 'ALT': {'allele': 'G', 'hp': 1, 'count': 14}}

chr7:151676443 --> {'REF': {'allele': 'T', 'hp': 2, 'count': 18}, 'ALT': {'allele': 'C', 'hp': 1, 'count': 16}}

chr7:151863828 --> {'REF': {'allele': 'C', 'hp': 2, 'count': 23}, 'ALT': {'allele': 'T', 'hp': 1, 'count': 18}}

chr7:152044198 --> {'REF': {'allele': 'C', 'hp': 2, 'count': 13}, 'ALT': {'allele': 'T', 'hp': 1, 'count': 12}}

chr7:154135650 --> {'REF': {'allele': 'G', 'hp': 2, 'count': 19}, 'ALT': {'allele': 'A', 'hp': 1, 'count': 16}}

chr7:154349875 --> {'REF': {'allele': 'T', 'hp': 2, 'count': 18}, 'ALT': {'allele': 'T', 'hp': 2, 'count': 18}}

chr7:154498580 --> {'REF': {'allele': 'G', 'hp': 2, 'count': 16}, 'ALT': {'allele': 'A', 'hp': 1, 'count': 14}}

chr7:154586171 --> {'REF': {'allele': 'A', 'hp': 1, 'count': 24}, 'ALT': {'allele': 'G', 'hp': 2, 'count': 15}}

chr7:155335420 --> {'REF': {'allele': 'G', 'hp': 1, 'count': 20}, 'ALT': {'allele': 'A', 'hp': 2, 'count': 15}}

chr7:155464571 --> {'REF': {'allele': 'G', 'hp': 1, 'count': 21}, 'ALT': {'allele': 'A', 'hp': 2, 'count': 9}}

chr7:155652709 --> {'REF': {'allele': 'A', 'hp': 1, 'count': 25}, 'ALT': {'allele': 'G', 'hp': 2, 'count': 21}}

chr7:157035126 --> {'REF': {'allele': 'G', 'hp': 2, 'count': 13}, 'ALT': {'allele': 'A', 'hp': 1, 'count': 10}}

chr7:157478834 --> {'REF': {'allele': 'G', 'hp': 2, 'count': 25}, 'ALT': {'allele': 'A', 'hp': 1, 'count': 22}}

chr7:158107336 --> {'REF': {'allele': 'G', 'hp': 1, 'count': 17}, 'ALT': {'allele': 'C', 'hp': 2, 'count': 15}}

chr7:158520701 --> {'REF': {'allele': 'C', 'hp': 1, 'count': 11}, 'ALT': {'allele': 'C', 'hp': 1, 'count': 11}}

chr7:159318784 --> {'REF': {'allele': 'C', 'hp': 1, 'count': 10}, 'ALT': {'allele': 'T', 'hp': 2, 'count': 9}}

chr7:159674892 --> {'REF': {'allele': 'A', 'hp': 2, 'count': 11}, 'ALT': {'allele': 'A', 'hp': 2, 'count': 11}}

chr7:160237758 --> {'REF': {'allele': 'C', 'hp': 1, 'count': 15}, 'ALT': {'allele': 'T', 'hp': 2, 'count': 13}}

chr7:160368279 --> {'REF': {'allele': 'T', 'hp': 2, 'count': 18}, 'ALT': {'allele': 'C', 'hp': 1, 'count': 15}}

chr20:172555 --> {'REF': {'allele': 'A', 'hp': 2, 'count': 30}, 'ALT': {'allele': 'G', 'hp': 1, 'count': 23}}

chr20:932514 --> {'REF': {'allele': 'A', 'hp': 2, 'count': 18}, 'ALT': {'allele': 'C', 'hp': 1, 'count': 12}}

chr20:1204551 --> {'REF': {'allele': 'G', 'hp': 1, 'count': 22}, 'ALT': {'allele': 'A', 'hp': 2, 'count': 18}}

chr20:1628928 --> {'REF': {'allele': 'G', 'hp': 2, 'count': 44}, 'ALT': {'allele': 'A', 'hp': 1, 'count': 17}}

chr20:2253881 --> {'REF': {'allele': 'C', 'hp': 2, 'count': 17}, 'ALT': {'allele': 'A', 'hp': 1, 'count': 12}}

chr20:2408604 --> {'REF': {'allele': 'T', 'hp': 2, 'count': 14}, 'ALT': {'allele': 'T', 'hp': 2, 'count': 14}}

chr20:2676709 --> {'REF': {'allele': 'A', 'hp': 1, 'count': 17}, 'ALT': {'allele': 'G', 'hp': 2, 'count': 12}}

chr20:3865132 --> {'REF': {'allele': 'A', 'hp': 1, 'count': 15}, 'ALT': {'allele': 'G', 'hp': 2, 'count': 10}}

chr20:4246119 --> {'REF': {'allele': 'T', 'hp': 1, 'count': 15}, 'ALT': {'allele': 'C', 'hp': 2, 'count': 14}}

chr20:4924405 --> {'REF': {'allele': 'T', 'hp': 2, 'count': 15}, 'ALT': {'allele': 'C', 'hp': 1, 'count': 13}}

chr20:6413119 --> {'REF': {'allele': 'G', 'hp': 2, 'count': 27}, 'ALT': {'allele': 'G', 'hp': 2, 'count': 27}}

chr20:6830274 --> {'REF': {'allele': 'C', 'hp': 2, 'count': 34}, 'ALT': {'allele': 'T', 'hp': 1, 'count': 26}}

chr20:7749278 --> {'REF': {'allele': 'G', 'hp': 2, 'count': 20}, 'ALT': {'allele': 'A', 'hp': 1, 'count': 18}}

chr20:8023297 --> {'REF': {'allele': 'C', 'hp': 2, 'count': 24}, 'ALT': {'allele': 'T', 'hp': 1, 'count': 22}}

chr20:8163404 --> {'REF': {'allele': 'C', 'hp': 1, 'count': 22}, 'ALT': {'allele': 'G', 'hp': 2, 'count': 16}}

chr20:8617774 --> {'REF': {'allele': 'A', 'hp': 1, 'count': 24}, 'ALT': {'allele': 'T', 'hp': 2, 'count': 23}}

chr20:9720578 --> {'REF': {'allele': 'G', 'hp': 1, 'count': 25}, 'ALT': {'allele': 'A', 'hp': 2, 'count': 18}}

chr20:10252305 --> {'REF': {'allele': 'A', 'hp': 1, 'count': 18}, 'ALT': {'allele': 'C', 'hp': 2, 'count': 14}}

chr20:10895377 --> {'REF': {'allele': 'T', 'hp': 1, 'count': 18}, 'ALT': {'allele': 'A', 'hp': 2, 'count': 17}}

chr20:11464300 --> {'REF': {'allele': 'G', 'hp': 1, 'count': 24}, 'ALT': {'allele': 'T', 'hp': 2, 'count': 23}}

chr20:12020902 --> {'REF': {'allele': 'A', 'hp': 1, 'count': 22}, 'ALT': {'allele': 'G', 'hp': 2, 'count': 13}}

chr20:12640927 --> {'REF': {'allele': 'T', 'hp': 1, 'count': 25}, 'ALT': {'allele': 'A', 'hp': 2, 'count': 19}}

chr20:12732952 --> {'REF': {'allele': 'T', 'hp': 2, 'count': 23}, 'ALT': {'allele': 'G', 'hp': 1, 'count': 20}}

chr20:13063116 --> {'REF': {'allele': 'T', 'hp': 2, 'count': 26}, 'ALT': {'allele': 'C', 'hp': 1, 'count': 22}}

chr20:13134905 --> {'REF': {'allele': 'G', 'hp': 1, 'count': 26}, 'ALT': {'allele': 'A', 'hp': 2, 'count': 25}}

chr20:13406042 --> {'REF': {'allele': 'C', 'hp': 1, 'count': 23}, 'ALT': {'allele': 'T', 'hp': 2, 'count': 12}}

chr20:13773452 --> {'REF': {'allele': 'G', 'hp': 2, 'count': 25}, 'ALT': {'allele': 'C', 'hp': 1, 'count': 20}}

chr20:14515191 --> {'REF': {'allele': 'G', 'hp': 2, 'count': 17}, 'ALT': {'allele': 'T', 'hp': 1, 'count': 16}}

chr20:14733945 --> {'REF': {'allele': 'T', 'hp': 2, 'count': 25}, 'ALT': {'allele': 'T', 'hp': 2, 'count': 25}}

chr20:15754913 --> {'REF': {'allele': 'T', 'hp': 1, 'count': 26}, 'ALT': {'allele': 'A', 'hp': 2, 'count': 24}}

chr20:16043394 --> {'REF': {'allele': 'C', 'hp': 2, 'count': 30}, 'ALT': {'allele': 'T', 'hp': 1, 'count': 25}}

chr20:16513371 --> {'REF': {'allele': 'T', 'hp': 2, 'count': 20}, 'ALT': {'allele': 'C', 'hp': 1, 'count': 17}}

chr20:17390095 --> {'REF': {'allele': 'C', 'hp': 2, 'count': 28}, 'ALT': {'allele': 'T', 'hp': 1, 'count': 11}}

chr20:17579772 --> {'REF': {'allele': 'C', 'hp': 1, 'count': 11}, 'ALT': {'allele': 'T', 'hp': 2, 'count': 9}}

chr20:18913178 --> {'REF': {'allele': 'G', 'hp': 1, 'count': 23}, 'ALT': {'allele': 'T', 'hp': 2, 'count': 17}}

chr20:19660279 --> {'REF': {'allele': 'A', 'hp': 1, 'count': 24}, 'ALT': {'allele': 'G', 'hp': 2, 'count': 22}}

chr20:20822179 --> {'REF': {'allele': 'C', 'hp': 2, 'count': 23}, 'ALT': {'allele': 'T', 'hp': 1, 'count': 17}}

chr20:21077056 --> {'REF': {'allele': 'A', 'hp': 2, 'count': 23}, 'ALT': {'allele': 'C', 'hp': 1, 'count': 18}}

chr20:22418879 --> {'REF': {'allele': 'A', 'hp': 2, 'count': 26}, 'ALT': {'allele': 'T', 'hp': 1, 'count': 20}}

chr20:22669695 --> {'REF': {'allele': 'G', 'hp': 1, 'count': 20}, 'ALT': {'allele': 'A', 'hp': 2, 'count': 19}}

chr20:23165000 --> {'REF': {'allele': 'C', 'hp': 1, 'count': 22}, 'ALT': {'allele': 'T', 'hp': 2, 'count': 14}}

chr20:23668338 --> {'REF': {'allele': 'A', 'hp': 1, 'count': 22}, 'ALT': {'allele': 'G', 'hp': 2, 'count': 18}}

chr20:24506814 --> {'REF': {'allele': 'A', 'hp': 1, 'count': 18}, 'ALT': {'allele': 'T', 'hp': 2, 'count': 13}}

chr20:24770924 --> {'REF': {'allele': 'C', 'hp': 2, 'count': 20}, 'ALT': {'allele': 'T', 'hp': 1, 'count': 18}}

chr20:25706881 --> {'REF': {'allele': 'T', 'hp': 2, 'count': 20}, 'ALT': {'allele': 'G', 'hp': 1, 'count': 14}}

chr20:30252151 --> {'REF': {'allele': 'C', 'hp': 2, 'count': 18}, 'ALT': {'allele': 'G', 'hp': 1, 'count': 14}}

chr20:33154523 --> {'REF': {'allele': 'C', 'hp': 1, 'count': 14}, 'ALT': {'allele': 'G', 'hp': 2, 'count': 13}}

chr20:36118133 --> {'REF': {'allele': 'A', 'hp': 2, 'count': 15}, 'ALT': {'allele': 'C', 'hp': 1, 'count': 10}}

chr20:36822297 --> {'REF': {'allele': 'A', 'hp': 1, 'count': 19}, 'ALT': {'allele': 'G', 'hp': 2, 'count': 18}}

chr20:39679304 --> {'REF': {'allele': 'T', 'hp': 2, 'count': 11}, 'ALT': {'allele': 'C', 'hp': 1, 'count': 10}}

chr20:40124743 --> {'REF': {'allele': 'A', 'hp': 2, 'count': 21}, 'ALT': {'allele': 'T', 'hp': 1, 'count': 13}}

chr20:40461308 --> {'REF': {'allele': 'T', 'hp': 2, 'count': 15}, 'ALT': {'allele': 'G', 'hp': 1, 'count': 13}}

chr20:41729857 --> {'REF': {'allele': 'T', 'hp': 2, 'count': 25}, 'ALT': {'allele': 'C', 'hp': 1, 'count': 20}}

chr20:42250134 --> {'REF': {'allele': 'G', 'hp': 1, 'count': 24}, 'ALT': {'allele': 'A', 'hp': 2, 'count': 19}}

chr20:42447679 --> {'REF': {'allele': 'T', 'hp': 1, 'count': 22}, 'ALT': {'allele': 'A', 'hp': 2, 'count': 16}}

chr20:43482011 --> {'REF': {'allele': 'C', 'hp': 2, 'count': 23}, 'ALT': {'allele': 'T', 'hp': 1, 'count': 16}}

chr20:43830075 --> {'REF': {'allele': 'C', 'hp': 1, 'count': 10}, 'ALT': {'allele': 'C', 'hp': 1, 'count': 10}}

chr20:44084721 --> {'REF': {'allele': 'G', 'hp': 1, 'count': 22}, 'ALT': {'allele': 'A', 'hp': 2, 'count': 15}}

chr20:44576948 --> {'REF': {'allele': 'T', 'hp': 1, 'count': 15}, 'ALT': {'allele': 'C', 'hp': 2, 'count': 13}}

chr20:45278968 --> {'REF': {'allele': 'C', 'hp': 2, 'count': 12}, 'ALT': {'allele': 'T', 'hp': 1, 'count': 10}}

chr20:47058783 --> {'REF': {'allele': 'A', 'hp': 2, 'count': 12}, 'ALT': {'allele': 'T', 'hp': 1, 'count': 11}}

chr20:47331591 --> {'REF': {'allele': 'A', 'hp': 1, 'count': 11}, 'ALT': {'allele': 'C', 'hp': 2, 'count': 9}}

chr20:47981730 --> {'REF': {'allele': 'A', 'hp': 1, 'count': 14}, 'ALT': {'allele': 'G', 'hp': 2, 'count': 13}}

chr20:48109001 --> {'REF': {'allele': 'C', 'hp': 1, 'count': 17}, 'ALT': {'allele': 'G', 'hp': 2, 'count': 13}}

chr20:48300832 --> {'REF': {'allele': 'G', 'hp': 1, 'count': 15}, 'ALT': {'allele': 'A', 'hp': 2, 'count': 12}}

chr20:48681137 --> {'REF': {'allele': 'T', 'hp': 1, 'count': 18}, 'ALT': {'allele': 'A', 'hp': 2, 'count': 13}}

chr20:48803105 --> {'REF': {'allele': 'A', 'hp': 2, 'count': 18}, 'ALT': {'allele': 'G', 'hp': 1, 'count': 15}}

chr20:50172664 --> {'REF': {'allele': 'G', 'hp': 1, 'count': 11}, 'ALT': {'allele': 'A', 'hp': 2, 'count': 9}}

chr20:51285144 --> {'REF': {'allele': 'G', 'hp': 1, 'count': 19}, 'ALT': {'allele': 'A', 'hp': 2, 'count': 12}}

chr20:53027349 --> {'REF': {'allele': 'G', 'hp': 1, 'count': 16}, 'ALT': {'allele': 'T', 'hp': 2, 'count': 11}}

chr20:53084788 --> {'REF': {'allele': 'T', 'hp': 2, 'count': 12}, 'ALT': {'allele': 'C', 'hp': 1, 'count': 10}}

chr20:56725318 --> {'REF': {'allele': 'C', 'hp': 1, 'count': 22}, 'ALT': {'allele': 'C', 'hp': 1, 'count': 22}}

chr20:57405131 --> {'REF': {'allele': 'T', 'hp': 2, 'count': 22}, 'ALT': {'allele': 'C', 'hp': 1, 'count': 21}}

chr20:58258062 --> {'REF': {'allele': 'T', 'hp': 2, 'count': 15}, 'ALT': {'allele': 'C', 'hp': 1, 'count': 13}}

chr20:58596432 --> {'REF': {'allele': 'G', 'hp': 1, 'count': 16}, 'ALT': {'allele': 'T', 'hp': 2, 'count': 11}}

chr20:59508238 --> {'REF': {'allele': 'T', 'hp': 1, 'count': 14}, 'ALT': {'allele': 'C', 'hp': 2, 'count': 10}}

chr20:60850233 --> {'REF': {'allele': 'G', 'hp': 2, 'count': 25}, 'ALT': {'allele': 'T', 'hp': 1, 'count': 10}}

chr20:61471543 --> {'REF': {'allele': 'A', 'hp': 1, 'count': 15}, 'ALT': {'allele': 'G', 'hp': 2, 'count': 14}}

chr20:61796686 --> {'REF': {'allele': 'G', 'hp': 1, 'count': 12}, 'ALT': {'allele': 'A', 'hp': 2, 'count': 11}}

chr20:62108339 --> {'REF': {'allele': 'C', 'hp': 2, 'count': 19}, 'ALT': {'allele': 'T', 'hp': 1, 'count': 15}}

chr20:62593168 --> {'REF': {'allele': 'C', 'hp': 2, 'count': 15}, 'ALT': {'allele': 'T', 'hp': 1, 'count': 14}}

chr20:62908130 --> {'REF': {'allele': 'G', 'hp': 1, 'count': 18}, 'ALT': {'allele': 'A', 'hp': 2, 'count': 16}}

chr20:63100748 --> {'REF': {'allele': 'T', 'hp': 1, 'count': 16}, 'ALT': {'allele': 'C', 'hp': 2, 'count': 10}}

chr20:63432824 --> {'REF': {'allele': 'A', 'hp': 1, 'count': 13}, 'ALT': {'allele': 'A', 'hp': 1, 'count': 13}}

chr20:63519868 --> {'REF': {'allele': 'G', 'hp': 1, 'count': 10}, 'ALT': {'allele': 'G', 'hp': 1, 'count': 10}}

chr20:63618950 --> {'REF': {'allele': 'A', 'hp': 1, 'count': 17}, 'ALT': {'allele': 'G', 'hp': 2, 'count': 11}}

chr22:10328872 --> {'REF': {'allele': 'A', 'hp': 1, 'count': 22}, 'ALT': {'allele': 'G', 'hp': 2, 'count': 21}}

chr22:17420645 --> {'REF': {'allele': 'G', 'hp': 1, 'count': 29}, 'ALT': {'allele': 'A', 'hp': 2, 'count': 22}}

chr22:18389900 --> {'REF': {'allele': 'C', 'hp': 1, 'count': 16}, 'ALT': {'allele': 'G', 'hp': 2, 'count': 10}}

chr22:18603337 --> {'REF': {'allele': 'C', 'hp': 1, 'count': 17}, 'ALT': {'allele': 'T', 'hp': 2, 'count': 12}}

chr22:22172193 --> {'REF': {'allele': 'G', 'hp': 1, 'count': 12}, 'ALT': {'allele': 'C', 'hp': 2, 'count': 11}}

chr22:22668837 --> {'REF': {'allele': 'G', 'hp': 2, 'count': 10}, 'ALT': {'allele': 'T', 'hp': 1, 'count': 9}}

chr22:25976320 --> {'REF': {'allele': 'A', 'hp': 2, 'count': 18}, 'ALT': {'allele': 'G', 'hp': 1, 'count': 16}}

chr22:26578991 --> {'REF': {'allele': 'T', 'hp': 1, 'count': 21}, 'ALT': {'allele': 'C', 'hp': 2, 'count': 19}}

chr22:27270483 --> {'REF': {'allele': 'A', 'hp': 1, 'count': 14}, 'ALT': {'allele': 'G', 'hp': 2, 'count': 9}}

chr22:28154483 --> {'REF': {'allele': 'C', 'hp': 1, 'count': 14}, 'ALT': {'allele': 'A', 'hp': 2, 'count': 12}}

chr22:28362066 --> {'REF': {'allele': 'C', 'hp': 2, 'count': 22}, 'ALT': {'allele': 'T', 'hp': 1, 'count': 18}}

chr22:28577768 --> {'REF': {'allele': 'G', 'hp': 1, 'count': 23}, 'ALT': {'allele': 'C', 'hp': 2, 'count': 17}}

chr22:31187110 --> {'REF': {'allele': 'G', 'hp': 1, 'count': 16}, 'ALT': {'allele': 'A', 'hp': 2, 'count': 10}}

chr22:32754790 --> {'REF': {'allele': 'G', 'hp': 1, 'count': 19}, 'ALT': {'allele': 'A', 'hp': 2, 'count': 12}}

chr22:34284118 --> {'REF': {'allele': 'C', 'hp': 2, 'count': 20}, 'ALT': {'allele': 'T', 'hp': 1, 'count': 19}}

chr22:34848646 --> {'REF': {'allele': 'C', 'hp': 2, 'count': 17}, 'ALT': {'allele': 'T', 'hp': 1, 'count': 10}}

chr22:35273937 --> {'REF': {'allele': 'G', 'hp': 2, 'count': 14}, 'ALT': {'allele': 'A', 'hp': 1, 'count': 11}}

chr22:36470235 --> {'REF': {'allele': 'G', 'hp': 2, 'count': 16}, 'ALT': {'allele': 'A', 'hp': 1, 'count': 13}}

chr22:37067577 --> {'REF': {'allele': 'T', 'hp': 1, 'count': 15}, 'ALT': {'allele': 'C', 'hp': 2, 'count': 13}}

chr22:40397670 --> {'REF': {'allele': 'A', 'hp': 1, 'count': 26}, 'ALT': {'allele': 'G', 'hp': 2, 'count': 24}}

chr22:40544810 --> {'REF': {'allele': 'C', 'hp': 1, 'count': 17}, 'ALT': {'allele': 'G', 'hp': 2, 'count': 14}}

chr22:44152228 --> {'REF': {'allele': 'A', 'hp': 1, 'count': 25}, 'ALT': {'allele': 'G', 'hp': 2, 'count': 17}}

chr8:421955 --> {'REF': {'allele': 'C', 'hp': 1, 'count': 20}, 'ALT': {'allele': 'G', 'hp': 2, 'count': 14}}

chr8:996529 --> {'REF': {'allele': 'A', 'hp': 2, 'count': 15}, 'ALT': {'allele': 'G', 'hp': 1, 'count': 9}}

chr8:1893080 --> {'REF': {'allele': 'C', 'hp': 1, 'count': 23}, 'ALT': {'allele': 'T', 'hp': 2, 'count': 21}}

chr8:2398946 --> {'REF': {'allele': 'T', 'hp': 2, 'count': 21}, 'ALT': {'allele': 'C', 'hp': 1, 'count': 15}}

chr8:2649283 --> {'REF': {'allele': 'C', 'hp': 1, 'count': 24}, 'ALT': {'allele': 'G', 'hp': 2, 'count': 23}}

chr8:3286426 --> {'REF': {'allele': 'T', 'hp': 2, 'count': 23}, 'ALT': {'allele': 'G', 'hp': 1, 'count': 18}}

chr8:4531195 --> {'REF': {'allele': 'A', 'hp': 1, 'count': 32}, 'ALT': {'allele': 'C', 'hp': 2, 'count': 23}}

chr8:5430817 --> {'REF': {'allele': 'A', 'hp': 1, 'count': 30}, 'ALT': {'allele': 'G', 'hp': 2, 'count': 24}}

chr8:8678130 --> {'REF': {'allele': 'T', 'hp': 1, 'count': 13}, 'ALT': {'allele': 'C', 'hp': 2, 'count': 10}}

chr8:10130546 --> {'REF': {'allele': 'A', 'hp': 1, 'count': 25}, 'ALT': {'allele': 'T', 'hp': 2, 'count': 15}}

chr8:12646107 --> {'REF': {'allele': 'C', 'hp': 2, 'count': 23}, 'ALT': {'allele': 'T', 'hp': 1, 'count': 19}}

chr8:13057815 --> {'REF': {'allele': 'C', 'hp': 2, 'count': 20}, 'ALT': {'allele': 'T', 'hp': 1, 'count': 17}}

chr8:14234636 --> {'REF': {'allele': 'T', 'hp': 1, 'count': 29}, 'ALT': {'allele': 'A', 'hp': 2, 'count': 26}}

chr8:14856323 --> {'REF': {'allele': 'A', 'hp': 2, 'count': 26}, 'ALT': {'allele': 'T', 'hp': 1, 'count': 23}}

chr8:16111531 --> {'REF': {'allele': 'G', 'hp': 1, 'count': 28}, 'ALT': {'allele': 'C', 'hp': 2, 'count': 23}}

chr8:16750993 --> {'REF': {'allele': 'A', 'hp': 2, 'count': 21}, 'ALT': {'allele': 'G', 'hp': 1, 'count': 17}}

chr8:17120688 --> {'REF': {'allele': 'A', 'hp': 2, 'count': 22}, 'ALT': {'allele': 'G', 'hp': 1, 'count': 21}}

chr8:17991781 --> {'REF': {'allele': 'G', 'hp': 1, 'count': 31}, 'ALT': {'allele': 'A', 'hp': 2, 'count': 12}}

chr8:18672856 --> {'REF': {'allele': 'T', 'hp': 2, 'count': 25}, 'ALT': {'allele': 'C', 'hp': 1, 'count': 24}}

chr8:19744504 --> {'REF': {'allele': 'T', 'hp': 1, 'count': 22}, 'ALT': {'allele': 'G', 'hp': 2, 'count': 13}}

chr8:20503158 --> {'REF': {'allele': 'A', 'hp': 2, 'count': 18}, 'ALT': {'allele': 'G', 'hp': 1, 'count': 13}}

chr8:20593586 --> {'REF': {'allele': 'G', 'hp': 2, 'count': 12}, 'ALT': {'allele': 'A', 'hp': 1, 'count': 11}}

chr8:21322968 --> {'REF': {'allele': 'A', 'hp': 2, 'count': 15}, 'ALT': {'allele': 'T', 'hp': 1, 'count': 11}}

chr8:21766766 --> {'REF': {'allele': 'T', 'hp': 2, 'count': 18}, 'ALT': {'allele': 'G', 'hp': 1, 'count': 17}}

chr8:22275788 --> {'REF': {'allele': 'C', 'hp': 1, 'count': 16}, 'ALT': {'allele': 'T', 'hp': 2, 'count': 11}}

chr8:22925341 --> {'REF': {'allele': 'T', 'hp': 1, 'count': 15}, 'ALT': {'allele': 'G', 'hp': 2, 'count': 14}}

chr8:24042508 --> {'REF': {'allele': 'T', 'hp': 2, 'count': 21}, 'ALT': {'allele': 'A', 'hp': 1, 'count': 11}}

chr8:25665320 --> {'REF': {'allele': 'T', 'hp': 1, 'count': 24}, 'ALT': {'allele': 'C', 'hp': 2, 'count': 15}}

chr8:26968916 --> {'REF': {'allele': 'A', 'hp': 2, 'count': 11}, 'ALT': {'allele': 'A', 'hp': 2, 'count': 11}}

chr8:27747678 --> {'REF': {'allele': 'C', 'hp': 1, 'count': 14}, 'ALT': {'allele': 'G', 'hp': 2, 'count': 12}}

chr8:28162822 --> {'REF': {'allele': 'C', 'hp': 1, 'count': 15}, 'ALT': {'allele': 'A', 'hp': 2, 'count': 14}}

chr8:29063387 --> {'REF': {'allele': 'C', 'hp': 1, 'count': 21}, 'ALT': {'allele': 'T', 'hp': 2, 'count': 15}}

chr8:30260976 --> {'REF': {'allele': 'C', 'hp': 1, 'count': 14}, 'ALT': {'allele': 'C', 'hp': 1, 'count': 14}}

chr8:30997746 --> {'REF': {'allele': 'T', 'hp': 2, 'count': 12}, 'ALT': {'allele': 'C', 'hp': 1, 'count': 10}}

chr8:31779954 --> {'REF': {'allele': 'C', 'hp': 1, 'count': 28}, 'ALT': {'allele': 'T', 'hp': 2, 'count': 16}}

chr8:34250478 --> {'REF': {'allele': 'G', 'hp': 2, 'count': 20}, 'ALT': {'allele': 'A', 'hp': 1, 'count': 14}}

chr8:34684354 --> {'REF': {'allele': 'C', 'hp': 1, 'count': 23}, 'ALT': {'allele': 'G', 'hp': 2, 'count': 21}}

chr8:36940481 --> {'REF': {'allele': 'T', 'hp': 1, 'count': 31}, 'ALT': {'allele': 'C', 'hp': 2, 'count': 23}}

chr8:37505994 --> {'REF': {'allele': 'T', 'hp': 1, 'count': 26}, 'ALT': {'allele': 'C', 'hp': 2, 'count': 17}}

chr8:39157034 --> {'REF': {'allele': 'C', 'hp': 2, 'count': 22}, 'ALT': {'allele': 'T', 'hp': 1, 'count': 9}}

chr8:39888561 --> {'REF': {'allele': 'G', 'hp': 1, 'count': 38}, 'ALT': {'allele': 'T', 'hp': 2, 'count': 28}}

chr8:41543517 --> {'REF': {'allele': 'T', 'hp': 1, 'count': 18}, 'ALT': {'allele': 'T', 'hp': 1, 'count': 18}}

chr8:42109561 --> {'REF': {'allele': 'G', 'hp': 1, 'count': 12}, 'ALT': {'allele': 'T', 'hp': 2, 'count': 9}}

chr8:50748175 --> {'REF': {'allele': 'G', 'hp': 1, 'count': 34}, 'ALT': {'allele': 'A', 'hp': 2, 'count': 25}}

chr8:51581995 --> {'REF': {'allele': 'T', 'hp': 2, 'count': 24}, 'ALT': {'allele': 'T', 'hp': 2, 'count': 24}}

chr8:52411294 --> {'REF': {'allele': 'A', 'hp': 2, 'count': 16}, 'ALT': {'allele': 'G', 'hp': 1, 'count': 12}}

chr8:52854018 --> {'REF': {'allele': 'C', 'hp': 2, 'count': 16}, 'ALT': {'allele': 'T', 'hp': 1, 'count': 11}}

chr8:53306705 --> {'REF': {'allele': 'G', 'hp': 1, 'count': 19}, 'ALT': {'allele': 'C', 'hp': 2, 'count': 18}}

chr8:54022731 --> {'REF': {'allele': 'C', 'hp': 2, 'count': 21}, 'ALT': {'allele': 'T', 'hp': 1, 'count': 16}}

chr8:54888122 --> {'REF': {'allele': 'G', 'hp': 1, 'count': 20}, 'ALT': {'allele': 'A', 'hp': 2, 'count': 18}}

chr8:55482997 --> {'REF': {'allele': 'T', 'hp': 1, 'count': 31}, 'ALT': {'allele': 'C', 'hp': 2, 'count': 18}}

chr8:56072031 --> {'REF': {'allele': 'G', 'hp': 2, 'count': 20}, 'ALT': {'allele': 'T', 'hp': 1, 'count': 16}}

chr8:56983227 --> {'REF': {'allele': 'T', 'hp': 2, 'count': 25}, 'ALT': {'allele': 'C', 'hp': 1, 'count': 22}}

chr8:57908650 --> {'REF': {'allele': 'C', 'hp': 1, 'count': 30}, 'ALT': {'allele': 'A', 'hp': 2, 'count': 21}}

chr8:58179080 --> {'REF': {'allele': 'A', 'hp': 2, 'count': 35}, 'ALT': {'allele': 'C', 'hp': 1, 'count': 33}}

chr8:59171953 --> {'REF': {'allele': 'C', 'hp': 2, 'count': 25}, 'ALT': {'allele': 'T', 'hp': 1, 'count': 20}}

chr8:59473125 --> {'REF': {'allele': 'G', 'hp': 2, 'count': 23}, 'ALT': {'allele': 'T', 'hp': 1, 'count': 21}}

chr8:60563777 --> {'REF': {'allele': 'A', 'hp': 2, 'count': 26}, 'ALT': {'allele': 'G', 'hp': 1, 'count': 21}}

chr8:62153521 --> {'REF': {'allele': 'G', 'hp': 1, 'count': 24}, 'ALT': {'allele': 'C', 'hp': 2, 'count': 18}}

chr8:63469111 --> {'REF': {'allele': 'C', 'hp': 1, 'count': 22}, 'ALT': {'allele': 'G', 'hp': 2, 'count': 21}}

chr8:63730279 --> {'REF': {'allele': 'C', 'hp': 2, 'count': 20}, 'ALT': {'allele': 'T', 'hp': 1, 'count': 18}}

chr8:64018744 --> {'REF': {'allele': 'T', 'hp': 2, 'count': 26}, 'ALT': {'allele': 'C', 'hp': 1, 'count': 23}}

chr8:65357672 --> {'REF': {'allele': 'T', 'hp': 1, 'count': 30}, 'ALT': {'allele': 'G', 'hp': 2, 'count': 19}}

chr8:66567530 --> {'REF': {'allele': 'A', 'hp': 2, 'count': 21}, 'ALT': {'allele': 'C', 'hp': 1, 'count': 20}}

chr8:68256034 --> {'REF': {'allele': 'C', 'hp': 2, 'count': 25}, 'ALT': {'allele': 'T', 'hp': 1, 'count': 15}}

chr8:68523078 --> {'REF': {'allele': 'T', 'hp': 2, 'count': 25}, 'ALT': {'allele': 'C', 'hp': 1, 'count': 21}}

chr8:69681333 --> {'REF': {'allele': 'A', 'hp': 1, 'count': 22}, 'ALT': {'allele': 'G', 'hp': 2, 'count': 18}}

chr8:70110067 --> {'REF': {'allele': 'G', 'hp': 1, 'count': 30}, 'ALT': {'allele': 'A', 'hp': 2, 'count': 21}}

chr8:71331244 --> {'REF': {'allele': 'T', 'hp': 1, 'count': 23}, 'ALT': {'allele': 'C', 'hp': 2, 'count': 16}}

chr8:72447633 --> {'REF': {'allele': 'T', 'hp': 1, 'count': 24}, 'ALT': {'allele': 'G', 'hp': 2, 'count': 17}}

chr8:73247226 --> {'REF': {'allele': 'C', 'hp': 2, 'count': 27}, 'ALT': {'allele': 'T', 'hp': 1, 'count': 25}}

chr8:73352864 --> {'REF': {'allele': 'C', 'hp': 2, 'count': 22}, 'ALT': {'allele': 'C', 'hp': 2, 'count': 22}}

chr8:73530837 --> {'REF': {'allele': 'T', 'hp': 1, 'count': 18}, 'ALT': {'allele': 'C', 'hp': 2, 'count': 12}}

chr8:73879174 --> {'REF': {'allele': 'A', 'hp': 1, 'count': 22}, 'ALT': {'allele': 'G', 'hp': 2, 'count': 17}}

chr8:75330598 --> {'REF': {'allele': 'T', 'hp': 1, 'count': 33}, 'ALT': {'allele': 'C', 'hp': 2, 'count': 27}}

chr8:76749487 --> {'REF': {'allele': 'G', 'hp': 2, 'count': 30}, 'ALT': {'allele': 'A', 'hp': 1, 'count': 20}}

chr8:78624640 --> {'REF': {'allele': 'T', 'hp': 1, 'count': 27}, 'ALT': {'allele': 'T', 'hp': 1, 'count': 27}}

chr8:78977819 --> {'REF': {'allele': 'T', 'hp': 1, 'count': 33}, 'ALT': {'allele': 'C', 'hp': 2, 'count': 29}}

chr8:79524385 --> {'REF': {'allele': 'T', 'hp': 1, 'count': 34}, 'ALT': {'allele': 'C', 'hp': 2, 'count': 28}}

chr8:79824847 --> {'REF': {'allele': 'C', 'hp': 2, 'count': 22}, 'ALT': {'allele': 'G', 'hp': 1, 'count': 19}}

chr8:80215745 --> {'REF': {'allele': 'A', 'hp': 2, 'count': 23}, 'ALT': {'allele': 'G', 'hp': 1, 'count': 16}}

chr8:80938268 --> {'REF': {'allele': 'G', 'hp': 1, 'count': 20}, 'ALT': {'allele': 'A', 'hp': 2, 'count': 19}}

chr8:81555675 --> {'REF': {'allele': 'C', 'hp': 1, 'count': 21}, 'ALT': {'allele': 'C', 'hp': 1, 'count': 21}}

chr8:81943311 --> {'REF': {'allele': 'T', 'hp': 1, 'count': 25}, 'ALT': {'allele': 'T', 'hp': 1, 'count': 25}}

chr8:82296377 --> {'REF': {'allele': 'G', 'hp': 2, 'count': 20}, 'ALT': {'allele': 'A', 'hp': 1, 'count': 19}}

chr8:82921227 --> {'REF': {'allele': 'C', 'hp': 2, 'count': 32}, 'ALT': {'allele': 'T', 'hp': 1, 'count': 21}}

chr8:84141265 --> {'REF': {'allele': 'C', 'hp': 2, 'count': 32}, 'ALT': {'allele': 'A', 'hp': 1, 'count': 24}}

chr8:84296632 --> {'REF': {'allele': 'T', 'hp': 2, 'count': 23}, 'ALT': {'allele': 'G', 'hp': 1, 'count': 20}}

chr8:85774871 --> {'REF': {'allele': 'C', 'hp': 1, 'count': 31}, 'ALT': {'allele': 'T', 'hp': 2, 'count': 25}}

chr8:87144454 --> {'REF': {'allele': 'T', 'hp': 1, 'count': 16}, 'ALT': {'allele': 'C', 'hp': 2, 'count': 15}}

chr8:87860727 --> {'REF': {'allele': 'C', 'hp': 2, 'count': 32}, 'ALT': {'allele': 'T', 'hp': 1, 'count': 22}}

chr8:88520693 --> {'REF': {'allele': 'T', 'hp': 1, 'count': 34}, 'ALT': {'allele': 'C', 'hp': 2, 'count': 26}}

chr8:90566453 --> {'REF': {'allele': 'A', 'hp': 1, 'count': 22}, 'ALT': {'allele': 'T', 'hp': 2, 'count': 21}}

chr8:91117287 --> {'REF': {'allele': 'T', 'hp': 2, 'count': 21}, 'ALT': {'allele': 'C', 'hp': 1, 'count': 12}}

chr8:92582323 --> {'REF': {'allele': 'T', 'hp': 2, 'count': 23}, 'ALT': {'allele': 'A', 'hp': 1, 'count': 19}}

chr8:93302505 --> {'REF': {'allele': 'A', 'hp': 2, 'count': 31}, 'ALT': {'allele': 'G', 'hp': 1, 'count': 27}}

chr8:93671896 --> {'REF': {'allele': 'T', 'hp': 2, 'count': 33}, 'ALT': {'allele': 'C', 'hp': 1, 'count': 29}}

chr8:94152594 --> {'REF': {'allele': 'T', 'hp': 1, 'count': 30}, 'ALT': {'allele': 'C', 'hp': 2, 'count': 24}}

chr8:94599858 --> {'REF': {'allele': 'C', 'hp': 1, 'count': 23}, 'ALT': {'allele': 'T', 'hp': 2, 'count': 15}}

chr8:95932030 --> {'REF': {'allele': 'T', 'hp': 2, 'count': 17}, 'ALT': {'allele': 'A', 'hp': 1, 'count': 10}}

chr8:97213314 --> {'REF': {'allele': 'C', 'hp': 2, 'count': 18}, 'ALT': {'allele': 'T', 'hp': 1, 'count': 16}}

chr8:97723256 --> {'REF': {'allele': 'A', 'hp': 2, 'count': 23}, 'ALT': {'allele': 'G', 'hp': 1, 'count': 13}}

chr8:101443494 --> {'REF': {'allele': 'T', 'hp': 2, 'count': 20}, 'ALT': {'allele': 'C', 'hp': 1, 'count': 14}}

chr8:101973353 --> {'REF': {'allele': 'C', 'hp': 2, 'count': 18}, 'ALT': {'allele': 'G', 'hp': 1, 'count': 13}}

chr8:102270877 --> {'REF': {'allele': 'T', 'hp': 2, 'count': 14}, 'ALT': {'allele': 'T', 'hp': 2, 'count': 14}}

chr8:106230181 --> {'REF': {'allele': 'A', 'hp': 1, 'count': 24}, 'ALT': {'allele': 'G', 'hp': 2, 'count': 21}}

chr8:106366496 --> {'REF': {'allele': 'C', 'hp': 2, 'count': 25}, 'ALT': {'allele': 'G', 'hp': 1, 'count': 24}}

chr8:107297253 --> {'REF': {'allele': 'T', 'hp': 1, 'count': 34}, 'ALT': {'allele': 'C', 'hp': 2, 'count': 28}}

chr8:107477026 --> {'REF': {'allele': 'T', 'hp': 1, 'count': 27}, 'ALT': {'allele': 'A', 'hp': 2, 'count': 23}}

chr8:108019690 --> {'REF': {'allele': 'T', 'hp': 2, 'count': 32}, 'ALT': {'allele': 'G', 'hp': 1, 'count': 16}}

chr8:108453748 --> {'REF': {'allele': 'G', 'hp': 2, 'count': 29}, 'ALT': {'allele': 'A', 'hp': 1, 'count': 28}}

chr8:108587354 --> {'REF': {'allele': 'T', 'hp': 1, 'count': 25}, 'ALT': {'allele': 'G', 'hp': 2, 'count': 19}}

chr8:110368783 --> {'REF': {'allele': 'T', 'hp': 2, 'count': 28}, 'ALT': {'allele': 'C', 'hp': 1, 'count': 24}}

chr8:110955164 --> {'REF': {'allele': 'T', 'hp': 2, 'count': 20}, 'ALT': {'allele': 'G', 'hp': 1, 'count': 13}}

chr8:111614917 --> {'REF': {'allele': 'G', 'hp': 1, 'count': 24}, 'ALT': {'allele': 'A', 'hp': 2, 'count': 22}}

chr8:112287981 --> {'REF': {'allele': 'C', 'hp': 1, 'count': 22}, 'ALT': {'allele': 'C', 'hp': 1, 'count': 22}}

chr8:112930964 --> {'REF': {'allele': 'T', 'hp': 2, 'count': 24}, 'ALT': {'allele': 'C', 'hp': 1, 'count': 17}}

chr8:114278081 --> {'REF': {'allele': 'A', 'hp': 1, 'count': 24}, 'ALT': {'allele': 'G', 'hp': 2, 'count': 19}}

chr8:115070646 --> {'REF': {'allele': 'A', 'hp': 1, 'count': 26}, 'ALT': {'allele': 'G', 'hp': 2, 'count': 24}}

chr8:116073656 --> {'REF': {'allele': 'G', 'hp': 1, 'count': 36}, 'ALT': {'allele': 'C', 'hp': 2, 'count': 28}}

chr8:116335566 --> {'REF': {'allele': 'C', 'hp': 2, 'count': 29}, 'ALT': {'allele': 'T', 'hp': 1, 'count': 25}}

chr8:116753275 --> {'REF': {'allele': 'G', 'hp': 1, 'count': 26}, 'ALT': {'allele': 'A', 'hp': 2, 'count': 17}}

chr8:117108694 --> {'REF': {'allele': 'A', 'hp': 2, 'count': 29}, 'ALT': {'allele': 'G', 'hp': 1, 'count': 26}}

chr8:118067046 --> {'REF': {'allele': 'A', 'hp': 2, 'count': 17}, 'ALT': {'allele': 'G', 'hp': 1, 'count': 11}}

chr8:118533253 --> {'REF': {'allele': 'C', 'hp': 2, 'count': 24}, 'ALT': {'allele': 'G', 'hp': 1, 'count': 23}}

chr8:119671640 --> {'REF': {'allele': 'A', 'hp': 1, 'count': 26}, 'ALT': {'allele': 'G', 'hp': 2, 'count': 24}}

chr8:122347734 --> {'REF': {'allele': 'G', 'hp': 2, 'count': 23}, 'ALT': {'allele': 'T', 'hp': 1, 'count': 18}}

chr8:122727823 --> {'REF': {'allele': 'C', 'hp': 2, 'count': 19}, 'ALT': {'allele': 'T', 'hp': 1, 'count': 14}}

chr8:122802201 --> {'REF': {'allele': 'G', 'hp': 1, 'count': 17}, 'ALT': {'allele': 'A', 'hp': 2, 'count': 15}}

chr8:122984966 --> {'REF': {'allele': 'G', 'hp': 2, 'count': 27}, 'ALT': {'allele': 'C', 'hp': 1, 'count': 25}}

chr8:124373425 --> {'REF': {'allele': 'T', 'hp': 1, 'count': 15}, 'ALT': {'allele': 'C', 'hp': 2, 'count': 10}}

chr8:124730743 --> {'REF': {'allele': 'A', 'hp': 2, 'count': 25}, 'ALT': {'allele': 'C', 'hp': 1, 'count': 17}}

chr8:125203006 --> {'REF': {'allele': 'G', 'hp': 1, 'count': 32}, 'ALT': {'allele': 'C', 'hp': 2, 'count': 12}}

chr8:126364714 --> {'REF': {'allele': 'A', 'hp': 1, 'count': 16}, 'ALT': {'allele': 'G', 'hp': 2, 'count': 14}}

chr8:126743113 --> {'REF': {'allele': 'T', 'hp': 1, 'count': 14}, 'ALT': {'allele': 'C', 'hp': 2, 'count': 13}}

chr8:126881253 --> {'REF': {'allele': 'G', 'hp': 1, 'count': 27}, 'ALT': {'allele': 'T', 'hp': 2, 'count': 21}}

chr8:127202573 --> {'REF': {'allele': 'A', 'hp': 1, 'count': 30}, 'ALT': {'allele': 'G', 'hp': 2, 'count': 20}}

chr8:129085312 --> {'REF': {'allele': 'G', 'hp': 2, 'count': 17}, 'ALT': {'allele': 'C', 'hp': 1, 'count': 9}}

chr8:129512802 --> {'REF': {'allele': 'G', 'hp': 1, 'count': 16}, 'ALT': {'allele': 'A', 'hp': 2, 'count': 15}}

chr8:129717033 --> {'REF': {'allele': 'C', 'hp': 1, 'count': 21}, 'ALT': {'allele': 'G', 'hp': 2, 'count': 16}}

chr8:130465713 --> {'REF': {'allele': 'G', 'hp': 1, 'count': 21}, 'ALT': {'allele': 'A', 'hp': 2, 'count': 14}}

chr8:131738367 --> {'REF': {'allele': 'A', 'hp': 2, 'count': 27}, 'ALT': {'allele': 'G', 'hp': 1, 'count': 17}}

chr8:133428105 --> {'REF': {'allele': 'C', 'hp': 1, 'count': 21}, 'ALT': {'allele': 'T', 'hp': 2, 'count': 17}}

chr8:133740191 --> {'REF': {'allele': 'T', 'hp': 1, 'count': 25}, 'ALT': {'allele': 'C', 'hp': 2, 'count': 23}}

chr8:134078977 --> {'REF': {'allele': 'G', 'hp': 2, 'count': 19}, 'ALT': {'allele': 'C', 'hp': 1, 'count': 18}}

chr8:134876394 --> {'REF': {'allele': 'G', 'hp': 1, 'count': 21}, 'ALT': {'allele': 'A', 'hp': 2, 'count': 15}}

chr8:135940316 --> {'REF': {'allele': 'C', 'hp': 1, 'count': 28}, 'ALT': {'allele': 'T', 'hp': 2, 'count': 16}}

chr8:136072531 --> {'REF': {'allele': 'T', 'hp': 2, 'count': 15}, 'ALT': {'allele': 'T', 'hp': 2, 'count': 15}}

chr8:136292510 --> {'REF': {'allele': 'G', 'hp': 1, 'count': 21}, 'ALT': {'allele': 'A', 'hp': 2, 'count': 13}}

chr8:137003552 --> {'REF': {'allele': 'T', 'hp': 2, 'count': 20}, 'ALT': {'allele': 'G', 'hp': 1, 'count': 16}}

chr8:137312021 --> {'REF': {'allele': 'G', 'hp': 2, 'count': 21}, 'ALT': {'allele': 'C', 'hp': 1, 'count': 20}}

chr8:137739748 --> {'REF': {'allele': 'G', 'hp': 2, 'count': 26}, 'ALT': {'allele': 'C', 'hp': 1, 'count': 21}}

chr8:138119281 --> {'REF': {'allele': 'C', 'hp': 2, 'count': 38}, 'ALT': {'allele': 'A', 'hp': 1, 'count': 30}}

chr8:139229831 --> {'REF': {'allele': 'G', 'hp': 2, 'count': 16}, 'ALT': {'allele': 'G', 'hp': 2, 'count': 16}}

chr8:139447129 --> {'REF': {'allele': 'C', 'hp': 1, 'count': 25}, 'ALT': {'allele': 'G', 'hp': 2, 'count': 11}}

chr8:139502563 --> {'REF': {'allele': 'C', 'hp': 2, 'count': 19}, 'ALT': {'allele': 'T', 'hp': 1, 'count': 16}}

chr8:140128812 --> {'REF': {'allele': 'T', 'hp': 2, 'count': 18}, 'ALT': {'allele': 'G', 'hp': 1, 'count': 14}}

chr8:141361668 --> {'REF': {'allele': 'G', 'hp': 2, 'count': 20}, 'ALT': {'allele': 'A', 'hp': 1, 'count': 10}}

chr8:141764034 --> {'REF': {'allele': 'G', 'hp': 1, 'count': 12}, 'ALT': {'allele': 'G', 'hp': 1, 'count': 12}}

chr8:142455599 --> {'REF': {'allele': 'C', 'hp': 2, 'count': 9}, 'ALT': {'allele': 'C', 'hp': 2, 'count': 9}}

chr8:143181688 --> {'REF': {'allele': 'A', 'hp': 2, 'count': 9}, 'ALT': {'allele': 'A', 'hp': 2, 'count': 9}}

chr17:4657618 --> {'REF': {'allele': 'G', 'hp': 1, 'count': 11}, 'ALT': {'allele': 'G', 'hp': 1, 'count': 11}}

chr17:5472576 --> {'REF': {'allele': 'G', 'hp': 1, 'count': 16}, 'ALT': {'allele': 'A', 'hp': 2, 'count': 10}}

chr17:6021844 --> {'REF': {'allele': 'G', 'hp': 1, 'count': 15}, 'ALT': {'allele': 'C', 'hp': 2, 'count': 14}}

chr17:9192578 --> {'REF': {'allele': 'G', 'hp': 2, 'count': 15}, 'ALT': {'allele': 'C', 'hp': 1, 'count': 13}}

chr17:9953244 --> {'REF': {'allele': 'T', 'hp': 1, 'count': 14}, 'ALT': {'allele': 'C', 'hp': 2, 'count': 10}}

chr17:11773718 --> {'REF': {'allele': 'A', 'hp': 2, 'count': 16}, 'ALT': {'allele': 'G', 'hp': 1, 'count': 13}}

chr17:12278278 --> {'REF': {'allele': 'G', 'hp': 1, 'count': 20}, 'ALT': {'allele': 'C', 'hp': 2, 'count': 19}}

chr17:12405325 --> {'REF': {'allele': 'C', 'hp': 1, 'count': 32}, 'ALT': {'allele': 'G', 'hp': 2, 'count': 19}}

chr17:12553623 --> {'REF': {'allele': 'A', 'hp': 2, 'count': 24}, 'ALT': {'allele': 'G', 'hp': 1, 'count': 15}}

chr17:12704135 --> {'REF': {'allele': 'A', 'hp': 1, 'count': 23}, 'ALT': {'allele': 'G', 'hp': 2, 'count': 16}}

chr17:12775856 --> {'REF': {'allele': 'C', 'hp': 1, 'count': 17}, 'ALT': {'allele': 'A', 'hp': 2, 'count': 12}}

chr17:13680689 --> {'REF': {'allele': 'G', 'hp': 2, 'count': 21}, 'ALT': {'allele': 'A', 'hp': 1, 'count': 16}}

chr17:14319100 --> {'REF': {'allele': 'C', 'hp': 2, 'count': 30}, 'ALT': {'allele': 'T', 'hp': 1, 'count': 18}}

chr17:14620590 --> {'REF': {'allele': 'C', 'hp': 1, 'count': 28}, 'ALT': {'allele': 'T', 'hp': 2, 'count': 21}}

chr17:15649943 --> {'REF': {'allele': 'C', 'hp': 1, 'count': 12}, 'ALT': {'allele': 'T', 'hp': 2, 'count': 9}}

chr17:16442045 --> {'REF': {'allele': 'G', 'hp': 1, 'count': 25}, 'ALT': {'allele': 'A', 'hp': 2, 'count': 22}}

chr17:17168324 --> {'REF': {'allele': 'G', 'hp': 1, 'count': 9}, 'ALT': {'allele': 'G', 'hp': 1, 'count': 9}}

chr17:18703161 --> {'REF': {'allele': 'C', 'hp': 2, 'count': 15}, 'ALT': {'allele': 'A', 'hp': 1, 'count': 13}}

chr17:19298348 --> {'REF': {'allele': 'C', 'hp': 1, 'count': 13}, 'ALT': {'allele': 'T', 'hp': 2, 'count': 10}}

chr17:19531554 --> {'REF': {'allele': 'C', 'hp': 1, 'count': 13}, 'ALT': {'allele': 'T', 'hp': 2, 'count': 9}}

chr17:20045149 --> {'REF': {'allele': 'A', 'hp': 1, 'count': 23}, 'ALT': {'allele': 'G', 'hp': 2, 'count': 15}}

chr17:22950230 --> {'REF': {'allele': 'G', 'hp': 2, 'count': 20}, 'ALT': {'allele': 'A', 'hp': 1, 'count': 18}}

chr17:23098148 --> {'REF': {'allele': 'T', 'hp': 1, 'count': 15}, 'ALT': {'allele': 'C', 'hp': 2, 'count': 14}}

chr17:28285869 --> {'REF': {'allele': 'A', 'hp': 1, 'count': 11}, 'ALT': {'allele': 'A', 'hp': 1, 'count': 11}}

chr17:28876899 --> {'REF': {'allele': 'C', 'hp': 1, 'count': 16}, 'ALT': {'allele': 'T', 'hp': 2, 'count': 14}}

chr17:29481234 --> {'REF': {'allele': 'G', 'hp': 1, 'count': 16}, 'ALT': {'allele': 'A', 'hp': 2, 'count': 10}}

chr17:29829753 --> {'REF': {'allele': 'T', 'hp': 1, 'count': 12}, 'ALT': {'allele': 'C', 'hp': 2, 'count': 11}}

chr17:30253467 --> {'REF': {'allele': 'T', 'hp': 1, 'count': 14}, 'ALT': {'allele': 'A', 'hp': 2, 'count': 13}}

chr17:31784993 --> {'REF': {'allele': 'G', 'hp': 1, 'count': 12}, 'ALT': {'allele': 'A', 'hp': 2, 'count': 10}}

chr17:32491331 --> {'REF': {'allele': 'A', 'hp': 1, 'count': 16}, 'ALT': {'allele': 'C', 'hp': 2, 'count': 9}}

chr17:34222534 --> {'REF': {'allele': 'C', 'hp': 2, 'count': 21}, 'ALT': {'allele': 'T', 'hp': 1, 'count': 9}}

chr17:34834274 --> {'REF': {'allele': 'T', 'hp': 1, 'count': 22}, 'ALT': {'allele': 'C', 'hp': 2, 'count': 17}}

chr17:35020257 --> {'REF': {'allele': 'C', 'hp': 2, 'count': 16}, 'ALT': {'allele': 'C', 'hp': 2, 'count': 16}}

chr17:35630462 --> {'REF': {'allele': 'C', 'hp': 2, 'count': 24}, 'ALT': {'allele': 'T', 'hp': 1, 'count': 18}}

chr17:36967135 --> {'REF': {'allele': 'C', 'hp': 1, 'count': 25}, 'ALT': {'allele': 'T', 'hp': 2, 'count': 10}}

chr17:38559823 --> {'REF': {'allele': 'C', 'hp': 1, 'count': 16}, 'ALT': {'allele': 'T', 'hp': 2, 'count': 15}}

chr17:41377783 --> {'REF': {'allele': 'A', 'hp': 1, 'count': 14}, 'ALT': {'allele': 'G', 'hp': 2, 'count': 9}}

chr17:41886433 --> {'REF': {'allele': 'T', 'hp': 1, 'count': 31}, 'ALT': {'allele': 'C', 'hp': 2, 'count': 15}}

chr17:42332899 --> {'REF': {'allele': 'C', 'hp': 2, 'count': 17}, 'ALT': {'allele': 'G', 'hp': 1, 'count': 9}}

chr17:43267005 --> {'REF': {'allele': 'C', 'hp': 1, 'count': 10}, 'ALT': {'allele': 'G', 'hp': 2, 'count': 9}}

chr17:44379562 --> {'REF': {'allele': 'T', 'hp': 2, 'count': 20}, 'ALT': {'allele': 'C', 'hp': 1, 'count': 15}}

chr17:44916338 --> {'REF': {'allele': 'G', 'hp': 1, 'count': 12}, 'ALT': {'allele': 'A', 'hp': 2, 'count': 11}}

chr17:45179232 --> {'REF': {'allele': 'T', 'hp': 1, 'count': 9}, 'ALT': {'allele': 'T', 'hp': 1, 'count': 9}}

chr17:46537969 --> {'REF': {'allele': 'T', 'hp': 1, 'count': 13}, 'ALT': {'allele': 'A', 'hp': 2, 'count': 12}}

chr17:46824892 --> {'REF': {'allele': 'C', 'hp': 1, 'count': 17}, 'ALT': {'allele': 'T', 'hp': 2, 'count': 16}}

chr17:48150144 --> {'REF': {'allele': 'G', 'hp': 1, 'count': 14}, 'ALT': {'allele': 'A', 'hp': 2, 'count': 11}}

chr17:49796392 --> {'REF': {'allele': 'T', 'hp': 1, 'count': 13}, 'ALT': {'allele': 'G', 'hp': 2, 'count': 11}}

chr17:50060162 --> {'REF': {'allele': 'T', 'hp': 1, 'count': 13}, 'ALT': {'allele': 'A', 'hp': 2, 'count': 12}}

chr17:50513851 --> {'REF': {'allele': 'T', 'hp': 2, 'count': 16}, 'ALT': {'allele': 'C', 'hp': 1, 'count': 13}}

chr17:51569006 --> {'REF': {'allele': 'G', 'hp': 2, 'count': 16}, 'ALT': {'allele': 'A', 'hp': 1, 'count': 14}}

chr17:53887573 --> {'REF': {'allele': 'C', 'hp': 1, 'count': 32}, 'ALT': {'allele': 'T', 'hp': 2, 'count': 23}}

chr17:54477463 --> {'REF': {'allele': 'C', 'hp': 2, 'count': 29}, 'ALT': {'allele': 'G', 'hp': 1, 'count': 18}}

chr17:56878045 --> {'REF': {'allele': 'T', 'hp': 2, 'count': 18}, 'ALT': {'allele': 'G', 'hp': 1, 'count': 17}}

chr17:57162845 --> {'REF': {'allele': 'G', 'hp': 2, 'count': 22}, 'ALT': {'allele': 'A', 'hp': 1, 'count': 19}}

chr17:58314486 --> {'REF': {'allele': 'A', 'hp': 2, 'count': 15}, 'ALT': {'allele': 'G', 'hp': 1, 'count': 11}}

chr17:60272615 --> {'REF': {'allele': 'T', 'hp': 1, 'count': 16}, 'ALT': {'allele': 'A', 'hp': 2, 'count': 10}}

chr17:62255610 --> {'REF': {'allele': 'C', 'hp': 1, 'count': 9}, 'ALT': {'allele': 'C', 'hp': 1, 'count': 9}}

chr17:63114426 --> {'REF': {'allele': 'G', 'hp': 1, 'count': 18}, 'ALT': {'allele': 'A', 'hp': 2, 'count': 11}}

chr17:64130408 --> {'REF': {'allele': 'C', 'hp': 1, 'count': 30}, 'ALT': {'allele': 'G', 'hp': 2, 'count': 17}}

chr17:67324118 --> {'REF': {'allele': 'A', 'hp': 2, 'count': 17}, 'ALT': {'allele': 'G', 'hp': 1, 'count': 10}}

chr17:67576477 --> {'REF': {'allele': 'G', 'hp': 1, 'count': 17}, 'ALT': {'allele': 'A', 'hp': 2, 'count': 15}}

chr17:68782672 --> {'REF': {'allele': 'T', 'hp': 2, 'count': 18}, 'ALT': {'allele': 'C', 'hp': 1, 'count': 9}}

chr17:69669942 --> {'REF': {'allele': 'G', 'hp': 1, 'count': 22}, 'ALT': {'allele': 'C', 'hp': 2, 'count': 19}}

chr17:70612479 --> {'REF': {'allele': 'G', 'hp': 2, 'count': 23}, 'ALT': {'allele': 'A', 'hp': 1, 'count': 22}}

chr17:71221697 --> {'REF': {'allele': 'T', 'hp': 1, 'count': 28}, 'ALT': {'allele': 'C', 'hp': 2, 'count': 27}}

chr17:71790014 --> {'REF': {'allele': 'A', 'hp': 1, 'count': 25}, 'ALT': {'allele': 'C', 'hp': 2, 'count': 15}}

chr17:72179747 --> {'REF': {'allele': 'T', 'hp': 1, 'count': 30}, 'ALT': {'allele': 'C', 'hp': 2, 'count': 18}}

chr17:72754365 --> {'REF': {'allele': 'T', 'hp': 2, 'count': 17}, 'ALT': {'allele': 'C', 'hp': 1, 'count': 16}}

chr17:73569715 --> {'REF': {'allele': 'T', 'hp': 2, 'count': 16}, 'ALT': {'allele': 'C', 'hp': 1, 'count': 10}}

chr17:73799810 --> {'REF': {'allele': 'C', 'hp': 1, 'count': 13}, 'ALT': {'allele': 'T', 'hp': 2, 'count': 10}}

chr17:75080799 --> {'REF': {'allele': 'G', 'hp': 1, 'count': 10}, 'ALT': {'allele': 'G', 'hp': 1, 'count': 10}}

chr17:75518123 --> {'REF': {'allele': 'G', 'hp': 2, 'count': 9}, 'ALT': {'allele': 'G', 'hp': 2, 'count': 9}}

chr17:76311111 --> {'REF': {'allele': 'G', 'hp': 2, 'count': 14}, 'ALT': {'allele': 'A', 'hp': 1, 'count': 9}}

chr17:80139790 --> {'REF': {'allele': 'G', 'hp': 1, 'count': 10}, 'ALT': {'allele': 'A', 'hp': 2, 'count': 9}}

chr17:83429914 --> {'REF': {'allele': 'A', 'hp': 2, 'count': 17}, 'ALT': {'allele': 'G', 'hp': 1, 'count': 11}}

chr5:2069070 --> {'REF': {'allele': 'A', 'hp': 2, 'count': 13}, 'ALT': {'allele': 'G', 'hp': 1, 'count': 10}}

chr5:2797264 --> {'REF': {'allele': 'C', 'hp': 2, 'count': 21}, 'ALT': {'allele': 'A', 'hp': 1, 'count': 18}}

chr5:5073163 --> {'REF': {'allele': 'A', 'hp': 2, 'count': 20}, 'ALT': {'allele': 'G', 'hp': 1, 'count': 19}}

chr5:5341923 --> {'REF': {'allele': 'G', 'hp': 1, 'count': 16}, 'ALT': {'allele': 'G', 'hp': 1, 'count': 16}}

chr5:5745303 --> {'REF': {'allele': 'G', 'hp': 1, 'count': 23}, 'ALT': {'allele': 'A', 'hp': 2, 'count': 22}}

chr5:6345919 --> {'REF': {'allele': 'A', 'hp': 2, 'count': 23}, 'ALT': {'allele': 'T', 'hp': 1, 'count': 13}}

chr5:7510151 --> {'REF': {'allele': 'A', 'hp': 1, 'count': 25}, 'ALT': {'allele': 'G', 'hp': 2, 'count': 18}}

chr5:7904300 --> {'REF': {'allele': 'T', 'hp': 1, 'count': 28}, 'ALT': {'allele': 'A', 'hp': 2, 'count': 20}}

chr5:8203795 --> {'REF': {'allele': 'T', 'hp': 1, 'count': 26}, 'ALT': {'allele': 'C', 'hp': 2, 'count': 21}}

chr5:8533527 --> {'REF': {'allele': 'G', 'hp': 1, 'count': 28}, 'ALT': {'allele': 'A', 'hp': 2, 'count': 17}}

chr5:9045045 --> {'REF': {'allele': 'T', 'hp': 1, 'count': 20}, 'ALT': {'allele': 'C', 'hp': 2, 'count': 12}}

chr5:9161283 --> {'REF': {'allele': 'A', 'hp': 1, 'count': 21}, 'ALT': {'allele': 'G', 'hp': 2, 'count': 15}}

chr5:9391666 --> {'REF': {'allele': 'A', 'hp': 2, 'count': 27}, 'ALT': {'allele': 'G', 'hp': 1, 'count': 23}}

chr5:11085317 --> {'REF': {'allele': 'T', 'hp': 2, 'count': 20}, 'ALT': {'allele': 'T', 'hp': 2, 'count': 20}}

chr5:11480778 --> {'REF': {'allele': 'C', 'hp': 1, 'count': 22}, 'ALT': {'allele': 'T', 'hp': 2, 'count': 21}}

chr5:12290931 --> {'REF': {'allele': 'A', 'hp': 1, 'count': 29}, 'ALT': {'allele': 'G', 'hp': 2, 'count': 23}}

chr5:15702810 --> {'REF': {'allele': 'T', 'hp': 1, 'count': 30}, 'ALT': {'allele': 'C', 'hp': 2, 'count': 19}}

chr5:16108419 --> {'REF': {'allele': 'G', 'hp': 2, 'count': 27}, 'ALT': {'allele': 'A', 'hp': 1, 'count': 24}}

chr5:16775117 --> {'REF': {'allele': 'C', 'hp': 2, 'count': 20}, 'ALT': {'allele': 'T', 'hp': 1, 'count': 17}}

chr5:16853956 --> {'REF': {'allele': 'C', 'hp': 1, 'count': 18}, 'ALT': {'allele': 'G', 'hp': 2, 'count': 11}}

chr5:17308797 --> {'REF': {'allele': 'G', 'hp': 1, 'count': 16}, 'ALT': {'allele': 'A', 'hp': 2, 'count': 14}}

chr5:17454107 --> {'REF': {'allele': 'T', 'hp': 2, 'count': 14}, 'ALT': {'allele': 'C', 'hp': 1, 'count': 10}}

chr5:17881446 --> {'REF': {'allele': 'T', 'hp': 2, 'count': 22}, 'ALT': {'allele': 'C', 'hp': 1, 'count': 19}}

chr5:18377199 --> {'REF': {'allele': 'G', 'hp': 2, 'count': 22}, 'ALT': {'allele': 'A', 'hp': 1, 'count': 17}}

chr5:18953252 --> {'REF': {'allele': 'G', 'hp': 2, 'count': 23}, 'ALT': {'allele': 'A', 'hp': 1, 'count': 20}}

chr5:19448679 --> {'REF': {'allele': 'T', 'hp': 2, 'count': 27}, 'ALT': {'allele': 'C', 'hp': 1, 'count': 16}}

chr5:21232920 --> {'REF': {'allele': 'C', 'hp': 1, 'count': 26}, 'ALT': {'allele': 'A', 'hp': 2, 'count': 15}}

chr5:21734340 --> {'REF': {'allele': 'G', 'hp': 2, 'count': 21}, 'ALT': {'allele': 'A', 'hp': 1, 'count': 16}}

chr5:22731132 --> {'REF': {'allele': 'A', 'hp': 2, 'count': 28}, 'ALT': {'allele': 'G', 'hp': 1, 'count': 27}}

chr5:23038997 --> {'REF': {'allele': 'T', 'hp': 1, 'count': 26}, 'ALT': {'allele': 'C', 'hp': 2, 'count': 25}}

chr5:23479187 --> {'REF': {'allele': 'G', 'hp': 2, 'count': 33}, 'ALT': {'allele': 'A', 'hp': 1, 'count': 25}}

chr5:23964866 --> {'REF': {'allele': 'G', 'hp': 1, 'count': 30}, 'ALT': {'allele': 'A', 'hp': 2, 'count': 28}}

chr5:25842301 --> {'REF': {'allele': 'G', 'hp': 2, 'count': 40}, 'ALT': {'allele': 'A', 'hp': 1, 'count': 25}}

chr5:27077433 --> {'REF': {'allele': 'C', 'hp': 1, 'count': 27}, 'ALT': {'allele': 'T', 'hp': 2, 'count': 23}}

chr5:29383443 --> {'REF': {'allele': 'G', 'hp': 2, 'count': 28}, 'ALT': {'allele': 'C', 'hp': 1, 'count': 27}}

chr5:30880815 --> {'REF': {'allele': 'G', 'hp': 1, 'count': 28}, 'ALT': {'allele': 'A', 'hp': 2, 'count': 20}}

chr5:31215770 --> {'REF': {'allele': 'G', 'hp': 2, 'count': 27}, 'ALT': {'allele': 'C', 'hp': 1, 'count': 25}}

chr5:31721516 --> {'REF': {'allele': 'T', 'hp': 2, 'count': 17}, 'ALT': {'allele': 'C', 'hp': 1, 'count': 16}}

chr5:32068191 --> {'REF': {'allele': 'A', 'hp': 1, 'count': 16}, 'ALT': {'allele': 'G', 'hp': 2, 'count': 10}}

chr5:32592972 --> {'REF': {'allele': 'C', 'hp': 1, 'count': 15}, 'ALT': {'allele': 'T', 'hp': 2, 'count': 13}}

chr5:33008774 --> {'REF': {'allele': 'T', 'hp': 1, 'count': 20}, 'ALT': {'allele': 'G', 'hp': 2, 'count': 14}}

chr5:33324876 --> {'REF': {'allele': 'G', 'hp': 1, 'count': 28}, 'ALT': {'allele': 'A', 'hp': 2, 'count': 23}}

chr5:33834507 --> {'REF': {'allele': 'T', 'hp': 2, 'count': 25}, 'ALT': {'allele': 'C', 'hp': 1, 'count': 23}}

chr5:34013386 --> {'REF': {'allele': 'T', 'hp': 1, 'count': 19}, 'ALT': {'allele': 'C', 'hp': 2, 'count': 18}}

chr5:35103245 --> {'REF': {'allele': 'C', 'hp': 2, 'count': 22}, 'ALT': {'allele': 'G', 'hp': 1, 'count': 18}}

chr5:36118981 --> {'REF': {'allele': 'A', 'hp': 2, 'count': 25}, 'ALT': {'allele': 'C', 'hp': 1, 'count': 17}}

chr5:36293654 --> {'REF': {'allele': 'A', 'hp': 1, 'count': 25}, 'ALT': {'allele': 'T', 'hp': 2, 'count': 15}}

chr5:36694010 --> {'REF': {'allele': 'T', 'hp': 2, 'count': 22}, 'ALT': {'allele': 'C', 'hp': 1, 'count': 18}}

chr5:36896674 --> {'REF': {'allele': 'G', 'hp': 2, 'count': 23}, 'ALT': {'allele': 'A', 'hp': 1, 'count': 18}}

chr5:37940821 --> {'REF': {'allele': 'T', 'hp': 1, 'count': 21}, 'ALT': {'allele': 'C', 'hp': 2, 'count': 19}}

chr5:38605744 --> {'REF': {'allele': 'C', 'hp': 1, 'count': 19}, 'ALT': {'allele': 'A', 'hp': 2, 'count': 16}}

chr5:39755665 --> {'REF': {'allele': 'T', 'hp': 2, 'count': 26}, 'ALT': {'allele': 'C', 'hp': 1, 'count': 20}}

chr5:40723564 --> {'REF': {'allele': 'T', 'hp': 1, 'count': 26}, 'ALT': {'allele': 'C', 'hp': 2, 'count': 19}}

chr5:41291684 --> {'REF': {'allele': 'C', 'hp': 2, 'count': 20}, 'ALT': {'allele': 'A', 'hp': 1, 'count': 15}}

chr5:41692020 --> {'REF': {'allele': 'A', 'hp': 1, 'count': 27}, 'ALT': {'allele': 'G', 'hp': 2, 'count': 23}}

chr5:42421462 --> {'REF': {'allele': 'A', 'hp': 1, 'count': 32}, 'ALT': {'allele': 'G', 'hp': 2, 'count': 17}}

chr5:43624754 --> {'REF': {'allele': 'G', 'hp': 1, 'count': 24}, 'ALT': {'allele': 'T', 'hp': 2, 'count': 13}}

chr5:44270920 --> {'REF': {'allele': 'A', 'hp': 2, 'count': 30}, 'ALT': {'allele': 'G', 'hp': 1, 'count': 28}}

chr5:45972861 --> {'REF': {'allele': 'G', 'hp': 2, 'count': 29}, 'ALT': {'allele': 'A', 'hp': 1, 'count': 22}}

chr5:46650495 --> {'REF': {'allele': 'A', 'hp': 1, 'count': 26}, 'ALT': {'allele': 'G', 'hp': 2, 'count': 13}}

chr5:52045638 --> {'REF': {'allele': 'C', 'hp': 2, 'count': 28}, 'ALT': {'allele': 'A', 'hp': 1, 'count': 21}}

chr5:55161644 --> {'REF': {'allele': 'T', 'hp': 1, 'count': 27}, 'ALT': {'allele': 'G', 'hp': 2, 'count': 24}}

chr5:55419675 --> {'REF': {'allele': 'G', 'hp': 2, 'count': 18}, 'ALT': {'allele': 'A', 'hp': 1, 'count': 16}}

chr5:56052164 --> {'REF': {'allele': 'G', 'hp': 1, 'count': 19}, 'ALT': {'allele': 'A', 'hp': 2, 'count': 15}}

chr5:56377947 --> {'REF': {'allele': 'G', 'hp': 2, 'count': 14}, 'ALT': {'allele': 'A', 'hp': 1, 'count': 13}}

chr5:57595133 --> {'REF': {'allele': 'C', 'hp': 2, 'count': 18}, 'ALT': {'allele': 'A', 'hp': 1, 'count': 15}}

chr5:57867812 --> {'REF': {'allele': 'C', 'hp': 2, 'count': 20}, 'ALT': {'allele': 'A', 'hp': 1, 'count': 10}}

chr5:58699668 --> {'REF': {'allele': 'G', 'hp': 1, 'count': 24}, 'ALT': {'allele': 'A', 'hp': 2, 'count': 21}}

chr5:59993918 --> {'REF': {'allele': 'C', 'hp': 1, 'count': 22}, 'ALT': {'allele': 'G', 'hp': 2, 'count': 13}}

chr5:61339469 --> {'REF': {'allele': 'C', 'hp': 2, 'count': 22}, 'ALT': {'allele': 'G', 'hp': 1, 'count': 21}}

chr5:62750909 --> {'REF': {'allele': 'T', 'hp': 1, 'count': 26}, 'ALT': {'allele': 'C', 'hp': 2, 'count': 19}}

chr5:62891424 --> {'REF': {'allele': 'A', 'hp': 1, 'count': 18}, 'ALT': {'allele': 'G', 'hp': 2, 'count': 13}}

chr5:63720172 --> {'REF': {'allele': 'T', 'hp': 1, 'count': 25}, 'ALT': {'allele': 'C', 'hp': 2, 'count': 19}}

chr5:65441082 --> {'REF': {'allele': 'A', 'hp': 2, 'count': 28}, 'ALT': {'allele': 'T', 'hp': 1, 'count': 20}}

chr5:65639467 --> {'REF': {'allele': 'G', 'hp': 2, 'count': 31}, 'ALT': {'allele': 'T', 'hp': 1, 'count': 29}}

chr5:66633570 --> {'REF': {'allele': 'C', 'hp': 1, 'count': 29}, 'ALT': {'allele': 'T', 'hp': 2, 'count': 16}}

chr5:67270745 --> {'REF': {'allele': 'A', 'hp': 1, 'count': 31}, 'ALT': {'allele': 'G', 'hp': 2, 'count': 18}}

chr5:67714466 --> {'REF': {'allele': 'C', 'hp': 1, 'count': 26}, 'ALT': {'allele': 'T', 'hp': 2, 'count': 17}}

chr5:67803272 --> {'REF': {'allele': 'T', 'hp': 2, 'count': 16}, 'ALT': {'allele': 'C', 'hp': 1, 'count': 15}}

chr5:68034570 --> {'REF': {'allele': 'C', 'hp': 2, 'count': 17}, 'ALT': {'allele': 'T', 'hp': 1, 'count': 15}}

chr5:69142873 --> {'REF': {'allele': 'G', 'hp': 1, 'count': 22}, 'ALT': {'allele': 'A', 'hp': 2, 'count': 17}}

chr5:72098370 --> {'REF': {'allele': 'A', 'hp': 2, 'count': 18}, 'ALT': {'allele': 'G', 'hp': 1, 'count': 16}}

chr5:72331746 --> {'REF': {'allele': 'A', 'hp': 2, 'count': 23}, 'ALT': {'allele': 'T', 'hp': 1, 'count': 15}}

chr5:73278429 --> {'REF': {'allele': 'T', 'hp': 1, 'count': 17}, 'ALT': {'allele': 'C', 'hp': 2, 'count': 16}}

chr5:74670743 --> {'REF': {'allele': 'A', 'hp': 2, 'count': 24}, 'ALT': {'allele': 'G', 'hp': 1, 'count': 17}}

chr5:75445543 --> {'REF': {'allele': 'T', 'hp': 2, 'count': 23}, 'ALT': {'allele': 'C', 'hp': 1, 'count': 16}}

chr5:76601799 --> {'REF': {'allele': 'G', 'hp': 1, 'count': 17}, 'ALT': {'allele': 'G', 'hp': 1, 'count': 17}}

chr5:77463591 --> {'REF': {'allele': 'A', 'hp': 2, 'count': 17}, 'ALT': {'allele': 'G', 'hp': 1, 'count': 12}}

chr5:77678449 --> {'REF': {'allele': 'G', 'hp': 2, 'count': 17}, 'ALT': {'allele': 'A', 'hp': 1, 'count': 15}}

chr5:77933306 --> {'REF': {'allele': 'A', 'hp': 1, 'count': 23}, 'ALT': {'allele': 'G', 'hp': 2, 'count': 21}}

chr5:79078786 --> {'REF': {'allele': 'G', 'hp': 2, 'count': 22}, 'ALT': {'allele': 'T', 'hp': 1, 'count': 13}}

chr5:79299151 --> {'REF': {'allele': 'C', 'hp': 2, 'count': 16}, 'ALT': {'allele': 'T', 'hp': 1, 'count': 14}}

chr5:79741571 --> {'REF': {'allele': 'C', 'hp': 2, 'count': 11}, 'ALT': {'allele': 'C', 'hp': 2, 'count': 11}}

chr5:81779792 --> {'REF': {'allele': 'T', 'hp': 2, 'count': 19}, 'ALT': {'allele': 'C', 'hp': 1, 'count': 12}}

chr5:83147008 --> {'REF': {'allele': 'C', 'hp': 1, 'count': 25}, 'ALT': {'allele': 'G', 'hp': 2, 'count': 24}}

chr5:83479908 --> {'REF': {'allele': 'G', 'hp': 2, 'count': 28}, 'ALT': {'allele': 'A', 'hp': 1, 'count': 19}}

chr5:84351929 --> {'REF': {'allele': 'G', 'hp': 1, 'count': 22}, 'ALT': {'allele': 'A', 'hp': 2, 'count': 18}}

chr5:84561575 --> {'REF': {'allele': 'C', 'hp': 2, 'count': 25}, 'ALT': {'allele': 'G', 'hp': 1, 'count': 18}}

chr5:85184852 --> {'REF': {'allele': 'T', 'hp': 2, 'count': 38}, 'ALT': {'allele': 'A', 'hp': 1, 'count': 29}}

chr5:85875215 --> {'REF': {'allele': 'G', 'hp': 2, 'count': 29}, 'ALT': {'allele': 'A', 'hp': 1, 'count': 24}}

chr5:87024107 --> {'REF': {'allele': 'G', 'hp': 1, 'count': 29}, 'ALT': {'allele': 'T', 'hp': 2, 'count': 28}}

chr5:87316515 --> {'REF': {'allele': 'G', 'hp': 2, 'count': 29}, 'ALT': {'allele': 'A', 'hp': 1, 'count': 20}}

chr5:88197968 --> {'REF': {'allele': 'G', 'hp': 1, 'count': 26}, 'ALT': {'allele': 'A', 'hp': 2, 'count': 23}}

chr5:89175538 --> {'REF': {'allele': 'C', 'hp': 2, 'count': 19}, 'ALT': {'allele': 'T', 'hp': 1, 'count': 15}}

chr5:90077404 --> {'REF': {'allele': 'A', 'hp': 2, 'count': 23}, 'ALT': {'allele': 'A', 'hp': 2, 'count': 23}}

chr5:91045243 --> {'REF': {'allele': 'C', 'hp': 2, 'count': 24}, 'ALT': {'allele': 'G', 'hp': 1, 'count': 18}}

chr5:91614963 --> {'REF': {'allele': 'C', 'hp': 2, 'count': 21}, 'ALT': {'allele': 'T', 'hp': 1, 'count': 19}}

chr5:92180311 --> {'REF': {'allele': 'G', 'hp': 1, 'count': 22}, 'ALT': {'allele': 'A', 'hp': 2, 'count': 16}}

chr5:92680327 --> {'REF': {'allele': 'G', 'hp': 2, 'count': 28}, 'ALT': {'allele': 'G', 'hp': 2, 'count': 28}}

chr5:93766972 --> {'REF': {'allele': 'C', 'hp': 2, 'count': 35}, 'ALT': {'allele': 'G', 'hp': 1, 'count': 22}}

chr5:94910069 --> {'REF': {'allele': 'C', 'hp': 1, 'count': 21}, 'ALT': {'allele': 'T', 'hp': 2, 'count': 20}}

chr5:95630109 --> {'REF': {'allele': 'T', 'hp': 2, 'count': 23}, 'ALT': {'allele': 'C', 'hp': 1, 'count': 14}}

chr5:96030389 --> {'REF': {'allele': 'G', 'hp': 2, 'count': 29}, 'ALT': {'allele': 'T', 'hp': 1, 'count': 26}}

chr5:96202239 --> {'REF': {'allele': 'C', 'hp': 1, 'count': 26}, 'ALT': {'allele': 'T', 'hp': 2, 'count': 12}}

chr5:97064154 --> {'REF': {'allele': 'G', 'hp': 2, 'count': 25}, 'ALT': {'allele': 'C', 'hp': 1, 'count': 10}}

chr5:97131153 --> {'REF': {'allele': 'A', 'hp': 2, 'count': 25}, 'ALT': {'allele': 'G', 'hp': 1, 'count': 19}}

chr5:97329176 --> {'REF': {'allele': 'A', 'hp': 2, 'count': 30}, 'ALT': {'allele': 'T', 'hp': 1, 'count': 19}}

chr5:97649191 --> {'REF': {'allele': 'G', 'hp': 1, 'count': 21}, 'ALT': {'allele': 'T', 'hp': 2, 'count': 20}}

chr5:98014760 --> {'REF': {'allele': 'C', 'hp': 2, 'count': 30}, 'ALT': {'allele': 'G', 'hp': 1, 'count': 22}}

chr5:99045120 --> {'REF': {'allele': 'C', 'hp': 1, 'count': 26}, 'ALT': {'allele': 'G', 'hp': 2, 'count': 21}}

chr5:102683230 --> {'REF': {'allele': 'C', 'hp': 1, 'count': 23}, 'ALT': {'allele': 'T', 'hp': 2, 'count': 13}}

chr5:103923613 --> {'REF': {'allele': 'T', 'hp': 1, 'count': 32}, 'ALT': {'allele': 'C', 'hp': 2, 'count': 25}}

chr5:104867079 --> {'REF': {'allele': 'C', 'hp': 2, 'count': 29}, 'ALT': {'allele': 'T', 'hp': 1, 'count': 27}}

chr5:106154464 --> {'REF': {'allele': 'G', 'hp': 2, 'count': 32}, 'ALT': {'allele': 'A', 'hp': 1, 'count': 23}}

chr5:106609944 --> {'REF': {'allele': 'C', 'hp': 2, 'count': 33}, 'ALT': {'allele': 'T', 'hp': 1, 'count': 26}}

chr5:107333101 --> {'REF': {'allele': 'G', 'hp': 1, 'count': 28}, 'ALT': {'allele': 'A', 'hp': 2, 'count': 22}}

chr5:108400468 --> {'REF': {'allele': 'A', 'hp': 1, 'count': 32}, 'ALT': {'allele': 'A', 'hp': 1, 'count': 32}}

chr5:109650603 --> {'REF': {'allele': 'T', 'hp': 2, 'count': 27}, 'ALT': {'allele': 'A', 'hp': 1, 'count': 21}}

chr5:109744182 --> {'REF': {'allele': 'C', 'hp': 1, 'count': 13}, 'ALT': {'allele': 'G', 'hp': 2, 'count': 10}}

chr5:110551663 --> {'REF': {'allele': 'T', 'hp': 2, 'count': 20}, 'ALT': {'allele': 'C', 'hp': 1, 'count': 16}}

chr5:111573077 --> {'REF': {'allele': 'A', 'hp': 2, 'count': 26}, 'ALT': {'allele': 'T', 'hp': 1, 'count': 25}}

chr5:111910836 --> {'REF': {'allele': 'A', 'hp': 1, 'count': 18}, 'ALT': {'allele': 'G', 'hp': 2, 'count': 14}}

chr5:112614831 --> {'REF': {'allele': 'C', 'hp': 2, 'count': 23}, 'ALT': {'allele': 'T', 'hp': 1, 'count': 22}}

chr5:113492253 --> {'REF': {'allele': 'T', 'hp': 1, 'count': 14}, 'ALT': {'allele': 'C', 'hp': 2, 'count': 9}}

chr5:114438919 --> {'REF': {'allele': 'G', 'hp': 1, 'count': 18}, 'ALT': {'allele': 'A', 'hp': 2, 'count': 15}}

chr5:115235021 --> {'REF': {'allele': 'A', 'hp': 2, 'count': 15}, 'ALT': {'allele': 'T', 'hp': 1, 'count': 13}}

chr5:116058404 --> {'REF': {'allele': 'C', 'hp': 1, 'count': 25}, 'ALT': {'allele': 'C', 'hp': 1, 'count': 25}}

chr5:116559889 --> {'REF': {'allele': 'C', 'hp': 2, 'count': 26}, 'ALT': {'allele': 'T', 'hp': 1, 'count': 20}}

chr5:116781703 --> {'REF': {'allele': 'A', 'hp': 1, 'count': 39}, 'ALT': {'allele': 'C', 'hp': 2, 'count': 36}}

chr5:117164171 --> {'REF': {'allele': 'T', 'hp': 2, 'count': 24}, 'ALT': {'allele': 'C', 'hp': 1, 'count': 20}}

chr5:117627795 --> {'REF': {'allele': 'G', 'hp': 1, 'count': 23}, 'ALT': {'allele': 'A', 'hp': 2, 'count': 15}}

chr5:118308448 --> {'REF': {'allele': 'G', 'hp': 1, 'count': 40}, 'ALT': {'allele': 'A', 'hp': 2, 'count': 25}}

chr5:122274511 --> {'REF': {'allele': 'C', 'hp': 2, 'count': 29}, 'ALT': {'allele': 'T', 'hp': 1, 'count': 25}}

chr5:124966555 --> {'REF': {'allele': 'G', 'hp': 2, 'count': 20}, 'ALT': {'allele': 'A', 'hp': 1, 'count': 18}}

chr5:125178066 --> {'REF': {'allele': 'C', 'hp': 2, 'count': 10}, 'ALT': {'allele': 'T', 'hp': 1, 'count': 9}}

chr5:125412746 --> {'REF': {'allele': 'C', 'hp': 2, 'count': 23}, 'ALT': {'allele': 'G', 'hp': 1, 'count': 19}}

chr5:126240881 --> {'REF': {'allele': 'T', 'hp': 2, 'count': 32}, 'ALT': {'allele': 'C', 'hp': 1, 'count': 26}}

chr5:128011783 --> {'REF': {'allele': 'A', 'hp': 1, 'count': 22}, 'ALT': {'allele': 'G', 'hp': 2, 'count': 21}}

chr5:129401361 --> {'REF': {'allele': 'C', 'hp': 2, 'count': 31}, 'ALT': {'allele': 'A', 'hp': 1, 'count': 20}}

chr5:129704004 --> {'REF': {'allele': 'A', 'hp': 2, 'count': 37}, 'ALT': {'allele': 'G', 'hp': 1, 'count': 30}}

chr5:130056118 --> {'REF': {'allele': 'C', 'hp': 1, 'count': 29}, 'ALT': {'allele': 'T', 'hp': 2, 'count': 21}}

chr5:132481633 --> {'REF': {'allele': 'A', 'hp': 2, 'count': 16}, 'ALT': {'allele': 'G', 'hp': 1, 'count': 14}}

chr5:132646073 --> {'REF': {'allele': 'C', 'hp': 2, 'count': 23}, 'ALT': {'allele': 'T', 'hp': 1, 'count': 21}}

chr5:133589687 --> {'REF': {'allele': 'C', 'hp': 2, 'count': 20}, 'ALT': {'allele': 'G', 'hp': 1, 'count': 16}}

chr5:134296550 --> {'REF': {'allele': 'T', 'hp': 2, 'count': 26}, 'ALT': {'allele': 'C', 'hp': 1, 'count': 20}}

chr5:135589228 --> {'REF': {'allele': 'C', 'hp': 1, 'count': 15}, 'ALT': {'allele': 'T', 'hp': 2, 'count': 10}}

chr5:136165496 --> {'REF': {'allele': 'C', 'hp': 1, 'count': 17}, 'ALT': {'allele': 'T', 'hp': 2, 'count': 16}}

chr5:136636379 --> {'REF': {'allele': 'G', 'hp': 2, 'count': 14}, 'ALT': {'allele': 'C', 'hp': 1, 'count': 13}}

chr5:137246123 --> {'REF': {'allele': 'T', 'hp': 2, 'count': 23}, 'ALT': {'allele': 'G', 'hp': 1, 'count': 22}}

chr5:137589405 --> {'REF': {'allele': 'C', 'hp': 2, 'count': 20}, 'ALT': {'allele': 'T', 'hp': 1, 'count': 18}}

chr5:137827866 --> {'REF': {'allele': 'A', 'hp': 2, 'count': 18}, 'ALT': {'allele': 'G', 'hp': 1, 'count': 12}}

chr5:138099771 --> {'REF': {'allele': 'T', 'hp': 2, 'count': 18}, 'ALT': {'allele': 'G', 'hp': 1, 'count': 15}}

chr5:138315850 --> {'REF': {'allele': 'G', 'hp': 2, 'count': 29}, 'ALT': {'allele': 'A', 'hp': 1, 'count': 12}}

chr5:139163494 --> {'REF': {'allele': 'G', 'hp': 1, 'count': 12}, 'ALT': {'allele': 'A', 'hp': 2, 'count': 9}}

chr5:139678849 --> {'REF': {'allele': 'T', 'hp': 1, 'count': 16}, 'ALT': {'allele': 'C', 'hp': 2, 'count': 13}}

chr5:140463186 --> {'REF': {'allele': 'C', 'hp': 2, 'count': 20}, 'ALT': {'allele': 'T', 'hp': 1, 'count': 17}}

chr5:142755239 --> {'REF': {'allele': 'G', 'hp': 1, 'count': 14}, 'ALT': {'allele': 'T', 'hp': 2, 'count': 9}}

chr5:143135621 --> {'REF': {'allele': 'G', 'hp': 1, 'count': 14}, 'ALT': {'allele': 'G', 'hp': 1, 'count': 14}}

chr5:143759873 --> {'REF': {'allele': 'A', 'hp': 2, 'count': 15}, 'ALT': {'allele': 'C', 'hp': 1, 'count': 13}}

chr5:144164562 --> {'REF': {'allele': 'G', 'hp': 2, 'count': 13}, 'ALT': {'allele': 'T', 'hp': 1, 'count': 12}}

chr5:144656244 --> {'REF': {'allele': 'T', 'hp': 1, 'count': 24}, 'ALT': {'allele': 'C', 'hp': 2, 'count': 18}}

chr5:145639235 --> {'REF': {'allele': 'T', 'hp': 2, 'count': 24}, 'ALT': {'allele': 'G', 'hp': 1, 'count': 21}}

chr5:146672462 --> {'REF': {'allele': 'G', 'hp': 1, 'count': 19}, 'ALT': {'allele': 'A', 'hp': 2, 'count': 14}}

chr5:147531364 --> {'REF': {'allele': 'C', 'hp': 2, 'count': 19}, 'ALT': {'allele': 'C', 'hp': 2, 'count': 19}}

chr5:148119359 --> {'REF': {'allele': 'G', 'hp': 2, 'count': 24}, 'ALT': {'allele': 'T', 'hp': 1, 'count': 22}}

chr5:148428012 --> {'REF': {'allele': 'C', 'hp': 1, 'count': 23}, 'ALT': {'allele': 'T', 'hp': 2, 'count': 17}}

chr5:149197604 --> {'REF': {'allele': 'A', 'hp': 2, 'count': 24}, 'ALT': {'allele': 'G', 'hp': 1, 'count': 13}}

chr5:149376742 --> {'REF': {'allele': 'T', 'hp': 1, 'count': 31}, 'ALT': {'allele': 'C', 'hp': 2, 'count': 23}}

chr5:149464844 --> {'REF': {'allele': 'G', 'hp': 2, 'count': 21}, 'ALT': {'allele': 'T', 'hp': 1, 'count': 18}}

chr5:150177861 --> {'REF': {'allele': 'A', 'hp': 1, 'count': 14}, 'ALT': {'allele': 'G', 'hp': 2, 'count': 12}}

chr5:150629067 --> {'REF': {'allele': 'G', 'hp': 1, 'count': 13}, 'ALT': {'allele': 'A', 'hp': 2, 'count': 11}}

chr5:151556768 --> {'REF': {'allele': 'A', 'hp': 2, 'count': 13}, 'ALT': {'allele': 'T', 'hp': 1, 'count': 12}}

chr5:152204089 --> {'REF': {'allele': 'A', 'hp': 1, 'count': 17}, 'ALT': {'allele': 'G', 'hp': 2, 'count': 16}}

chr5:152595372 --> {'REF': {'allele': 'G', 'hp': 2, 'count': 25}, 'ALT': {'allele': 'C', 'hp': 1, 'count': 23}}

chr5:152804599 --> {'REF': {'allele': 'A', 'hp': 2, 'count': 20}, 'ALT': {'allele': 'G', 'hp': 1, 'count': 19}}

chr5:154823318 --> {'REF': {'allele': 'A', 'hp': 1, 'count': 20}, 'ALT': {'allele': 'C', 'hp': 2, 'count': 15}}

chr5:156036298 --> {'REF': {'allele': 'C', 'hp': 1, 'count': 24}, 'ALT': {'allele': 'T', 'hp': 2, 'count': 21}}

chr5:157058912 --> {'REF': {'allele': 'C', 'hp': 1, 'count': 26}, 'ALT': {'allele': 'T', 'hp': 2, 'count': 18}}

chr5:157776831 --> {'REF': {'allele': 'C', 'hp': 2, 'count': 22}, 'ALT': {'allele': 'T', 'hp': 1, 'count': 19}}

chr5:157877830 --> {'REF': {'allele': 'A', 'hp': 2, 'count': 14}, 'ALT': {'allele': 'G', 'hp': 1, 'count': 10}}

chr5:158560031 --> {'REF': {'allele': 'T', 'hp': 2, 'count': 25}, 'ALT': {'allele': 'A', 'hp': 1, 'count': 14}}

chr5:160204004 --> {'REF': {'allele': 'G', 'hp': 2, 'count': 24}, 'ALT': {'allele': 'T', 'hp': 1, 'count': 22}}

chr5:160423790 --> {'REF': {'allele': 'A', 'hp': 1, 'count': 15}, 'ALT': {'allele': 'A', 'hp': 1, 'count': 15}}

chr5:160655554 --> {'REF': {'allele': 'A', 'hp': 2, 'count': 15}, 'ALT': {'allele': 'G', 'hp': 1, 'count': 12}}

chr5:161348718 --> {'REF': {'allele': 'G', 'hp': 2, 'count': 26}, 'ALT': {'allele': 'A', 'hp': 1, 'count': 21}}

chr5:161667634 --> {'REF': {'allele': 'T', 'hp': 2, 'count': 38}, 'ALT': {'allele': 'C', 'hp': 1, 'count': 24}}

chr5:162625567 --> {'REF': {'allele': 'G', 'hp': 2, 'count': 29}, 'ALT': {'allele': 'A', 'hp': 1, 'count': 24}}

chr5:162707911 --> {'REF': {'allele': 'G', 'hp': 2, 'count': 28}, 'ALT': {'allele': 'A', 'hp': 1, 'count': 24}}

chr5:163445190 --> {'REF': {'allele': 'A', 'hp': 2, 'count': 23}, 'ALT': {'allele': 'A', 'hp': 2, 'count': 23}}

chr5:163641808 --> {'REF': {'allele': 'C', 'hp': 2, 'count': 27}, 'ALT': {'allele': 'T', 'hp': 1, 'count': 23}}

chr5:164059985 --> {'REF': {'allele': 'A', 'hp': 2, 'count': 22}, 'ALT': {'allele': 'G', 'hp': 1, 'count': 16}}

chr5:164741366 --> {'REF': {'allele': 'A', 'hp': 1, 'count': 32}, 'ALT': {'allele': 'G', 'hp': 2, 'count': 31}}

chr5:166204785 --> {'REF': {'allele': 'T', 'hp': 1, 'count': 35}, 'ALT': {'allele': 'C', 'hp': 2, 'count': 23}}

chr5:167013353 --> {'REF': {'allele': 'A', 'hp': 2, 'count': 26}, 'ALT': {'allele': 'C', 'hp': 1, 'count': 19}}

chr5:167399029 --> {'REF': {'allele': 'C', 'hp': 1, 'count': 24}, 'ALT': {'allele': 'G', 'hp': 2, 'count': 15}}

chr5:168955779 --> {'REF': {'allele': 'C', 'hp': 2, 'count': 15}, 'ALT': {'allele': 'T', 'hp': 1, 'count': 13}}

chr5:169413820 --> {'REF': {'allele': 'T', 'hp': 1, 'count': 18}, 'ALT': {'allele': 'C', 'hp': 2, 'count': 13}}

chr5:169699999 --> {'REF': {'allele': 'C', 'hp': 1, 'count': 16}, 'ALT': {'allele': 'T', 'hp': 2, 'count': 14}}

chr5:169992279 --> {'REF': {'allele': 'T', 'hp': 2, 'count': 19}, 'ALT': {'allele': 'C', 'hp': 1, 'count': 18}}

chr5:170321302 --> {'REF': {'allele': 'T', 'hp': 1, 'count': 23}, 'ALT': {'allele': 'C', 'hp': 2, 'count': 18}}

chr5:171385500 --> {'REF': {'allele': 'G', 'hp': 2, 'count': 20}, 'ALT': {'allele': 'A', 'hp': 1, 'count': 13}}

chr5:172681986 --> {'REF': {'allele': 'A', 'hp': 1, 'count': 13}, 'ALT': {'allele': 'G', 'hp': 2, 'count': 11}}

chr5:172908185 --> {'REF': {'allele': 'C', 'hp': 2, 'count': 17}, 'ALT': {'allele': 'T', 'hp': 1, 'count': 13}}

chr5:173904103 --> {'REF': {'allele': 'T', 'hp': 1, 'count': 21}, 'ALT': {'allele': 'C', 'hp': 2, 'count': 16}}

chr5:174251559 --> {'REF': {'allele': 'T', 'hp': 2, 'count': 12}, 'ALT': {'allele': 'G', 'hp': 1, 'count': 11}}

chr5:174721432 --> {'REF': {'allele': 'G', 'hp': 1, 'count': 23}, 'ALT': {'allele': 'A', 'hp': 2, 'count': 15}}

chr5:174809284 --> {'REF': {'allele': 'A', 'hp': 2, 'count': 19}, 'ALT': {'allele': 'C', 'hp': 1, 'count': 17}}

chr5:175242116 --> {'REF': {'allele': 'C', 'hp': 1, 'count': 17}, 'ALT': {'allele': 'T', 'hp': 2, 'count': 12}}

chr5:176098109 --> {'REF': {'allele': 'C', 'hp': 1, 'count': 15}, 'ALT': {'allele': 'T', 'hp': 2, 'count': 14}}

chr5:178252295 --> {'REF': {'allele': 'T', 'hp': 1, 'count': 20}, 'ALT': {'allele': 'C', 'hp': 2, 'count': 12}}

chr5:179035979 --> {'REF': {'allele': 'C', 'hp': 1, 'count': 14}, 'ALT': {'allele': 'T', 'hp': 2, 'count': 9}}

chr5:180124100 --> {'REF': {'allele': 'T', 'hp': 2, 'count': 11}, 'ALT': {'allele': 'C', 'hp': 1, 'count': 10}}

chr5:180857307 --> {'REF': {'allele': 'C', 'hp': 2, 'count': 13}, 'ALT': {'allele': 'T', 'hp': 1, 'count': 11}}

chr5:181445567 --> {'REF': {'allele': 'C', 'hp': 2, 'count': 20}, 'ALT': {'allele': 'T', 'hp': 1, 'count': 15}}

chr18:459939 --> {'REF': {'allele': 'T', 'hp': 1, 'count': 22}, 'ALT': {'allele': 'G', 'hp': 2, 'count': 19}}

chr18:801227 --> {'REF': {'allele': 'A', 'hp': 2, 'count': 15}, 'ALT': {'allele': 'G', 'hp': 1, 'count': 13}}

chr18:3767669 --> {'REF': {'allele': 'G', 'hp': 2, 'count': 17}, 'ALT': {'allele': 'T', 'hp': 1, 'count': 10}}

chr18:4489167 --> {'REF': {'allele': 'G', 'hp': 2, 'count': 25}, 'ALT': {'allele': 'A', 'hp': 1, 'count': 22}}

chr18:4564733 --> {'REF': {'allele': 'C', 'hp': 1, 'count': 23}, 'ALT': {'allele': 'G', 'hp': 2, 'count': 16}}

chr18:6630728 --> {'REF': {'allele': 'G', 'hp': 2, 'count': 28}, 'ALT': {'allele': 'A', 'hp': 1, 'count': 18}}

chr18:7541168 --> {'REF': {'allele': 'A', 'hp': 1, 'count': 16}, 'ALT': {'allele': 'G', 'hp': 2, 'count': 13}}

chr18:7839082 --> {'REF': {'allele': 'C', 'hp': 2, 'count': 22}, 'ALT': {'allele': 'A', 'hp': 1, 'count': 19}}

chr18:7995598 --> {'REF': {'allele': 'A', 'hp': 2, 'count': 20}, 'ALT': {'allele': 'G', 'hp': 1, 'count': 19}}

chr18:8645807 --> {'REF': {'allele': 'A', 'hp': 1, 'count': 24}, 'ALT': {'allele': 'G', 'hp': 2, 'count': 11}}

chr18:9086349 --> {'REF': {'allele': 'A', 'hp': 2, 'count': 25}, 'ALT': {'allele': 'T', 'hp': 1, 'count': 13}}

chr18:10035830 --> {'REF': {'allele': 'A', 'hp': 1, 'count': 14}, 'ALT': {'allele': 'A', 'hp': 1, 'count': 14}}

chr18:10448067 --> {'REF': {'allele': 'C', 'hp': 1, 'count': 19}, 'ALT': {'allele': 'A', 'hp': 2, 'count': 11}}

chr18:11096999 --> {'REF': {'allele': 'G', 'hp': 2, 'count': 20}, 'ALT': {'allele': 'C', 'hp': 1, 'count': 13}}

chr18:11251768 --> {'REF': {'allele': 'G', 'hp': 2, 'count': 15}, 'ALT': {'allele': 'A', 'hp': 1, 'count': 11}}

chr18:11397891 --> {'REF': {'allele': 'C', 'hp': 2, 'count': 24}, 'ALT': {'allele': 'T', 'hp': 1, 'count': 19}}

chr18:11778115 --> {'REF': {'allele': 'C', 'hp': 1, 'count': 17}, 'ALT': {'allele': 'T', 'hp': 2, 'count': 10}}

chr18:13245518 --> {'REF': {'allele': 'T', 'hp': 1, 'count': 23}, 'ALT': {'allele': 'A', 'hp': 2, 'count': 14}}

chr18:13691500 --> {'REF': {'allele': 'C', 'hp': 1, 'count': 15}, 'ALT': {'allele': 'T', 'hp': 2, 'count': 11}}

chr18:14007269 --> {'REF': {'allele': 'G', 'hp': 1, 'count': 16}, 'ALT': {'allele': 'A', 'hp': 2, 'count': 15}}

chr18:14180890 --> {'REF': {'allele': 'A', 'hp': 2, 'count': 22}, 'ALT': {'allele': 'G', 'hp': 1, 'count': 20}}

chr18:15522460 --> {'REF': {'allele': 'T', 'hp': 1, 'count': 14}, 'ALT': {'allele': 'C', 'hp': 2, 'count': 10}}

chr18:21853261 --> {'REF': {'allele': 'T', 'hp': 1, 'count': 18}, 'ALT': {'allele': 'C', 'hp': 2, 'count': 16}}

chr18:22272116 --> {'REF': {'allele': 'T', 'hp': 2, 'count': 16}, 'ALT': {'allele': 'C', 'hp': 1, 'count': 13}}

chr18:22816469 --> {'REF': {'allele': 'T', 'hp': 1, 'count': 26}, 'ALT': {'allele': 'A', 'hp': 2, 'count': 12}}

chr18:23612949 --> {'REF': {'allele': 'A', 'hp': 1, 'count': 22}, 'ALT': {'allele': 'G', 'hp': 2, 'count': 12}}

chr18:25036184 --> {'REF': {'allele': 'T', 'hp': 2, 'count': 20}, 'ALT': {'allele': 'C', 'hp': 1, 'count': 11}}

chr18:25386427 --> {'REF': {'allele': 'T', 'hp': 1, 'count': 37}, 'ALT': {'allele': 'G', 'hp': 2, 'count': 26}}

chr18:25640037 --> {'REF': {'allele': 'C', 'hp': 1, 'count': 19}, 'ALT': {'allele': 'T', 'hp': 2, 'count': 14}}

chr18:25925053 --> {'REF': {'allele': 'G', 'hp': 1, 'count': 24}, 'ALT': {'allele': 'A', 'hp': 2, 'count': 21}}

chr18:27082866 --> {'REF': {'allele': 'C', 'hp': 2, 'count': 20}, 'ALT': {'allele': 'T', 'hp': 1, 'count': 19}}

chr18:27778153 --> {'REF': {'allele': 'A', 'hp': 1, 'count': 31}, 'ALT': {'allele': 'G', 'hp': 2, 'count': 20}}

chr18:28081521 --> {'REF': {'allele': 'C', 'hp': 1, 'count': 24}, 'ALT': {'allele': 'T', 'hp': 2, 'count': 22}}

chr18:29628534 --> {'REF': {'allele': 'C', 'hp': 1, 'count': 44}, 'ALT': {'allele': 'T', 'hp': 2, 'count': 28}}

chr18:29744164 --> {'REF': {'allele': 'C', 'hp': 1, 'count': 22}, 'ALT': {'allele': 'T', 'hp': 2, 'count': 20}}

chr18:29984314 --> {'REF': {'allele': 'T', 'hp': 1, 'count': 31}, 'ALT': {'allele': 'A', 'hp': 2, 'count': 24}}

chr18:30112009 --> {'REF': {'allele': 'G', 'hp': 2, 'count': 26}, 'ALT': {'allele': 'A', 'hp': 1, 'count': 25}}

chr18:31015876 --> {'REF': {'allele': 'G', 'hp': 2, 'count': 24}, 'ALT': {'allele': 'A', 'hp': 1, 'count': 22}}

chr18:31817315 --> {'REF': {'allele': 'G', 'hp': 2, 'count': 23}, 'ALT': {'allele': 'A', 'hp': 1, 'count': 17}}

chr18:32399626 --> {'REF': {'allele': 'A', 'hp': 2, 'count': 23}, 'ALT': {'allele': 'C', 'hp': 1, 'count': 19}}

chr18:32766100 --> {'REF': {'allele': 'C', 'hp': 1, 'count': 20}, 'ALT': {'allele': 'C', 'hp': 1, 'count': 20}}

chr18:32942532 --> {'REF': {'allele': 'C', 'hp': 2, 'count': 22}, 'ALT': {'allele': 'T', 'hp': 1, 'count': 17}}

chr18:33975372 --> {'REF': {'allele': 'C', 'hp': 2, 'count': 25}, 'ALT': {'allele': 'T', 'hp': 1, 'count': 22}}

chr18:34394440 --> {'REF': {'allele': 'G', 'hp': 2, 'count': 32}, 'ALT': {'allele': 'C', 'hp': 1, 'count': 21}}

chr18:35099873 --> {'REF': {'allele': 'C', 'hp': 2, 'count': 27}, 'ALT': {'allele': 'T', 'hp': 1, 'count': 25}}

chr18:35689500 --> {'REF': {'allele': 'G', 'hp': 1, 'count': 20}, 'ALT': {'allele': 'A', 'hp': 2, 'count': 15}}

chr18:37674279 --> {'REF': {'allele': 'A', 'hp': 2, 'count': 12}, 'ALT': {'allele': 'G', 'hp': 1, 'count': 10}}

chr18:38383573 --> {'REF': {'allele': 'T', 'hp': 1, 'count': 38}, 'ALT': {'allele': 'G', 'hp': 2, 'count': 30}}

chr18:39408124 --> {'REF': {'allele': 'C', 'hp': 1, 'count': 25}, 'ALT': {'allele': 'T', 'hp': 2, 'count': 20}}

chr18:41858956 --> {'REF': {'allele': 'A', 'hp': 2, 'count': 23}, 'ALT': {'allele': 'C', 'hp': 1, 'count': 17}}

chr18:42864636 --> {'REF': {'allele': 'T', 'hp': 1, 'count': 20}, 'ALT': {'allele': 'A', 'hp': 2, 'count': 18}}

chr18:43264623 --> {'REF': {'allele': 'T', 'hp': 1, 'count': 28}, 'ALT': {'allele': 'A', 'hp': 2, 'count': 19}}

chr18:43511693 --> {'REF': {'allele': 'T', 'hp': 2, 'count': 21}, 'ALT': {'allele': 'T', 'hp': 2, 'count': 21}}

chr18:44081233 --> {'REF': {'allele': 'T', 'hp': 2, 'count': 31}, 'ALT': {'allele': 'C', 'hp': 1, 'count': 22}}

chr18:44472626 --> {'REF': {'allele': 'T', 'hp': 1, 'count': 23}, 'ALT': {'allele': 'G', 'hp': 2, 'count': 19}}

chr18:45092008 --> {'REF': {'allele': 'A', 'hp': 1, 'count': 23}, 'ALT': {'allele': 'T', 'hp': 2, 'count': 22}}

chr18:45990314 --> {'REF': {'allele': 'A', 'hp': 1, 'count': 15}, 'ALT': {'allele': 'A', 'hp': 1, 'count': 15}}

chr18:46559174 --> {'REF': {'allele': 'A', 'hp': 2, 'count': 11}, 'ALT': {'allele': 'T', 'hp': 1, 'count': 9}}

chr18:46851611 --> {'REF': {'allele': 'G', 'hp': 1, 'count': 17}, 'ALT': {'allele': 'A', 'hp': 2, 'count': 13}}

chr18:46946399 --> {'REF': {'allele': 'G', 'hp': 2, 'count': 14}, 'ALT': {'allele': 'A', 'hp': 1, 'count': 9}}

chr18:47292796 --> {'REF': {'allele': 'G', 'hp': 2, 'count': 22}, 'ALT': {'allele': 'A', 'hp': 1, 'count': 14}}

chr18:47770227 --> {'REF': {'allele': 'G', 'hp': 1, 'count': 12}, 'ALT': {'allele': 'A', 'hp': 2, 'count': 11}}

chr18:47953260 --> {'REF': {'allele': 'A', 'hp': 2, 'count': 18}, 'ALT': {'allele': 'A', 'hp': 2, 'count': 18}}

chr18:48713843 --> {'REF': {'allele': 'A', 'hp': 2, 'count': 14}, 'ALT': {'allele': 'T', 'hp': 1, 'count': 9}}

chr18:48876691 --> {'REF': {'allele': 'G', 'hp': 1, 'count': 14}, 'ALT': {'allele': 'G', 'hp': 1, 'count': 14}}

chr18:49594331 --> {'REF': {'allele': 'T', 'hp': 1, 'count': 20}, 'ALT': {'allele': 'C', 'hp': 2, 'count': 17}}

chr18:50160232 --> {'REF': {'allele': 'T', 'hp': 2, 'count': 18}, 'ALT': {'allele': 'C', 'hp': 1, 'count': 12}}

chr18:50571288 --> {'REF': {'allele': 'A', 'hp': 2, 'count': 17}, 'ALT': {'allele': 'C', 'hp': 1, 'count': 13}}

chr18:50963056 --> {'REF': {'allele': 'C', 'hp': 2, 'count': 23}, 'ALT': {'allele': 'T', 'hp': 1, 'count': 21}}

chr18:51590906 --> {'REF': {'allele': 'A', 'hp': 2, 'count': 18}, 'ALT': {'allele': 'G', 'hp': 1, 'count': 10}}

chr18:51780302 --> {'REF': {'allele': 'A', 'hp': 1, 'count': 18}, 'ALT': {'allele': 'G', 'hp': 2, 'count': 14}}

chr18:52618395 --> {'REF': {'allele': 'C', 'hp': 1, 'count': 25}, 'ALT': {'allele': 'T', 'hp': 2, 'count': 23}}

chr18:53230508 --> {'REF': {'allele': 'G', 'hp': 2, 'count': 36}, 'ALT': {'allele': 'A', 'hp': 1, 'count': 27}}

chr18:53897413 --> {'REF': {'allele': 'G', 'hp': 1, 'count': 28}, 'ALT': {'allele': 'A', 'hp': 2, 'count': 18}}

chr18:56175255 --> {'REF': {'allele': 'C', 'hp': 2, 'count': 23}, 'ALT': {'allele': 'A', 'hp': 1, 'count': 16}}

chr18:56536412 --> {'REF': {'allele': 'C', 'hp': 2, 'count': 23}, 'ALT': {'allele': 'T', 'hp': 1, 'count': 18}}

chr18:57358366 --> {'REF': {'allele': 'G', 'hp': 1, 'count': 21}, 'ALT': {'allele': 'A', 'hp': 2, 'count': 12}}

chr18:58315587 --> {'REF': {'allele': 'A', 'hp': 2, 'count': 22}, 'ALT': {'allele': 'C', 'hp': 1, 'count': 20}}

chr18:58739719 --> {'REF': {'allele': 'T', 'hp': 1, 'count': 22}, 'ALT': {'allele': 'A', 'hp': 2, 'count': 16}}

chr18:59330903 --> {'REF': {'allele': 'A', 'hp': 2, 'count': 18}, 'ALT': {'allele': 'G', 'hp': 1, 'count': 16}}

chr18:59687249 --> {'REF': {'allele': 'G', 'hp': 2, 'count': 17}, 'ALT': {'allele': 'A', 'hp': 1, 'count': 16}}

chr18:59848061 --> {'REF': {'allele': 'G', 'hp': 2, 'count': 21}, 'ALT': {'allele': 'A', 'hp': 1, 'count': 17}}

chr18:60462471 --> {'REF': {'allele': 'C', 'hp': 2, 'count': 22}, 'ALT': {'allele': 'T', 'hp': 1, 'count': 21}}

chr18:61688035 --> {'REF': {'allele': 'C', 'hp': 1, 'count': 28}, 'ALT': {'allele': 'T', 'hp': 2, 'count': 22}}

chr18:61946181 --> {'REF': {'allele': 'C', 'hp': 1, 'count': 17}, 'ALT': {'allele': 'T', 'hp': 2, 'count': 9}}

chr18:62147345 --> {'REF': {'allele': 'T', 'hp': 2, 'count': 32}, 'ALT': {'allele': 'A', 'hp': 1, 'count': 16}}

chr18:62630764 --> {'REF': {'allele': 'C', 'hp': 1, 'count': 22}, 'ALT': {'allele': 'C', 'hp': 1, 'count': 22}}

chr18:63174000 --> {'REF': {'allele': 'T', 'hp': 1, 'count': 20}, 'ALT': {'allele': 'C', 'hp': 2, 'count': 15}}

chr18:63552151 --> {'REF': {'allele': 'T', 'hp': 2, 'count': 25}, 'ALT': {'allele': 'C', 'hp': 1, 'count': 13}}

chr18:63730660 --> {'REF': {'allele': 'G', 'hp': 1, 'count': 20}, 'ALT': {'allele': 'A', 'hp': 2, 'count': 17}}

chr18:65132508 --> {'REF': {'allele': 'T', 'hp': 2, 'count': 26}, 'ALT': {'allele': 'C', 'hp': 1, 'count': 25}}

chr18:65450819 --> {'REF': {'allele': 'G', 'hp': 2, 'count': 34}, 'ALT': {'allele': 'A', 'hp': 1, 'count': 23}}

chr18:67643747 --> {'REF': {'allele': 'A', 'hp': 1, 'count': 33}, 'ALT': {'allele': 'G', 'hp': 2, 'count': 20}}

chr18:70295962 --> {'REF': {'allele': 'T', 'hp': 1, 'count': 39}, 'ALT': {'allele': 'C', 'hp': 2, 'count': 35}}

chr18:72447824 --> {'REF': {'allele': 'C', 'hp': 1, 'count': 42}, 'ALT': {'allele': 'T', 'hp': 2, 'count': 38}}

chr18:73439743 --> {'REF': {'allele': 'G', 'hp': 1, 'count': 31}, 'ALT': {'allele': 'C', 'hp': 2, 'count': 27}}

chr18:73672005 --> {'REF': {'allele': 'A', 'hp': 2, 'count': 28}, 'ALT': {'allele': 'T', 'hp': 1, 'count': 24}}

chr18:73919846 --> {'REF': {'allele': 'C', 'hp': 2, 'count': 30}, 'ALT': {'allele': 'G', 'hp': 1, 'count': 24}}

chr18:74027635 --> {'REF': {'allele': 'C', 'hp': 2, 'count': 28}, 'ALT': {'allele': 'T', 'hp': 1, 'count': 23}}

chr18:75587997 --> {'REF': {'allele': 'T', 'hp': 2, 'count': 19}, 'ALT': {'allele': 'A', 'hp': 1, 'count': 16}}

chr18:75747792 --> {'REF': {'allele': 'A', 'hp': 2, 'count': 15}, 'ALT': {'allele': 'G', 'hp': 1, 'count': 13}}

chr18:75952255 --> {'REF': {'allele': 'T', 'hp': 2, 'count': 14}, 'ALT': {'allele': 'T', 'hp': 2, 'count': 14}}

chr18:76411810 --> {'REF': {'allele': 'A', 'hp': 2, 'count': 26}, 'ALT': {'allele': 'G', 'hp': 1, 'count': 19}}

chr18:79031197 --> {'REF': {'allele': 'G', 'hp': 2, 'count': 14}, 'ALT': {'allele': 'A', 'hp': 1, 'count': 10}}

chr16:6164826 --> {'REF': {'allele': 'G', 'hp': 1, 'count': 19}, 'ALT': {'allele': 'A', 'hp': 2, 'count': 15}}

chr16:6639702 --> {'REF': {'allele': 'C', 'hp': 1, 'count': 21}, 'ALT': {'allele': 'T', 'hp': 2, 'count': 13}}

chr16:7823744 --> {'REF': {'allele': 'C', 'hp': 1, 'count': 17}, 'ALT': {'allele': 'T', 'hp': 2, 'count': 15}}

chr16:8094252 --> {'REF': {'allele': 'A', 'hp': 1, 'count': 18}, 'ALT': {'allele': 'G', 'hp': 2, 'count': 15}}

chr16:8695904 --> {'REF': {'allele': 'A', 'hp': 1, 'count': 17}, 'ALT': {'allele': 'T', 'hp': 2, 'count': 9}}

chr16:9678682 --> {'REF': {'allele': 'G', 'hp': 1, 'count': 26}, 'ALT': {'allele': 'T', 'hp': 2, 'count': 16}}

chr16:10029315 --> {'REF': {'allele': 'A', 'hp': 2, 'count': 17}, 'ALT': {'allele': 'G', 'hp': 1, 'count': 10}}

chr16:10598981 --> {'REF': {'allele': 'A', 'hp': 1, 'count': 17}, 'ALT': {'allele': 'C', 'hp': 2, 'count': 10}}

chr16:10776019 --> {'REF': {'allele': 'T', 'hp': 2, 'count': 13}, 'ALT': {'allele': 'C', 'hp': 1, 'count': 10}}

chr16:11120490 --> {'REF': {'allele': 'G', 'hp': 1, 'count': 12}, 'ALT': {'allele': 'C', 'hp': 2, 'count': 9}}

chr16:11733249 --> {'REF': {'allele': 'T', 'hp': 2, 'count': 22}, 'ALT': {'allele': 'A', 'hp': 1, 'count': 16}}

chr16:13190491 --> {'REF': {'allele': 'T', 'hp': 2, 'count': 13}, 'ALT': {'allele': 'A', 'hp': 1, 'count': 9}}

chr16:13261182 --> {'REF': {'allele': 'A', 'hp': 1, 'count': 12}, 'ALT': {'allele': 'T', 'hp': 2, 'count': 9}}

chr16:13782597 --> {'REF': {'allele': 'G', 'hp': 2, 'count': 26}, 'ALT': {'allele': 'A', 'hp': 1, 'count': 17}}

chr16:14094644 --> {'REF': {'allele': 'T', 'hp': 2, 'count': 22}, 'ALT': {'allele': 'C', 'hp': 1, 'count': 14}}

chr16:14334548 --> {'REF': {'allele': 'G', 'hp': 2, 'count': 11}, 'ALT': {'allele': 'A', 'hp': 1, 'count': 10}}

chr16:15576163 --> {'REF': {'allele': 'G', 'hp': 2, 'count': 15}, 'ALT': {'allele': 'A', 'hp': 1, 'count': 10}}

chr16:16753140 --> {'REF': {'allele': 'A', 'hp': 2, 'count': 13}, 'ALT': {'allele': 'G', 'hp': 1, 'count': 12}}

chr16:16993676 --> {'REF': {'allele': 'T', 'hp': 2, 'count': 14}, 'ALT': {'allele': 'C', 'hp': 1, 'count': 12}}

chr16:17863885 --> {'REF': {'allele': 'A', 'hp': 2, 'count': 13}, 'ALT': {'allele': 'T', 'hp': 1, 'count': 10}}

chr16:18732560 --> {'REF': {'allele': 'C', 'hp': 2, 'count': 17}, 'ALT': {'allele': 'T', 'hp': 1, 'count': 13}}

chr16:20258762 --> {'REF': {'allele': 'T', 'hp': 2, 'count': 18}, 'ALT': {'allele': 'C', 'hp': 1, 'count': 13}}

chr16:20603297 --> {'REF': {'allele': 'T', 'hp': 2, 'count': 26}, 'ALT': {'allele': 'C', 'hp': 1, 'count': 18}}

chr16:20986945 --> {'REF': {'allele': 'G', 'hp': 2, 'count': 20}, 'ALT': {'allele': 'A', 'hp': 1, 'count': 16}}

chr16:24651077 --> {'REF': {'allele': 'G', 'hp': 1, 'count': 22}, 'ALT': {'allele': 'A', 'hp': 2, 'count': 15}}

chr16:25939530 --> {'REF': {'allele': 'G', 'hp': 1, 'count': 25}, 'ALT': {'allele': 'A', 'hp': 2, 'count': 17}}

chr16:27578423 --> {'REF': {'allele': 'A', 'hp': 1, 'count': 16}, 'ALT': {'allele': 'C', 'hp': 2, 'count': 14}}

chr16:28785708 --> {'REF': {'allele': 'A', 'hp': 2, 'count': 16}, 'ALT': {'allele': 'G', 'hp': 1, 'count': 9}}

chr16:55377884 --> {'REF': {'allele': 'C', 'hp': 2, 'count': 20}, 'ALT': {'allele': 'T', 'hp': 1, 'count': 16}}

chr16:56128533 --> {'REF': {'allele': 'G', 'hp': 1, 'count': 26}, 'ALT': {'allele': 'A', 'hp': 2, 'count': 15}}

chr16:56772337 --> {'REF': {'allele': 'T', 'hp': 2, 'count': 13}, 'ALT': {'allele': 'T', 'hp': 2, 'count': 13}}

chr16:57331358 --> {'REF': {'allele': 'C', 'hp': 1, 'count': 20}, 'ALT': {'allele': 'G', 'hp': 2, 'count': 17}}

chr16:57533424 --> {'REF': {'allele': 'G', 'hp': 1, 'count': 26}, 'ALT': {'allele': 'A', 'hp': 2, 'count': 23}}

chr16:58289260 --> {'REF': {'allele': 'T', 'hp': 1, 'count': 29}, 'ALT': {'allele': 'C', 'hp': 2, 'count': 25}}

chr16:58942109 --> {'REF': {'allele': 'G', 'hp': 2, 'count': 18}, 'ALT': {'allele': 'A', 'hp': 1, 'count': 16}}

chr16:61495487 --> {'REF': {'allele': 'G', 'hp': 2, 'count': 14}, 'ALT': {'allele': 'A', 'hp': 1, 'count': 12}}

chr16:63680374 --> {'REF': {'allele': 'C', 'hp': 1, 'count': 13}, 'ALT': {'allele': 'T', 'hp': 2, 'count': 12}}

chr16:64622011 --> {'REF': {'allele': 'C', 'hp': 1, 'count': 17}, 'ALT': {'allele': 'T', 'hp': 2, 'count': 16}}

chr16:64887601 --> {'REF': {'allele': 'A', 'hp': 2, 'count': 28}, 'ALT': {'allele': 'G', 'hp': 1, 'count': 27}}

chr16:65579103 --> {'REF': {'allele': 'G', 'hp': 1, 'count': 34}, 'ALT': {'allele': 'A', 'hp': 2, 'count': 26}}

chr16:65864343 --> {'REF': {'allele': 'A', 'hp': 2, 'count': 28}, 'ALT': {'allele': 'G', 'hp': 1, 'count': 24}}

chr16:65963463 --> {'REF': {'allele': 'A', 'hp': 1, 'count': 23}, 'ALT': {'allele': 'G', 'hp': 2, 'count': 18}}

chr16:66411135 --> {'REF': {'allele': 'G', 'hp': 1, 'count': 27}, 'ALT': {'allele': 'A', 'hp': 2, 'count': 18}}

chr16:66805824 --> {'REF': {'allele': 'T', 'hp': 2, 'count': 28}, 'ALT': {'allele': 'C', 'hp': 1, 'count': 24}}

chr16:67105047 --> {'REF': {'allele': 'G', 'hp': 2, 'count': 26}, 'ALT': {'allele': 'T', 'hp': 1, 'count': 18}}

chr16:68403889 --> {'REF': {'allele': 'C', 'hp': 2, 'count': 24}, 'ALT': {'allele': 'C', 'hp': 2, 'count': 24}}

chr16:69305292 --> {'REF': {'allele': 'A', 'hp': 1, 'count': 23}, 'ALT': {'allele': 'A', 'hp': 1, 'count': 23}}

chr16:70696558 --> {'REF': {'allele': 'A', 'hp': 1, 'count': 30}, 'ALT': {'allele': 'G', 'hp': 2, 'count': 14}}

chr16:71974585 --> {'REF': {'allele': 'C', 'hp': 2, 'count': 18}, 'ALT': {'allele': 'T', 'hp': 1, 'count': 17}}

chr16:72358903 --> {'REF': {'allele': 'C', 'hp': 1, 'count': 21}, 'ALT': {'allele': 'T', 'hp': 2, 'count': 14}}

chr16:77002541 --> {'REF': {'allele': 'T', 'hp': 2, 'count': 22}, 'ALT': {'allele': 'C', 'hp': 1, 'count': 21}}

chr16:78871377 --> {'REF': {'allele': 'G', 'hp': 1, 'count': 23}, 'ALT': {'allele': 'A', 'hp': 2, 'count': 12}}

chr16:78922208 --> {'REF': {'allele': 'G', 'hp': 2, 'count': 10}, 'ALT': {'allele': 'G', 'hp': 2, 'count': 10}}

chr16:79078569 --> {'REF': {'allele': 'A', 'hp': 2, 'count': 18}, 'ALT': {'allele': 'G', 'hp': 1, 'count': 15}}

chr16:79406393 --> {'REF': {'allele': 'A', 'hp': 1, 'count': 17}, 'ALT': {'allele': 'G', 'hp': 2, 'count': 9}}

chr16:83278657 --> {'REF': {'allele': 'T', 'hp': 1, 'count': 20}, 'ALT': {'allele': 'C', 'hp': 2, 'count': 13}}

chr16:83652899 --> {'REF': {'allele': 'C', 'hp': 2, 'count': 20}, 'ALT': {'allele': 'T', 'hp': 1, 'count': 19}}

chr16:84286225 --> {'REF': {'allele': 'T', 'hp': 1, 'count': 17}, 'ALT': {'allele': 'C', 'hp': 2, 'count': 10}}

chr16:84839641 --> {'REF': {'allele': 'G', 'hp': 2, 'count': 21}, 'ALT': {'allele': 'A', 'hp': 1, 'count': 16}}

chr16:84960561 --> {'REF': {'allele': 'C', 'hp': 1, 'count': 17}, 'ALT': {'allele': 'T', 'hp': 2, 'count': 11}}

chr16:85035395 --> {'REF': {'allele': 'C', 'hp': 2, 'count': 18}, 'ALT': {'allele': 'T', 'hp': 1, 'count': 17}}

chr16:85620326 --> {'REF': {'allele': 'C', 'hp': 1, 'count': 19}, 'ALT': {'allele': 'C', 'hp': 1, 'count': 19}}

chr16:86349380 --> {'REF': {'allele': 'T', 'hp': 2, 'count': 26}, 'ALT': {'allele': 'C', 'hp': 1, 'count': 20}}

chr16:87309493 --> {'REF': {'allele': 'G', 'hp': 2, 'count': 10}, 'ALT': {'allele': 'T', 'hp': 1, 'count': 9}}

chr16:87957907 --> {'REF': {'allele': 'C', 'hp': 1, 'count': 10}, 'ALT': {'allele': 'G', 'hp': 2, 'count': 9}}

chr16:88515937 --> {'REF': {'allele': 'T', 'hp': 2, 'count': 27}, 'ALT': {'allele': 'C', 'hp': 1, 'count': 10}}

chr16:88655377 --> {'REF': {'allele': 'A', 'hp': 1, 'count': 20}, 'ALT': {'allele': 'C', 'hp': 2, 'count': 16}}

chr16:89505483 --> {'REF': {'allele': 'G', 'hp': 2, 'count': 18}, 'ALT': {'allele': 'G', 'hp': 2, 'count': 18}}

chr16:90453744 --> {'REF': {'allele': 'A', 'hp': 2, 'count': 12}, 'ALT': {'allele': 'G', 'hp': 1, 'count': 9}}

chr16:92329806 --> {'REF': {'allele': 'T', 'hp': 2, 'count': 15}, 'ALT': {'allele': 'C', 'hp': 1, 'count': 14}}

chr16:92706816 --> {'REF': {'allele': 'T', 'hp': 1, 'count': 15}, 'ALT': {'allele': 'C', 'hp': 2, 'count': 14}}

chr16:92820367 --> {'REF': {'allele': 'A', 'hp': 1, 'count': 17}, 'ALT': {'allele': 'G', 'hp': 2, 'count': 15}}

chr19:5996210 --> {'REF': {'allele': 'G', 'hp': 1, 'count': 13}, 'ALT': {'allele': 'A', 'hp': 2, 'count': 12}}

chr19:7560920 --> {'REF': {'allele': 'G', 'hp': 1, 'count': 12}, 'ALT': {'allele': 'T', 'hp': 2, 'count': 10}}

chr19:8704269 --> {'REF': {'allele': 'G', 'hp': 1, 'count': 13}, 'ALT': {'allele': 'G', 'hp': 1, 'count': 13}}

chr19:9038968 --> {'REF': {'allele': 'T', 'hp': 1, 'count': 24}, 'ALT': {'allele': 'C', 'hp': 2, 'count': 13}}

chr19:11437547 --> {'REF': {'allele': 'C', 'hp': 1, 'count': 12}, 'ALT': {'allele': 'T', 'hp': 2, 'count': 9}}

chr19:12355581 --> {'REF': {'allele': 'C', 'hp': 1, 'count': 17}, 'ALT': {'allele': 'G', 'hp': 2, 'count': 12}}

chr19:13397386 --> {'REF': {'allele': 'G', 'hp': 2, 'count': 15}, 'ALT': {'allele': 'A', 'hp': 1, 'count': 14}}

chr19:13590099 --> {'REF': {'allele': 'C', 'hp': 2, 'count': 14}, 'ALT': {'allele': 'T', 'hp': 1, 'count': 12}}

chr19:14914695 --> {'REF': {'allele': 'C', 'hp': 2, 'count': 15}, 'ALT': {'allele': 'G', 'hp': 1, 'count': 9}}

chr19:15008811 --> {'REF': {'allele': 'A', 'hp': 1, 'count': 15}, 'ALT': {'allele': 'G', 'hp': 2, 'count': 12}}

chr19:16637593 --> {'REF': {'allele': 'G', 'hp': 2, 'count': 17}, 'ALT': {'allele': 'C', 'hp': 1, 'count': 10}}

chr19:18877630 --> {'REF': {'allele': 'G', 'hp': 2, 'count': 10}, 'ALT': {'allele': 'G', 'hp': 2, 'count': 10}}

chr19:19840407 --> {'REF': {'allele': 'A', 'hp': 2, 'count': 11}, 'ALT': {'allele': 'G', 'hp': 1, 'count': 9}}

chr19:19905156 --> {'REF': {'allele': 'G', 'hp': 1, 'count': 11}, 'ALT': {'allele': 'A', 'hp': 2, 'count': 10}}

chr19:20204193 --> {'REF': {'allele': 'G', 'hp': 2, 'count': 18}, 'ALT': {'allele': 'A', 'hp': 1, 'count': 13}}

chr19:20981703 --> {'REF': {'allele': 'A', 'hp': 1, 'count': 20}, 'ALT': {'allele': 'C', 'hp': 2, 'count': 16}}

chr19:22082608 --> {'REF': {'allele': 'G', 'hp': 1, 'count': 28}, 'ALT': {'allele': 'T', 'hp': 2, 'count': 18}}

chr19:22686313 --> {'REF': {'allele': 'T', 'hp': 1, 'count': 22}, 'ALT': {'allele': 'C', 'hp': 2, 'count': 16}}

chr19:24386973 --> {'REF': {'allele': 'G', 'hp': 1, 'count': 29}, 'ALT': {'allele': 'C', 'hp': 2, 'count': 25}}

chr19:25816005 --> {'REF': {'allele': 'A', 'hp': 2, 'count': 16}, 'ALT': {'allele': 'C', 'hp': 1, 'count': 9}}

chr19:30293140 --> {'REF': {'allele': 'C', 'hp': 2, 'count': 15}, 'ALT': {'allele': 'T', 'hp': 1, 'count': 13}}

chr19:32157728 --> {'REF': {'allele': 'C', 'hp': 1, 'count': 14}, 'ALT': {'allele': 'T', 'hp': 2, 'count': 10}}

chr19:32852942 --> {'REF': {'allele': 'A', 'hp': 2, 'count': 14}, 'ALT': {'allele': 'G', 'hp': 1, 'count': 12}}

chr19:34021436 --> {'REF': {'allele': 'A', 'hp': 2, 'count': 14}, 'ALT': {'allele': 'G', 'hp': 1, 'count': 13}}

chr19:34234676 --> {'REF': {'allele': 'T', 'hp': 1, 'count': 18}, 'ALT': {'allele': 'G', 'hp': 2, 'count': 10}}

chr19:34465959 --> {'REF': {'allele': 'T', 'hp': 2, 'count': 12}, 'ALT': {'allele': 'T', 'hp': 2, 'count': 12}}

chr19:34729870 --> {'REF': {'allele': 'C', 'hp': 2, 'count': 21}, 'ALT': {'allele': 'T', 'hp': 1, 'count': 14}}

chr19:36097688 --> {'REF': {'allele': 'C', 'hp': 2, 'count': 13}, 'ALT': {'allele': 'T', 'hp': 1, 'count': 10}}

chr19:36374322 --> {'REF': {'allele': 'C', 'hp': 1, 'count': 14}, 'ALT': {'allele': 'T', 'hp': 2, 'count': 10}}

chr19:37163534 --> {'REF': {'allele': 'C', 'hp': 2, 'count': 23}, 'ALT': {'allele': 'T', 'hp': 1, 'count': 20}}

chr19:39829520 --> {'REF': {'allele': 'G', 'hp': 1, 'count': 16}, 'ALT': {'allele': 'A', 'hp': 2, 'count': 13}}

chr19:40133832 --> {'REF': {'allele': 'A', 'hp': 1, 'count': 23}, 'ALT': {'allele': 'G', 'hp': 2, 'count': 13}}

chr19:44468293 --> {'REF': {'allele': 'T', 'hp': 2, 'count': 23}, 'ALT': {'allele': 'G', 'hp': 1, 'count': 19}}

chr19:45941032 --> {'REF': {'allele': 'T', 'hp': 2, 'count': 35}, 'ALT': {'allele': 'C', 'hp': 1, 'count': 11}}

chr19:46380129 --> {'REF': {'allele': 'G', 'hp': 2, 'count': 16}, 'ALT': {'allele': 'A', 'hp': 1, 'count': 10}}

chr19:46973832 --> {'REF': {'allele': 'T', 'hp': 2, 'count': 19}, 'ALT': {'allele': 'C', 'hp': 1, 'count': 18}}

chr19:50956577 --> {'REF': {'allele': 'A', 'hp': 1, 'count': 11}, 'ALT': {'allele': 'T', 'hp': 2, 'count': 9}}

chr19:52761842 --> {'REF': {'allele': 'A', 'hp': 1, 'count': 10}, 'ALT': {'allele': 'G', 'hp': 2, 'count': 9}}

chr19:54847103 --> {'REF': {'allele': 'G', 'hp': 2, 'count': 24}, 'ALT': {'allele': 'A', 'hp': 1, 'count': 16}}

chr19:55266127 --> {'REF': {'allele': 'G', 'hp': 1, 'count': 11}, 'ALT': {'allele': 'G', 'hp': 1, 'count': 11}}

chr19:55443807 --> {'REF': {'allele': 'G', 'hp': 1, 'count': 16}, 'ALT': {'allele': 'A', 'hp': 2, 'count': 10}}

chr19:57615327 --> {'REF': {'allele': 'C', 'hp': 1, 'count': 16}, 'ALT': {'allele': 'T', 'hp': 2, 'count': 14}}

chr19:59719766 --> {'REF': {'allele': 'T', 'hp': 2, 'count': 14}, 'ALT': {'allele': 'C', 'hp': 1, 'count': 11}}

chr19:60197074 --> {'REF': {'allele': 'C', 'hp': 1, 'count': 14}, 'ALT': {'allele': 'T', 'hp': 2, 'count': 10}}

chr19:60382891 --> {'REF': {'allele': 'A', 'hp': 2, 'count': 15}, 'ALT': {'allele': 'G', 'hp': 1, 'count': 12}}

chr21:12451748 --> {'REF': {'allele': 'G', 'hp': 1, 'count': 22}, 'ALT': {'allele': 'T', 'hp': 2, 'count': 20}}

chr21:13503825 --> {'REF': {'allele': 'T', 'hp': 2, 'count': 23}, 'ALT': {'allele': 'C', 'hp': 1, 'count': 13}}

chr21:14530241 --> {'REF': {'allele': 'T', 'hp': 2, 'count': 19}, 'ALT': {'allele': 'T', 'hp': 2, 'count': 19}}

chr21:14642711 --> {'REF': {'allele': 'T', 'hp': 1, 'count': 38}, 'ALT': {'allele': 'C', 'hp': 2, 'count': 28}}

chr21:14954529 --> {'REF': {'allele': 'G', 'hp': 2, 'count': 30}, 'ALT': {'allele': 'C', 'hp': 1, 'count': 26}}

chr21:15307116 --> {'REF': {'allele': 'T', 'hp': 1, 'count': 25}, 'ALT': {'allele': 'G', 'hp': 2, 'count': 24}}

chr21:15797349 --> {'REF': {'allele': 'C', 'hp': 2, 'count': 11}, 'ALT': {'allele': 'C', 'hp': 2, 'count': 11}}

chr21:16168242 --> {'REF': {'allele': 'G', 'hp': 2, 'count': 22}, 'ALT': {'allele': 'A', 'hp': 1, 'count': 21}}

chr21:16310299 --> {'REF': {'allele': 'A', 'hp': 2, 'count': 27}, 'ALT': {'allele': 'T', 'hp': 1, 'count': 16}}

chr21:16681184 --> {'REF': {'allele': 'G', 'hp': 2, 'count': 24}, 'ALT': {'allele': 'A', 'hp': 1, 'count': 23}}

chr21:17247365 --> {'REF': {'allele': 'C', 'hp': 1, 'count': 31}, 'ALT': {'allele': 'G', 'hp': 2, 'count': 30}}

chr21:18369396 --> {'REF': {'allele': 'C', 'hp': 2, 'count': 26}, 'ALT': {'allele': 'T', 'hp': 1, 'count': 25}}

chr21:18815542 --> {'REF': {'allele': 'C', 'hp': 1, 'count': 24}, 'ALT': {'allele': 'A', 'hp': 2, 'count': 19}}

chr21:18973117 --> {'REF': {'allele': 'C', 'hp': 1, 'count': 34}, 'ALT': {'allele': 'T', 'hp': 2, 'count': 24}}

chr21:19256648 --> {'REF': {'allele': 'T', 'hp': 1, 'count': 24}, 'ALT': {'allele': 'T', 'hp': 1, 'count': 24}}

chr21:19715947 --> {'REF': {'allele': 'T', 'hp': 2, 'count': 27}, 'ALT': {'allele': 'C', 'hp': 1, 'count': 19}}

chr21:21439383 --> {'REF': {'allele': 'G', 'hp': 2, 'count': 35}, 'ALT': {'allele': 'A', 'hp': 1, 'count': 30}}

chr21:21922081 --> {'REF': {'allele': 'C', 'hp': 2, 'count': 36}, 'ALT': {'allele': 'G', 'hp': 1, 'count': 25}}

chr21:22038860 --> {'REF': {'allele': 'A', 'hp': 2, 'count': 30}, 'ALT': {'allele': 'G', 'hp': 1, 'count': 23}}

chr21:22387736 --> {'REF': {'allele': 'C', 'hp': 1, 'count': 36}, 'ALT': {'allele': 'T', 'hp': 2, 'count': 26}}

chr21:23024332 --> {'REF': {'allele': 'T', 'hp': 1, 'count': 26}, 'ALT': {'allele': 'G', 'hp': 2, 'count': 25}}

chr21:24088866 --> {'REF': {'allele': 'C', 'hp': 1, 'count': 20}, 'ALT': {'allele': 'T', 'hp': 2, 'count': 13}}

chr21:24564660 --> {'REF': {'allele': 'T', 'hp': 2, 'count': 24}, 'ALT': {'allele': 'C', 'hp': 1, 'count': 20}}

chr21:27242479 --> {'REF': {'allele': 'C', 'hp': 2, 'count': 17}, 'ALT': {'allele': 'T', 'hp': 1, 'count': 13}}

chr21:28810291 --> {'REF': {'allele': 'G', 'hp': 1, 'count': 24}, 'ALT': {'allele': 'A', 'hp': 2, 'count': 18}}

chr21:29614452 --> {'REF': {'allele': 'C', 'hp': 2, 'count': 17}, 'ALT': {'allele': 'T', 'hp': 1, 'count': 16}}

chr21:30349038 --> {'REF': {'allele': 'C', 'hp': 2, 'count': 25}, 'ALT': {'allele': 'T', 'hp': 1, 'count': 14}}

chr21:30796494 --> {'REF': {'allele': 'A', 'hp': 2, 'count': 12}, 'ALT': {'allele': 'G', 'hp': 1, 'count': 10}}

chr21:31252545 --> {'REF': {'allele': 'T', 'hp': 1, 'count': 25}, 'ALT': {'allele': 'C', 'hp': 2, 'count': 18}}

chr21:32435600 --> {'REF': {'allele': 'A', 'hp': 2, 'count': 15}, 'ALT': {'allele': 'A', 'hp': 2, 'count': 15}}

chr21:33005381 --> {'REF': {'allele': 'A', 'hp': 2, 'count': 14}, 'ALT': {'allele': 'G', 'hp': 1, 'count': 11}}

chr21:36241765 --> {'REF': {'allele': 'A', 'hp': 2, 'count': 20}, 'ALT': {'allele': 'A', 'hp': 2, 'count': 20}}

chr21:36876113 --> {'REF': {'allele': 'A', 'hp': 2, 'count': 24}, 'ALT': {'allele': 'G', 'hp': 1, 'count': 16}}

chr21:37492074 --> {'REF': {'allele': 'A', 'hp': 1, 'count': 14}, 'ALT': {'allele': 'G', 'hp': 2, 'count': 10}}

chr21:38940144 --> {'REF': {'allele': 'T', 'hp': 2, 'count': 22}, 'ALT': {'allele': 'C', 'hp': 1, 'count': 19}}

chr21:39549513 --> {'REF': {'allele': 'G', 'hp': 2, 'count': 10}, 'ALT': {'allele': 'G', 'hp': 2, 'count': 10}}

chr21:39756352 --> {'REF': {'allele': 'C', 'hp': 2, 'count': 13}, 'ALT': {'allele': 'T', 'hp': 1, 'count': 9}}

chr21:40728907 --> {'REF': {'allele': 'A', 'hp': 1, 'count': 22}, 'ALT': {'allele': 'G', 'hp': 2, 'count': 12}}

chr21:40988188 --> {'REF': {'allele': 'T', 'hp': 1, 'count': 14}, 'ALT': {'allele': 'C', 'hp': 2, 'count': 13}}

chr21:41944881 --> {'REF': {'allele': 'T', 'hp': 2, 'count': 13}, 'ALT': {'allele': 'A', 'hp': 1, 'count': 12}}

chrX:2380763 --> {'REF': {'allele': 'G', 'hp': 1, 'count': 11}, 'ALT': {'allele': 'A', 'hp': 2, 'count': 9}}

chr15:14230528 --> {'REF': {'allele': 'G', 'hp': 2, 'count': 16}, 'ALT': {'allele': 'A', 'hp': 1, 'count': 14}}

chr15:17705327 --> {'REF': {'allele': 'C', 'hp': 1, 'count': 18}, 'ALT': {'allele': 'T', 'hp': 2, 'count': 17}}

chr15:20786977 --> {'REF': {'allele': 'C', 'hp': 1, 'count': 21}, 'ALT': {'allele': 'T', 'hp': 2, 'count': 20}}

chr15:21386249 --> {'REF': {'allele': 'T', 'hp': 1, 'count': 14}, 'ALT': {'allele': 'C', 'hp': 2, 'count': 12}}

chr15:21680510 --> {'REF': {'allele': 'C', 'hp': 2, 'count': 22}, 'ALT': {'allele': 'G', 'hp': 1, 'count': 20}}

chr15:22266792 --> {'REF': {'allele': 'G', 'hp': 2, 'count': 30}, 'ALT': {'allele': 'A', 'hp': 1, 'count': 21}}

chr15:23535061 --> {'REF': {'allele': 'A', 'hp': 2, 'count': 15}, 'ALT': {'allele': 'A', 'hp': 2, 'count': 15}}

chr15:23758731 --> {'REF': {'allele': 'G', 'hp': 2, 'count': 17}, 'ALT': {'allele': 'A', 'hp': 1, 'count': 12}}

chr15:24153393 --> {'REF': {'allele': 'G', 'hp': 2, 'count': 17}, 'ALT': {'allele': 'A', 'hp': 1, 'count': 15}}

chr15:24495915 --> {'REF': {'allele': 'C', 'hp': 1, 'count': 19}, 'ALT': {'allele': 'C', 'hp': 1, 'count': 19}}

chr15:24862374 --> {'REF': {'allele': 'T', 'hp': 1, 'count': 20}, 'ALT': {'allele': 'C', 'hp': 2, 'count': 18}}

chr15:27248356 --> {'REF': {'allele': 'C', 'hp': 1, 'count': 15}, 'ALT': {'allele': 'G', 'hp': 2, 'count': 9}}

chr15:27711599 --> {'REF': {'allele': 'G', 'hp': 2, 'count': 17}, 'ALT': {'allele': 'A', 'hp': 1, 'count': 15}}

chr15:28914910 --> {'REF': {'allele': 'G', 'hp': 2, 'count': 14}, 'ALT': {'allele': 'G', 'hp': 2, 'count': 14}}

chr15:31373173 --> {'REF': {'allele': 'C', 'hp': 1, 'count': 24}, 'ALT': {'allele': 'G', 'hp': 2, 'count': 15}}

chr15:32394421 --> {'REF': {'allele': 'G', 'hp': 1, 'count': 18}, 'ALT': {'allele': 'A', 'hp': 2, 'count': 10}}

chr15:32997810 --> {'REF': {'allele': 'T', 'hp': 1, 'count': 29}, 'ALT': {'allele': 'C', 'hp': 2, 'count': 27}}

chr15:33804831 --> {'REF': {'allele': 'T', 'hp': 2, 'count': 27}, 'ALT': {'allele': 'A', 'hp': 1, 'count': 18}}

chr15:34415880 --> {'REF': {'allele': 'T', 'hp': 2, 'count': 21}, 'ALT': {'allele': 'C', 'hp': 1, 'count': 13}}

chr15:34771874 --> {'REF': {'allele': 'G', 'hp': 1, 'count': 34}, 'ALT': {'allele': 'A', 'hp': 2, 'count': 16}}

chr15:35120170 --> {'REF': {'allele': 'A', 'hp': 2, 'count': 27}, 'ALT': {'allele': 'G', 'hp': 1, 'count': 10}}

chr15:35677443 --> {'REF': {'allele': 'A', 'hp': 1, 'count': 31}, 'ALT': {'allele': 'T', 'hp': 2, 'count': 21}}

chr15:35993986 --> {'REF': {'allele': 'C', 'hp': 2, 'count': 24}, 'ALT': {'allele': 'T', 'hp': 1, 'count': 16}}

chr15:36558104 --> {'REF': {'allele': 'T', 'hp': 2, 'count': 20}, 'ALT': {'allele': 'G', 'hp': 1, 'count': 16}}

chr15:37515972 --> {'REF': {'allele': 'G', 'hp': 2, 'count': 22}, 'ALT': {'allele': 'A', 'hp': 1, 'count': 18}}

chr15:38097189 --> {'REF': {'allele': 'G', 'hp': 1, 'count': 10}, 'ALT': {'allele': 'T', 'hp': 2, 'count': 9}}

chr15:38606024 --> {'REF': {'allele': 'T', 'hp': 1, 'count': 12}, 'ALT': {'allele': 'G', 'hp': 2, 'count': 11}}

chr15:39856608 --> {'REF': {'allele': 'A', 'hp': 2, 'count': 21}, 'ALT': {'allele': 'G', 'hp': 1, 'count': 12}}

chr15:41150001 --> {'REF': {'allele': 'A', 'hp': 2, 'count': 21}, 'ALT': {'allele': 'G', 'hp': 1, 'count': 17}}

chr15:42110340 --> {'REF': {'allele': 'G', 'hp': 2, 'count': 12}, 'ALT': {'allele': 'C', 'hp': 1, 'count': 10}}

chr15:42171586 --> {'REF': {'allele': 'G', 'hp': 1, 'count': 19}, 'ALT': {'allele': 'C', 'hp': 2, 'count': 12}}

chr15:42869987 --> {'REF': {'allele': 'T', 'hp': 2, 'count': 14}, 'ALT': {'allele': 'C', 'hp': 1, 'count': 12}}

chr15:43902265 --> {'REF': {'allele': 'C', 'hp': 2, 'count': 27}, 'ALT': {'allele': 'T', 'hp': 1, 'count': 21}}

chr15:44685783 --> {'REF': {'allele': 'C', 'hp': 2, 'count': 31}, 'ALT': {'allele': 'T', 'hp': 1, 'count': 30}}

chr15:45186464 --> {'REF': {'allele': 'G', 'hp': 1, 'count': 32}, 'ALT': {'allele': 'A', 'hp': 2, 'count': 26}}

chr15:45660923 --> {'REF': {'allele': 'A', 'hp': 2, 'count': 31}, 'ALT': {'allele': 'G', 'hp': 1, 'count': 25}}

chr15:46494842 --> {'REF': {'allele': 'C', 'hp': 1, 'count': 28}, 'ALT': {'allele': 'T', 'hp': 2, 'count': 22}}

chr15:46725626 --> {'REF': {'allele': 'A', 'hp': 1, 'count': 15}, 'ALT': {'allele': 'G', 'hp': 2, 'count': 13}}

chr15:46911264 --> {'REF': {'allele': 'T', 'hp': 1, 'count': 22}, 'ALT': {'allele': 'C', 'hp': 2, 'count': 17}}

chr15:49474989 --> {'REF': {'allele': 'C', 'hp': 1, 'count': 31}, 'ALT': {'allele': 'T', 'hp': 2, 'count': 27}}

chr15:50327918 --> {'REF': {'allele': 'T', 'hp': 2, 'count': 18}, 'ALT': {'allele': 'A', 'hp': 1, 'count': 9}}

chr15:50505316 --> {'REF': {'allele': 'G', 'hp': 2, 'count': 23}, 'ALT': {'allele': 'A', 'hp': 1, 'count': 14}}

chr15:50691288 --> {'REF': {'allele': 'T', 'hp': 1, 'count': 30}, 'ALT': {'allele': 'C', 'hp': 2, 'count': 21}}

chr15:51150197 --> {'REF': {'allele': 'G', 'hp': 1, 'count': 23}, 'ALT': {'allele': 'A', 'hp': 2, 'count': 21}}

chr15:51870059 --> {'REF': {'allele': 'T', 'hp': 1, 'count': 27}, 'ALT': {'allele': 'C', 'hp': 2, 'count': 26}}

chr15:52835324 --> {'REF': {'allele': 'G', 'hp': 2, 'count': 26}, 'ALT': {'allele': 'T', 'hp': 1, 'count': 15}}

chr15:53480157 --> {'REF': {'allele': 'T', 'hp': 1, 'count': 24}, 'ALT': {'allele': 'C', 'hp': 2, 'count': 21}}

chr15:56011082 --> {'REF': {'allele': 'T', 'hp': 1, 'count': 16}, 'ALT': {'allele': 'C', 'hp': 2, 'count': 13}}

chr15:56965836 --> {'REF': {'allele': 'A', 'hp': 1, 'count': 18}, 'ALT': {'allele': 'G', 'hp': 2, 'count': 14}}

chr15:57488965 --> {'REF': {'allele': 'A', 'hp': 2, 'count': 23}, 'ALT': {'allele': 'T', 'hp': 1, 'count': 18}}

chr15:58523338 --> {'REF': {'allele': 'A', 'hp': 2, 'count': 23}, 'ALT': {'allele': 'C', 'hp': 1, 'count': 20}}

chr15:58684321 --> {'REF': {'allele': 'C', 'hp': 1, 'count': 16}, 'ALT': {'allele': 'T', 'hp': 2, 'count': 15}}

chr15:59077078 --> {'REF': {'allele': 'T', 'hp': 1, 'count': 25}, 'ALT': {'allele': 'C', 'hp': 2, 'count': 24}}

chr15:59161633 --> {'REF': {'allele': 'A', 'hp': 1, 'count': 31}, 'ALT': {'allele': 'G', 'hp': 2, 'count': 21}}

chr15:59311567 --> {'REF': {'allele': 'G', 'hp': 2, 'count': 30}, 'ALT': {'allele': 'C', 'hp': 1, 'count': 23}}

chr15:59619623 --> {'REF': {'allele': 'G', 'hp': 2, 'count': 22}, 'ALT': {'allele': 'C', 'hp': 1, 'count': 18}}

chr15:61039742 --> {'REF': {'allele': 'A', 'hp': 2, 'count': 19}, 'ALT': {'allele': 'G', 'hp': 1, 'count': 15}}

chr15:61782626 --> {'REF': {'allele': 'T', 'hp': 1, 'count': 15}, 'ALT': {'allele': 'A', 'hp': 2, 'count': 12}}

chr15:62387212 --> {'REF': {'allele': 'C', 'hp': 1, 'count': 17}, 'ALT': {'allele': 'A', 'hp': 2, 'count': 11}}

chr15:63663666 --> {'REF': {'allele': 'C', 'hp': 1, 'count': 15}, 'ALT': {'allele': 'A', 'hp': 2, 'count': 12}}

chr15:64268807 --> {'REF': {'allele': 'A', 'hp': 1, 'count': 18}, 'ALT': {'allele': 'G', 'hp': 2, 'count': 11}}

chr15:64495756 --> {'REF': {'allele': 'A', 'hp': 1, 'count': 10}, 'ALT': {'allele': 'T', 'hp': 2, 'count': 9}}

chr15:64834268 --> {'REF': {'allele': 'T', 'hp': 2, 'count': 19}, 'ALT': {'allele': 'C', 'hp': 1, 'count': 14}}

chr15:64961746 --> {'REF': {'allele': 'C', 'hp': 1, 'count': 23}, 'ALT': {'allele': 'A', 'hp': 2, 'count': 12}}

chr15:65709953 --> {'REF': {'allele': 'G', 'hp': 2, 'count': 19}, 'ALT': {'allele': 'A', 'hp': 1, 'count': 9}}

chr15:66149558 --> {'REF': {'allele': 'C', 'hp': 1, 'count': 14}, 'ALT': {'allele': 'T', 'hp': 2, 'count': 9}}

chr15:66407990 --> {'REF': {'allele': 'A', 'hp': 2, 'count': 11}, 'ALT': {'allele': 'A', 'hp': 2, 'count': 11}}

chr15:66534032 --> {'REF': {'allele': 'A', 'hp': 1, 'count': 12}, 'ALT': {'allele': 'G', 'hp': 2, 'count': 11}}

chr15:66921671 --> {'REF': {'allele': 'C', 'hp': 1, 'count': 14}, 'ALT': {'allele': 'C', 'hp': 1, 'count': 14}}

chr15:67431229 --> {'REF': {'allele': 'A', 'hp': 2, 'count': 18}, 'ALT': {'allele': 'G', 'hp': 1, 'count': 10}}

chr15:67801818 --> {'REF': {'allele': 'T', 'hp': 1, 'count': 19}, 'ALT': {'allele': 'C', 'hp': 2, 'count': 14}}

chr15:68113721 --> {'REF': {'allele': 'C', 'hp': 1, 'count': 13}, 'ALT': {'allele': 'C', 'hp': 1, 'count': 13}}

chr15:68225657 --> {'REF': {'allele': 'G', 'hp': 1, 'count': 18}, 'ALT': {'allele': 'C', 'hp': 2, 'count': 13}}

chr15:69307856 --> {'REF': {'allele': 'T', 'hp': 1, 'count': 16}, 'ALT': {'allele': 'C', 'hp': 2, 'count': 13}}

chr15:69603121 --> {'REF': {'allele': 'A', 'hp': 1, 'count': 14}, 'ALT': {'allele': 'G', 'hp': 2, 'count': 9}}

chr15:70859614 --> {'REF': {'allele': 'T', 'hp': 1, 'count': 22}, 'ALT': {'allele': 'G', 'hp': 2, 'count': 20}}

chr15:74010251 --> {'REF': {'allele': 'A', 'hp': 1, 'count': 14}, 'ALT': {'allele': 'C', 'hp': 2, 'count': 9}}

chr15:74258686 --> {'REF': {'allele': 'T', 'hp': 1, 'count': 17}, 'ALT': {'allele': 'C', 'hp': 2, 'count': 10}}

chr15:76284450 --> {'REF': {'allele': 'G', 'hp': 2, 'count': 14}, 'ALT': {'allele': 'C', 'hp': 1, 'count': 10}}

chr15:77157533 --> {'REF': {'allele': 'T', 'hp': 1, 'count': 24}, 'ALT': {'allele': 'C', 'hp': 2, 'count': 21}}

chr15:77523552 --> {'REF': {'allele': 'A', 'hp': 2, 'count': 20}, 'ALT': {'allele': 'T', 'hp': 1, 'count': 17}}

chr15:78058566 --> {'REF': {'allele': 'A', 'hp': 2, 'count': 22}, 'ALT': {'allele': 'G', 'hp': 1, 'count': 12}}

chr15:78735919 --> {'REF': {'allele': 'T', 'hp': 1, 'count': 29}, 'ALT': {'allele': 'C', 'hp': 2, 'count': 12}}

chr15:79213795 --> {'REF': {'allele': 'G', 'hp': 1, 'count': 24}, 'ALT': {'allele': 'A', 'hp': 2, 'count': 16}}

chr15:79792200 --> {'REF': {'allele': 'G', 'hp': 1, 'count': 14}, 'ALT': {'allele': 'A', 'hp': 2, 'count': 10}}

chr15:81925605 --> {'REF': {'allele': 'C', 'hp': 1, 'count': 32}, 'ALT': {'allele': 'T', 'hp': 2, 'count': 20}}

chr15:82169056 --> {'REF': {'allele': 'C', 'hp': 1, 'count': 24}, 'ALT': {'allele': 'A', 'hp': 2, 'count': 17}}

chr15:82357106 --> {'REF': {'allele': 'G', 'hp': 2, 'count': 13}, 'ALT': {'allele': 'C', 'hp': 1, 'count': 11}}

chr15:83212913 --> {'REF': {'allele': 'T', 'hp': 1, 'count': 18}, 'ALT': {'allele': 'T', 'hp': 1, 'count': 18}}

chr15:83693411 --> {'REF': {'allele': 'C', 'hp': 1, 'count': 19}, 'ALT': {'allele': 'T', 'hp': 2, 'count': 16}}

chr15:84380179 --> {'REF': {'allele': 'C', 'hp': 2, 'count': 18}, 'ALT': {'allele': 'C', 'hp': 2, 'count': 18}}

chr15:85133390 --> {'REF': {'allele': 'A', 'hp': 2, 'count': 24}, 'ALT': {'allele': 'A', 'hp': 2, 'count': 24}}

chr15:85902629 --> {'REF': {'allele': 'A', 'hp': 1, 'count': 10}, 'ALT': {'allele': 'G', 'hp': 2, 'count': 9}}

chr15:86311832 --> {'REF': {'allele': 'G', 'hp': 1, 'count': 10}, 'ALT': {'allele': 'G', 'hp': 1, 'count': 10}}

chr15:86577269 --> {'REF': {'allele': 'C', 'hp': 2, 'count': 11}, 'ALT': {'allele': 'G', 'hp': 1, 'count': 10}}

chr15:86775601 --> {'REF': {'allele': 'T', 'hp': 2, 'count': 16}, 'ALT': {'allele': 'C', 'hp': 1, 'count': 12}}

chr15:86979071 --> {'REF': {'allele': 'T', 'hp': 1, 'count': 14}, 'ALT': {'allele': 'C', 'hp': 2, 'count': 11}}

chr15:89609964 --> {'REF': {'allele': 'T', 'hp': 2, 'count': 14}, 'ALT': {'allele': 'T', 'hp': 2, 'count': 14}}

chr15:90358682 --> {'REF': {'allele': 'G', 'hp': 1, 'count': 23}, 'ALT': {'allele': 'A', 'hp': 2, 'count': 13}}

chr15:90846277 --> {'REF': {'allele': 'A', 'hp': 1, 'count': 20}, 'ALT': {'allele': 'G', 'hp': 2, 'count': 12}}

chr15:91149829 --> {'REF': {'allele': 'C', 'hp': 2, 'count': 15}, 'ALT': {'allele': 'G', 'hp': 1, 'count': 12}}

chr15:91478062 --> {'REF': {'allele': 'C', 'hp': 1, 'count': 17}, 'ALT': {'allele': 'T', 'hp': 2, 'count': 15}}

chr15:92070751 --> {'REF': {'allele': 'A', 'hp': 2, 'count': 21}, 'ALT': {'allele': 'G', 'hp': 1, 'count': 18}}

chr15:93123377 --> {'REF': {'allele': 'A', 'hp': 2, 'count': 21}, 'ALT': {'allele': 'G', 'hp': 1, 'count': 16}}

chr15:93388534 --> {'REF': {'allele': 'G', 'hp': 2, 'count': 26}, 'ALT': {'allele': 'T', 'hp': 1, 'count': 21}}

chr15:93746994 --> {'REF': {'allele': 'A', 'hp': 1, 'count': 20}, 'ALT': {'allele': 'G', 'hp': 2, 'count': 19}}

chr15:95680698 --> {'REF': {'allele': 'C', 'hp': 2, 'count': 29}, 'ALT': {'allele': 'G', 'hp': 1, 'count': 25}}

chr15:95823577 --> {'REF': {'allele': 'C', 'hp': 1, 'count': 25}, 'ALT': {'allele': 'A', 'hp': 2, 'count': 23}}

chr15:96155514 --> {'REF': {'allele': 'G', 'hp': 1, 'count': 20}, 'ALT': {'allele': 'A', 'hp': 2, 'count': 18}}

chr15:96284616 --> {'REF': {'allele': 'A', 'hp': 1, 'count': 17}, 'ALT': {'allele': 'G', 'hp': 2, 'count': 12}}

chr15:97278868 --> {'REF': {'allele': 'A', 'hp': 1, 'count': 18}, 'ALT': {'allele': 'T', 'hp': 2, 'count': 15}}

chr15:97888425 --> {'REF': {'allele': 'A', 'hp': 2, 'count': 13}, 'ALT': {'allele': 'T', 'hp': 1, 'count': 12}}

chr15:98088347 --> {'REF': {'allele': 'C', 'hp': 2, 'count': 18}, 'ALT': {'allele': 'T', 'hp': 1, 'count': 13}}

chr15:98419041 --> {'REF': {'allele': 'T', 'hp': 1, 'count': 16}, 'ALT': {'allele': 'C', 'hp': 2, 'count': 14}}

chr15:98870958 --> {'REF': {'allele': 'G', 'hp': 2, 'count': 15}, 'ALT': {'allele': 'A', 'hp': 1, 'count': 11}}

chr15:99275547 --> {'REF': {'allele': 'A', 'hp': 2, 'count': 13}, 'ALT': {'allele': 'G', 'hp': 1, 'count': 10}}

Wrote 3204 sites to NA12879_LR_validated_dnmc.bed
Wrote 3204 sites to NA12879_dnm_plusminus20kb.bed
================ Final results summary =================
De novo candidate        : /N/project/mutation_rate_Mmulatta/OnlyOneParent/NA12879_phasedvcf/final_dnmc_NA12879-from-NA12877.tsv
Child sample             : NA12879
Parent sample            : NA12877
Min read depth           : 15
Max read depth           : 50
Genotype quality cutoff  : 30
Noise quantile           : 0.5
Mismatch diff threshold  : 0.1
Min base quality (LR)    : 20
Min mapping quality (LR) : 20
Window size (bp)         : 20000
Window size (kb)         : 20
Alt read count (LR)      : 8
------------------------------------------------
DNMC count               : 23
Number of snps qualified : 4223
Number of snps sampled   : 4231
Callable genome size     : 1824762268
Mutation rate            : 1.262826e-08
=========================================================

Pipeline finished.
